45.09,45.09,44.72,27.15,43.15
44.32,44.32,46.15,32.70,45.22
46.78,46.78,53.52,36.14,48.01
45.94,45.94,60.90,35.52,55.07
47.61,47.61,68.17,41.90,54.74
46.31,46.31,65.29,44.59,50.58
47.53,47.53,64.41,48.06,49.64
45.25,45.25,61.58,50.41,50.02
43.14,43.14,59.50,47.69,47.48
43.70,43.70,59.84,46.69,46.11
42.24,42.24,57.25,47.95,45.23
42.76,42.76,53.45,40.06,47.57
43.51,43.51,49.88,33.69,49.63
41.15,41.15,47.54,39.13,51.09
40.12,40.12,45.81,35.15,50.63
40.86,40.86,46.83,30.18,49.80
44.11,44.11,56.64,42.38,53.17
36.92,36.92,51.27,39.87,49.26
33.63,33.63,49.90,38.67,48.69
31.92,31.92,63.78,42.23,50.63
31.28,31.28,53.33,38.13,50.60
26.62,26.62,49.49,40.80,45.12
23.53,23.53,56.32,43.73,49.22
18.91,18.91,57.97,41.05,47.22
20.78,20.78,54.49,40.88,46.75
18.34,18.34,68.77,44.42,47.17
26.98,26.98,59.02,36.98,44.17
30.10,30.10,56.61,38.08,45.95
31.90,31.90,51.80,38.92,44.89
36.38,36.38,43.28,40.39,45.45
36.72,36.72,44.88,44.06,44.17
38.96,38.96,47.43,44.08,43.11
37.17,37.17,42.07,44.83,39.35
35.84,35.84,44.09,43.93,38.36
34.62,34.62,45.99,46.59,40.24
26.33,26.33,44.46,43.15,39.64
16.07,16.07,49.87,38.40,33.68
14.32,14.32,59.72,35.25,38.56
12.60,12.60,64.96,35.12,34.60
17.70,17.70,59.99,37.97,34.13
31.19,31.19,56.16,39.24,39.87
38.90,38.90,54.54,35.43,37.35
42.77,42.77,52.91,32.84,43.28
41.36,41.36,47.27,26.98,38.37
36.49,36.49,48.27,30.74,41.44
34.59,34.59,42.84,32.97,38.13
34.82,34.82,43.87,33.17,38.11
33.95,33.95,47.46,37.19,36.31
33.07,33.07,67.88,42.07,39.33
31.17,31.17,66.83,33.91,40.84
31.53,31.53,56.14,41.28,43.40
34.62,34.62,57.25,38.66,50.86
35.25,35.25,54.36,41.64,48.52
33.28,33.28,52.16,41.66,46.55
32.61,32.61,50.30,39.66,46.83
34.95,34.95,49.61,38.65,46.30
28.63,28.63,54.11,37.43,49.19
22.69,22.69,47.91,35.42,39.78
22.09,22.09,62.90,31.91,44.21
20.31,20.31,58.19,38.03,37.52
23.60,23.60,57.69,33.82,38.03
28.08,28.08,63.45,39.93,44.86
25.17,25.17,58.32,38.88,39.13
24.48,24.48,57.84,35.30,39.15
24.69,24.69,57.49,34.50,42.29
22.89,22.89,63.45,30.19,40.39
23.28,23.28,58.05,33.92,40.17
28.09,28.09,59.02,32.55,39.76
34.24,34.24,50.65,34.39,42.70
34.19,34.19,45.59,32.45,37.90
33.91,33.91,41.01,34.91,37.59
36.82,36.82,43.22,36.08,37.24
33.08,33.08,41.47,38.88,34.30
36.21,36.21,39.72,36.58,35.06
32.88,32.88,34.76,34.79,31.16
26.38,26.38,43.02,37.87,29.15
19.31,19.31,46.68,33.99,31.64
19.06,19.06,54.34,33.85,34.99
20.52,20.52,70.56,42.65,35.93
29.13,29.13,58.42,32.52,34.71
27.96,27.96,60.08,34.77,33.90
34.09,34.09,55.61,36.16,36.92
37.72,37.72,47.83,37.78,41.62
36.57,36.57,48.38,36.56,40.84
33.58,33.58,44.33,37.22,39.89
31.60,31.60,44.62,40.15,39.06
31.20,31.20,43.08,30.68,38.39
28.68,28.68,35.68,30.57,36.33
28.42,28.42,43.67,32.62,38.79
23.85,23.85,41.34,29.57,32.14
24.77,24.77,38.19,24.93,35.43
23.80,23.80,39.98,23.33,30.32
26.82,26.82,41.01,32.43,37.05
24.75,24.75,38.16,28.88,33.89
27.99,27.99,30.10,29.13,34.14
24.99,24.99,40.32,33.58,38.17
22.53,22.53,39.46,33.63,35.02
27.34,27.34,34.41,33.84,35.75
33.52,33.52,36.42,33.09,37.45
30.39,30.39,35.49,31.42,32.03
29.90,29.90,38.82,31.22,34.85
39.84,39.84,38.95,30.96,34.99
40.14,40.14,43.39,30.70,34.27
33.44,33.44,39.04,28.41,32.52
27.90,27.90,34.91,24.93,31.04
32.54,32.54,39.12,30.35,32.21
33.52,33.52,41.59,30.19,32.75
29.55,29.55,38.36,30.74,32.07
25.95,25.95,32.99,32.42,33.36
27.17,27.17,34.32,30.49,31.85
32.87,32.87,37.14,31.41,31.53
33.62,33.62,36.02,30.43,29.78
33.80,33.80,35.66,30.60,29.54
32.26,32.26,36.07,31.76,31.01
31.51,31.51,40.70,31.84,30.21
29.47,29.47,39.00,31.03,31.69
28.05,28.05,35.04,29.56,30.48
31.94,31.94,35.39,31.87,30.65
35.36,35.36,40.55,35.27,34.63
34.19,34.19,42.22,36.54,33.42
34.88,34.88,37.93,37.38,34.38
32.85,32.85,35.32,37.59,32.33
29.60,29.60,37.52,35.28,28.44
29.96,29.96,39.97,35.02,26.89
25.10,25.10,35.62,35.22,27.11
24.22,24.22,32.56,37.03,29.63
27.71,27.71,37.84,36.24,28.41
30.52,30.52,49.75,42.78,30.37
27.26,27.26,54.60,41.31,28.78
26.44,26.44,47.46,37.37,31.12
23.64,23.64,38.98,35.18,30.32
30.87,30.87,46.34,34.49,31.07
30.76,30.76,45.59,32.53,29.81
25.91,25.91,39.80,30.93,30.11
21.26,21.26,39.78,29.21,30.34
24.62,24.62,37.84,25.92,27.92
32.71,32.71,40.88,30.63,31.62
29.62,29.62,40.63,38.88,35.58
26.75,26.75,59.76,42.96,32.04
20.94,20.94,59.59,37.22,31.88
25.19,25.19,52.26,36.56,34.33
31.94,31.94,51.51,31.28,35.92
29.89,29.89,45.51,33.34,36.60
25.24,25.24,47.01,32.92,37.59
24.39,24.39,42.88,33.11,37.77
28.49,28.49,43.37,30.49,36.85
31.13,31.13,41.05,27.75,35.59
30.71,30.71,36.38,25.93,29.80
23.45,23.45,35.25,25.63,28.96
20.77,20.77,33.92,26.58,29.95
23.81,23.81,35.09,30.55,29.63
29.13,29.13,38.09,32.49,28.35
30.17,30.17,39.91,30.30,29.39
27.57,27.57,39.33,31.25,28.43
21.30,21.30,38.53,30.84,28.67
25.28,25.28,33.45,24.18,26.58
29.50,29.50,36.89,25.85,28.24
32.76,32.76,37.92,22.05,28.16
33.75,33.75,35.02,24.01,27.19
26.71,26.71,35.46,23.84,26.36
21.86,21.86,34.74,23.24,24.49
31.91,31.91,35.30,20.13,25.44
34.40,34.40,38.69,21.59,28.11
31.33,31.33,36.85,25.33,25.90
24.04,24.04,29.10,22.83,23.06
24.21,24.21,35.35,26.93,26.22
31.02,31.02,36.50,26.18,27.28
35.83,35.83,34.37,24.90,27.58
32.60,32.60,34.17,23.90,25.56
24.97,24.97,35.80,24.50,23.77
20.41,20.41,31.02,23.79,22.86
22.29,22.29,30.98,22.41,22.21
29.12,29.12,33.44,25.13,25.01
30.86,30.86,34.63,25.00,26.58
29.10,29.10,34.16,23.42,24.50
28.81,28.81,30.93,20.49,21.91
34.69,34.69,37.15,18.17,28.35
31.60,31.60,36.40,21.57,26.17
27.96,27.96,31.27,17.71,22.54
21.62,21.62,32.86,18.64,18.76
22.98,22.98,31.52,17.96,20.69
27.48,27.48,29.76,15.52,20.80
28.06,28.06,36.20,21.02,21.71
27.97,27.97,34.51,19.25,23.91
26.26,26.26,31.69,15.34,23.30
20.03,20.03,32.84,21.71,23.87
21.46,21.46,33.88,21.57,25.19
27.45,27.45,34.50,19.38,24.84
24.06,24.06,31.33,16.67,22.75
18.36,18.36,29.95,18.12,24.59
16.80,16.80,36.37,19.37,25.70
18.84,18.84,33.44,18.92,27.10
22.70,22.70,32.58,15.36,23.73
20.79,20.79,28.62,17.98,24.65
15.05,15.05,33.56,19.48,27.14
13.52,13.52,34.92,18.31,27.67
14.57,14.57,28.51,17.69,27.97
20.55,20.55,32.26,19.90,28.60
22.16,22.16,32.01,22.90,31.29
20.05,20.05,33.49,18.54,31.70
16.91,16.91,35.07,20.44,32.04
18.04,18.04,29.97,17.82,32.85
19.22,19.22,31.99,17.43,33.56
21.22,21.22,31.64,17.33,33.61
26.53,26.53,35.09,16.01,34.68
23.32,23.32,31.44,16.67,39.81
23.35,23.35,27.61,15.98,42.85
23.13,23.13,32.30,16.41,45.10
21.99,21.99,32.71,17.38,46.50
26.44,26.44,29.12,17.88,47.83
21.27,21.27,28.48,11.07,48.95
16.53,16.53,26.58,16.90,49.91
16.69,16.69,30.98,15.09,50.58
20.76,20.76,33.15,15.58,51.25
23.64,23.64,24.49,14.62,51.42
25.90,25.90,29.06,19.19,50.94
21.33,21.33,30.00,19.50,51.33
21.13,21.13,40.71,27.06,52.17
20.80,20.80,40.09,21.78,53.15
24.42,24.42,32.80,16.98,54.02
28.88,28.88,34.84,20.52,54.68
24.81,24.81,36.37,26.11,52.95
15.36,15.36,29.01,17.28,46.46
14.04,14.04,22.05,12.62,41.56
16.21,16.21,20.84,14.14,44.72
12.21,12.21,25.03,16.34,48.68
16.10,16.10,28.00,21.47,51.60
22.06,22.06,43.81,34.66,52.22
27.66,27.66,49.75,32.34,51.37
27.10,27.10,35.22,26.86,50.67
28.56,28.56,38.79,22.22,49.33
27.45,27.45,35.99,19.23,49.56
27.19,27.19,36.17,21.33,51.12
37.02,37.02,44.94,17.04,53.19
36.61,36.61,57.76,23.10,55.16
30.20,30.20,47.77,26.93,54.17
35.25,35.25,58.93,20.30,48.63
35.23,35.23,56.80,23.21,42.83
33.22,33.22,52.23,14.44,41.36
25.92,25.92,37.13,19.48,46.24
25.97,25.97,29.73,21.21,53.05
26.23,26.23,30.66,16.68,58.63
27.67,27.67,26.62,18.39,61.54
27.40,27.40,28.47,12.26,60.16
34.50,34.50,28.04,14.47,57.68
37.78,37.78,30.46,10.35,56.18
29.98,29.98,30.75,12.24,55.84
23.66,23.66,30.59,11.59,56.07
24.06,24.06,30.56,10.28,56.97
24.97,24.97,30.43,17.35,57.81
25.62,25.62,30.15,22.76,55.02
24.42,24.42,32.08,17.27,50.05
22.52,22.52,31.80,15.77,41.71
21.91,21.91,29.74,17.01,36.15
21.66,21.66,32.15,16.64,37.37
22.32,22.32,32.09,17.34,40.98
22.88,22.88,28.86,17.05,45.30
21.79,21.79,29.28,19.93,48.51
22.29,22.29,30.51,17.00,49.37
29.19,29.19,29.06,14.42,48.96
37.52,37.52,25.49,12.09,46.96
33.76,33.76,29.72,16.67,46.52
30.97,30.97,50.49,20.46,48.82
32.20,32.20,65.66,18.36,51.70
36.04,36.04,70.41,21.65,53.61
33.76,33.76,68.03,30.77,54.30
28.95,28.95,57.92,29.48,50.33
26.53,26.53,47.87,16.08,43.64
21.81,21.81,40.34,16.49,36.71
20.29,20.29,33.06,9.86,36.43
16.40,16.40,24.22,14.51,41.90
15.64,15.64,20.56,15.56,47.10
16.22,16.22,18.79,15.93,51.33
17.84,17.84,15.50,11.89,51.79
24.52,24.52,15.69,11.15,51.55
30.19,30.19,21.09,8.38,51.76
32.24,32.24,25.50,15.25,52.87
25.25,25.25,23.63,20.76,54.51
21.82,21.82,46.48,27.86,58.56
30.22,30.22,51.62,39.72,62.08
39.16,39.16,64.85,48.03,67.56
39.48,39.48,57.39,50.52,60.08
40.29,40.29,49.99,48.44,59.36
37.54,37.54,43.85,42.34,54.99
35.96,35.96,38.95,45.77,52.31
34.41,34.41,40.54,47.83,50.51
31.96,31.96,43.55,39.11,57.20
28.37,28.37,38.79,31.48,58.18
25.82,25.82,41.68,32.14,56.68
25.26,25.26,40.18,28.42,53.69
30.20,30.20,44.24,28.46,51.60
31.65,31.65,29.18,20.60,49.66
22.33,22.33,34.03,19.73,49.24
12.80,12.80,30.00,19.62,49.59
9.42,9.42,27.58,19.40,51.28
9.92,9.92,27.51,17.89,53.81
15.11,15.11,30.59,27.85,53.69
20.85,20.85,32.37,23.63,49.93
21.50,21.50,33.86,15.91,43.42
20.59,20.59,30.28,16.16,38.75
16.15,16.15,28.60,9.25,42.38
14.98,14.98,30.52,13.47,47.65
14.34,14.34,36.57,7.64,50.12
12.74,12.74,47.10,4.94,45.61
9.48,9.48,49.61,12.40,37.19
7.05,7.05,72.14,17.89,35.08
10.63,10.63,91.73,23.43,35.34
20.66,20.66,83.84,26.81,38.03
25.72,25.72,88.46,23.09,42.87
27.09,27.09,83.68,31.40,49.00
25.85,25.85,88.81,37.84,52.76
22.08,22.08,85.98,42.45,54.78
22.56,22.56,85.77,36.54,52.95
17.58,17.58,80.68,25.89,48.05
15.64,15.64,75.45,24.63,45.43
13.99,13.99,73.14,19.53,49.41
14.90,14.90,69.08,18.14,53.87
19.70,19.70,67.37,19.86,57.75
20.23,20.23,51.71,15.64,57.66
27.05,27.05,60.92,23.22,53.70
37.12,37.12,62.61,21.11,50.84
31.64,31.64,57.02,24.93,48.43
29.06,29.06,50.43,21.63,46.95
26.00,26.00,42.55,16.17,45.53
23.15,23.15,35.12,21.14,45.47
22.39,22.39,36.37,22.51,48.55
19.05,19.05,32.67,23.26,51.74
16.41,16.41,30.42,23.99,51.13
16.88,16.88,26.49,17.43,45.44
16.12,16.12,24.35,16.71,39.22
18.69,18.69,33.93,22.87,41.89
14.40,14.40,46.04,31.48,40.84
8.87,8.87,62.93,54.34,54.48
24.34,24.34,83.66,65.72,57.10
19.65,19.65,79.37,69.36,56.86
15.55,15.55,74.82,75.45,57.51
16.68,16.68,66.96,74.74,56.84
22.32,22.32,63.20,75.55,58.08
26.03,26.03,56.97,76.79,59.93
30.65,30.65,54.78,75.99,60.91
29.24,29.24,53.81,75.84,63.62
28.16,28.16,50.05,76.01,64.61
29.43,29.43,51.35,76.37,65.11
28.77,28.77,41.70,75.30,64.02
26.73,26.73,47.44,75.67,65.70
21.19,21.19,47.41,75.92,63.23
26.78,26.78,63.10,74.17,64.76
25.61,25.61,57.84,74.79,63.32
23.01,23.01,53.11,74.52,65.33
22.52,22.52,45.29,73.48,63.08
23.52,23.52,37.84,73.16,64.17
24.24,24.24,37.05,73.66,60.73
27.19,27.19,34.19,73.21,64.86
25.70,25.70,27.61,72.47,62.00
31.75,31.75,31.82,71.50,64.54
32.43,32.43,28.05,70.10,63.71
27.95,27.95,34.16,65.31,64.05
31.09,31.09,32.98,58.25,59.21
32.05,32.05,33.27,58.82,64.40
24.81,24.81,38.91,53.96,64.50
27.30,27.30,60.32,64.08,61.55
21.14,21.14,63.86,74.94,63.69
22.90,22.90,58.49,75.47,58.41
26.35,26.35,53.38,74.29,60.38
27.17,27.17,48.71,76.14,62.70
30.75,30.75,44.10,74.03,58.84
29.83,29.83,39.41,74.22,60.12
31.89,31.89,34.18,75.05,61.77
30.38,30.38,35.74,72.52,62.22
25.98,25.98,49.55,75.56,57.48
20.58,20.58,61.71,71.04,60.16
14.98,14.98,69.19,73.01,55.07
20.86,20.86,89.74,69.82,56.06
19.55,19.55,83.75,63.94,57.89
18.28,18.28,84.93,55.10,57.55
21.12,21.12,82.16,58.04,57.78
20.61,20.61,88.23,71.69,62.49
18.13,18.13,84.21,73.22,63.11
16.66,16.66,86.68,72.76,63.55
22.01,22.01,80.86,73.31,64.49
27.87,27.87,79.15,73.96,63.49
29.38,29.38,71.28,72.27,63.44
31.62,31.62,70.59,72.63,63.48
31.74,31.74,67.80,73.98,60.41
31.29,31.29,60.64,72.66,64.78
29.38,29.38,58.87,70.72,62.32
26.74,26.74,57.50,72.93,64.80
28.04,28.04,56.58,73.56,61.53
28.38,28.38,56.31,70.96,62.39
27.32,27.32,49.86,73.52,62.21
25.34,25.34,44.54,73.02,62.78
24.41,24.41,37.18,71.31,59.12
24.80,24.80,31.36,70.87,61.34
22.62,22.62,28.44,72.80,61.13
25.08,25.08,25.15,71.77,61.09
26.17,26.17,26.24,68.95,60.59
30.70,30.70,28.67,72.03,59.49
32.27,32.27,36.50,73.28,59.17
27.71,27.71,45.31,68.20,55.88
25.50,25.50,55.83,72.14,56.13
22.94,22.94,67.55,72.09,57.49
23.80,23.80,63.83,65.36,63.20
28.41,28.41,64.65,70.37,59.20
32.00,32.00,54.90,62.92,57.34
31.38,31.38,52.78,63.56,58.89
31.40,31.40,44.36,63.84,62.38
30.74,30.74,53.10,64.11,57.84
29.46,29.46,46.89,57.26,59.11
25.98,25.98,49.13,53.79,53.27
25.23,25.23,49.20,43.36,56.99
29.73,29.73,62.86,44.61,54.87
17.54,17.54,73.84,44.60,54.52
20.40,20.40,92.79,53.76,54.44
27.94,27.94,88.35,52.66,51.74
26.00,26.00,90.95,55.75,50.07
28.91,28.91,83.31,63.68,51.95
31.22,31.22,93.38,64.35,58.03
36.05,36.05,90.11,66.85,56.51
35.75,35.75,91.27,69.24,61.30
34.92,34.92,86.16,68.58,58.01
32.65,32.65,85.47,70.35,60.24
31.70,31.70,83.29,69.59,55.60
29.57,29.57,80.88,69.88,59.23
26.65,26.65,81.96,68.27,58.19
24.94,24.94,79.43,71.46,58.77
24.64,24.64,78.48,74.97,55.81
22.93,22.93,80.65,78.30,61.63
25.42,25.42,77.98,74.97,61.30
30.26,30.26,77.65,76.71,63.30
31.92,31.92,78.93,75.29,59.77
32.13,32.13,76.41,77.38,60.57
30.25,30.25,76.90,77.18,60.09
32.84,32.84,78.09,76.63,59.81
35.01,35.01,74.96,76.83,62.13
35.03,35.03,75.65,75.82,57.99
31.99,31.99,76.92,75.75,53.62
23.72,23.72,73.88,70.67,56.71
11.06,11.06,73.79,57.04,48.74
15.83,15.83,78.33,56.08,47.74
26.60,26.60,83.07,71.64,54.48
23.54,23.54,78.05,78.87,52.47
14.34,14.34,73.47,77.85,55.38
17.35,17.35,72.99,78.32,58.08
19.78,19.78,70.29,78.59,59.86
23.53,23.53,72.20,76.81,60.67
26.87,26.87,70.96,75.28,61.42
25.46,25.46,67.74,75.36,62.23
25.86,25.86,69.68,76.56,62.24
26.36,26.36,70.71,76.64,61.99
24.27,24.27,65.25,76.71,62.70
28.95,28.95,66.26,74.05,66.46
33.89,33.89,69.10,76.15,64.61
33.32,33.32,65.76,76.78,64.98
30.43,30.43,64.13,78.05,66.56
29.04,29.04,67.32,77.87,65.86
26.63,26.63,62.64,77.56,66.59
23.84,23.84,61.54,77.53,68.78
22.29,22.29,64.36,77.45,67.88
22.81,22.81,57.80,77.44,68.33
21.11,21.11,57.57,76.83,67.94
18.98,18.98,53.91,76.60,67.46
21.19,21.19,46.22,76.12,69.19
21.30,21.30,48.60,75.72,67.61
22.37,22.37,42.07,75.69,65.73
27.34,27.34,46.63,75.80,67.93
28.71,28.71,61.73,74.61,68.72
26.59,26.59,61.94,74.64,70.99
27.65,27.65,56.66,75.85,70.30
27.69,27.69,52.37,74.74,67.22
33.12,33.12,51.17,74.21,69.46
36.09,36.09,47.25,72.23,69.11
33.13,33.13,44.35,71.82,68.20
29.57,29.57,41.83,67.07,66.94
27.57,27.57,35.89,60.88,66.65
24.73,24.73,37.21,54.32,69.22
24.08,24.08,37.23,52.18,72.44
19.68,19.68,38.70,56.84,67.91
16.61,16.61,43.25,63.22,68.25
22.64,22.64,60.44,73.83,63.22
25.58,25.58,68.95,70.27,64.04
29.96,29.96,64.99,77.45,65.89
27.48,27.48,62.41,76.04,65.25
21.73,21.73,61.01,74.96,61.95
20.91,20.91,60.50,74.22,66.79
24.00,24.00,59.03,72.72,63.99
24.89,24.89,58.83,73.18,64.57
26.20,26.20,58.12,73.94,64.11
27.54,27.54,57.48,73.92,66.27
33.60,33.60,55.62,74.47,65.09
35.52,35.52,60.52,72.24,57.98
27.01,27.01,69.53,68.60,50.69
19.51,19.51,73.35,66.53,58.24
19.04,19.04,92.47,65.24,57.12
16.48,16.48,88.19,57.19,54.71
19.05,19.05,91.62,64.33,57.29
23.57,23.57,85.27,72.67,65.94
29.61,29.61,90.40,74.69,72.42
32.24,32.24,92.89,75.10,72.41
30.83,30.83,88.17,76.27,72.45
28.61,28.61,88.61,74.27,72.68
28.11,28.11,85.51,74.62,72.53
29.76,29.76,81.26,76.45,73.32
29.50,29.50,83.60,75.18,72.10
28.20,28.20,81.47,75.84,71.23
25.01,25.01,77.83,75.78,72.04
26.44,26.44,80.72,75.48,69.50
28.17,28.17,79.65,74.44,71.00
26.52,26.52,76.84,75.71,71.74
25.07,25.07,79.35,74.74,70.82
24.81,24.81,78.39,73.48,69.61
27.09,27.09,75.45,75.32,70.51
30.54,30.54,78.27,75.12,67.87
31.76,31.76,77.29,72.93,69.65
32.37,32.37,74.24,73.75,67.70
32.03,32.03,76.94,74.50,68.24
27.35,27.35,76.09,73.53,69.38
21.90,21.90,71.86,70.88,66.06
15.49,15.49,74.98,69.99,66.31
17.43,17.43,84.09,67.29,66.51
17.89,17.89,92.73,66.25,64.47
23.73,23.73,90.40,62.59,65.45
25.31,25.31,87.38,63.37,63.49
26.54,26.54,86.54,65.28,68.23
30.24,30.24,92.66,69.05,70.03
30.97,30.97,89.36,71.14,66.87
31.16,31.16,89.05,71.91,66.58
34.07,34.07,87.11,69.91,65.75
33.85,33.85,80.98,72.47,67.17
35.15,35.15,84.03,72.66,67.54
32.93,32.93,82.15,66.84,66.97
31.38,31.38,78.57,62.35,65.68
32.53,32.53,81.30,55.89,66.39
33.17,33.17,79.71,56.52,67.40
34.32,34.32,77.97,60.95,66.51
32.59,32.59,80.60,70.57,67.25
32.05,32.05,77.94,74.92,67.13
31.38,31.38,76.63,72.98,68.16
34.75,34.75,79.52,73.38,66.48
34.79,34.79,77.04,73.10,67.64
35.54,35.54,76.14,71.83,67.20
35.22,35.22,77.89,73.84,64.71
37.14,37.14,75.76,73.75,67.47
31.56,31.56,74.77,74.01,65.33
20.20,20.20,76.84,73.75,65.22
14.87,14.87,75.24,73.94,64.81
15.80,15.80,79.79,73.17,63.77
27.87,27.87,83.01,73.53,65.57
19.11,19.11,77.49,76.27,60.73
15.92,15.92,74.38,77.72,59.64
21.14,21.14,73.72,73.39,60.49
26.64,26.64,73.66,75.26,59.95
28.13,28.13,70.37,76.53,58.65
29.36,29.36,70.94,76.49,60.23
29.44,29.44,73.10,76.46,64.70
27.41,27.41,68.83,75.93,61.35
29.11,29.11,69.90,75.46,68.78
26.31,26.31,70.75,74.88,64.43
22.77,22.77,66.27,76.03,64.31
20.13,20.13,67.39,76.24,64.38
28.17,28.17,66.79,74.38,65.83
25.86,25.86,63.79,74.72,63.70
26.18,26.18,64.71,74.45,64.23
28.75,28.75,67.78,74.82,64.11
31.66,31.66,63.59,73.75,65.02
30.57,30.57,63.42,73.45,63.00
31.13,31.13,66.24,72.37,67.31
28.25,28.25,62.92,72.25,64.27
33.76,33.76,59.43,69.87,64.03
31.64,31.64,56.41,70.15,67.96
32.32,32.32,44.60,65.04,64.19
33.54,33.54,48.00,60.70,61.12
32.82,32.82,44.95,58.04,63.44
25.88,25.88,44.18,50.56,63.33
25.21,25.21,63.70,67.95,62.23
21.61,21.61,63.08,73.77,65.24
22.90,22.90,58.55,76.53,56.98
27.17,27.17,53.19,74.07,65.63
28.48,28.48,48.41,75.25,67.95
32.36,32.36,46.20,74.10,65.19
31.79,31.79,41.97,75.53,59.99
31.11,31.11,38.24,73.02,59.24
32.36,32.36,34.33,74.63,60.46
31.02,31.02,53.42,74.44,58.54
24.79,24.79,62.58,72.86,59.99
17.58,17.58,69.61,73.72,59.21
18.74,18.74,91.07,71.23,62.02
20.77,20.77,82.57,65.97,62.03
22.71,22.71,85.81,58.16,61.31
25.59,25.59,81.19,57.38,59.67
31.04,31.04,89.40,72.04,64.58
32.28,32.28,84.96,72.87,60.89
31.32,31.32,86.17,71.43,64.11
30.95,30.95,81.08,72.79,60.09
28.82,28.82,78.47,73.31,64.67
33.33,33.33,70.47,72.24,65.40
37.63,37.63,71.61,73.72,64.81
38.06,38.06,66.63,74.67,60.38
35.19,35.19,60.91,71.75,61.71
30.36,30.36,58.56,73.05,62.82
31.05,31.05,57.24,73.32,64.16
32.69,32.69,57.76,72.62,61.14
33.24,33.24,56.00,70.53,63.24
32.21,32.21,50.72,73.36,62.87
33.15,33.15,43.89,73.09,62.77
32.89,32.89,36.94,69.48,62.58
33.99,33.99,35.17,72.06,60.05
33.84,33.84,31.88,72.50,62.60
33.94,33.94,28.39,70.43,61.13
34.26,34.26,28.55,69.87,60.50
33.95,33.95,31.08,72.15,59.34
34.72,34.72,36.93,71.51,59.26
31.61,31.61,41.79,69.26,57.54
28.35,28.35,56.59,72.35,60.34
19.31,19.31,64.65,71.92,59.64
20.56,20.56,63.59,65.94,62.99
28.12,28.12,58.80,71.22,58.09
31.04,31.04,53.18,64.96,55.03
33.67,33.67,49.97,64.19,60.08
33.65,33.65,43.27,63.54,61.81
34.46,34.46,40.51,64.31,57.69
34.37,34.37,36.24,57.96,59.74
35.30,35.30,45.00,52.93,55.80
33.93,33.93,49.00,44.85,53.55
30.92,30.92,65.80,42.79,58.91
19.25,19.25,73.96,52.43,57.74
17.89,17.89,91.81,58.30,55.12
28.47,28.47,89.64,56.94,50.79
30.88,30.88,92.01,60.71,55.29
32.39,32.39,82.58,64.52,56.21
35.37,35.37,92.85,67.96,57.87
36.91,36.91,90.12,67.89,54.72
37.34,37.34,90.50,68.77,59.49
38.92,38.92,85.43,71.01,55.34
38.28,38.28,83.92,71.50,58.98
36.96,36.96,82.59,69.78,54.79
37.03,37.03,80.05,69.20,57.18
34.51,34.51,81.41,68.71,55.17
29.16,29.16,79.76,70.80,59.02
22.14,22.14,78.43,74.70,62.31
23.67,23.67,80.74,77.48,63.02
26.75,26.75,78.08,75.10,62.93
30.87,30.87,78.11,76.50,61.76
34.54,34.54,79.54,76.48,58.93
35.27,35.27,76.89,76.81,62.12
37.56,37.56,77.86,77.11,63.21
38.32,38.32,78.75,76.59,56.25
38.89,38.89,75.41,76.93,63.26
38.57,38.57,76.59,76.26,56.30
34.28,34.28,77.29,75.26,54.83
24.61,24.61,73.82,69.71,56.98
9.93,9.93,74.77,53.06,50.04
17.26,17.26,81.43,56.71,51.21
21.44,21.44,82.36,72.51,56.71
20.75,20.75,77.11,79.57,54.86
18.90,18.90,73.85,77.91,53.10
30.01,30.01,72.27,77.76,58.43
34.22,34.22,70.71,78.31,61.26
34.00,34.00,73.08,77.59,65.45
35.69,35.69,71.41,76.93,62.47
39.49,39.49,68.47,76.01,61.90
39.02,39.02,70.28,76.50,63.53
41.45,41.45,72.14,76.07,61.82
38.59,38.59,66.94,77.05,61.78
39.43,39.43,68.81,77.30,60.80
36.98,36.98,70.10,77.74,62.80
32.11,32.11,68.09,77.25,67.04
39.69,39.69,67.26,77.03,64.54
44.30,44.30,69.82,76.70,64.52
44.12,44.12,64.94,77.09,66.89
44.49,44.49,67.96,76.66,68.64
43.79,43.79,66.70,76.69,67.84
40.97,40.97,60.83,76.82,66.77
35.80,35.80,62.68,76.23,67.84
32.35,32.35,66.18,76.38,66.62
31.93,31.93,65.67,75.82,68.63
31.50,31.50,57.83,75.82,61.71
35.30,35.30,57.69,75.64,61.38
34.57,34.57,68.07,75.27,67.69
36.97,36.97,67.15,74.96,65.03
42.84,42.84,65.37,74.90,63.70
44.09,44.09,64.91,75.55,69.27
40.83,40.83,64.90,74.24,67.50
38.29,38.29,68.14,74.81,71.53
35.91,35.91,62.85,71.78,69.52
31.60,31.60,62.42,70.75,70.20
30.10,30.10,65.30,67.88,64.51
34.56,34.56,65.58,60.79,68.30
29.08,29.08,67.44,50.00,66.70
26.19,26.19,64.36,55.50,63.68
22.79,22.79,61.57,55.95,62.76
19.87,19.87,62.01,62.86,65.78
20.11,20.11,69.64,73.48,65.49
23.01,23.01,72.50,72.38,66.51
21.48,21.48,68.15,75.63,61.29
28.34,28.34,65.00,75.16,62.10
30.06,30.06,65.26,74.85,64.95
30.41,30.41,66.58,74.26,65.29
35.11,35.11,61.81,72.50,62.92
30.29,30.29,60.45,72.68,61.16
34.98,34.98,60.54,73.56,65.57
35.44,35.44,62.98,73.21,68.12
33.33,33.33,62.86,74.32,65.29
32.69,32.69,64.46,71.86,61.69
25.26,25.26,69.22,68.44,53.73
19.83,19.83,79.62,67.86,59.26
21.46,21.46,92.23,66.91,63.87
25.47,25.47,88.33,60.06,62.19
31.32,31.32,91.91,64.32,59.60
39.50,39.50,79.20,72.58,70.26
46.79,46.79,87.62,72.97,76.00
50.25,50.25,92.13,76.00,72.43
44.28,44.28,86.03,75.77,72.72
37.82,37.82,89.14,75.23,72.23
34.72,34.72,82.68,74.49,71.52
36.96,36.96,83.75,75.12,73.34
33.02,33.02,83.55,74.07,71.43
32.47,32.47,79.10,75.47,70.90
31.15,31.15,81.27,75.99,70.45
31.81,31.81,79.93,73.91,70.26
34.00,34.00,77.47,75.85,72.37
34.04,34.04,79.60,75.06,71.85
35.78,35.78,78.13,74.34,71.94
37.94,37.94,75.54,74.13,71.41
39.74,39.74,78.19,75.14,71.18
35.38,35.38,76.73,74.43,68.56
32.14,32.14,74.24,73.11,69.10
33.23,33.23,76.43,73.84,68.74
33.28,33.28,75.47,74.43,70.53
37.72,37.72,70.95,72.47,70.66
33.37,33.37,76.45,70.01,64.88
24.16,24.16,72.98,63.84,65.75
19.78,19.78,86.77,68.43,62.80
22.40,22.40,89.35,63.60,62.88
26.68,26.68,86.56,61.67,65.43
29.49,29.49,88.84,62.01,64.31
33.21,33.21,90.26,64.00,66.85
38.04,38.04,92.65,70.58,69.88
40.50,40.50,87.88,71.94,69.58
38.36,38.36,87.03,71.06,66.77
37.79,37.79,84.09,70.46,66.68
37.72,37.72,77.87,74.06,66.04
39.00,39.00,80.65,70.80,66.09
36.25,36.25,79.87,66.35,64.25
34.92,34.92,75.72,63.56,64.26
31.33,31.33,79.17,59.83,65.82
33.11,33.11,79.48,56.66,68.70
35.14,35.14,75.95,62.58,67.07
39.83,39.83,78.49,71.91,68.20
41.64,41.64,78.13,74.96,66.91
42.81,42.81,75.11,73.96,66.87
45.81,45.81,77.90,74.81,66.52
43.64,43.64,77.53,73.96,67.85
41.32,41.32,73.37,72.24,65.16
37.71,37.71,75.57,73.19,67.70
38.15,38.15,77.44,74.20,64.94
35.64,35.64,73.16,74.11,65.99
35.28,35.28,74.74,73.88,65.12
31.83,31.83,76.04,73.71,65.74
18.74,18.74,78.12,72.39,64.21
22.40,22.40,82.56,72.91,62.37
23.41,23.41,77.83,77.68,63.20
28.38,28.38,73.22,76.66,60.11
33.03,33.03,71.74,72.86,60.64
35.70,35.70,74.01,76.58,62.01
36.93,36.93,70.47,76.19,62.80
36.89,36.89,69.22,76.10,63.23
36.24,36.24,71.44,75.79,63.86
36.50,36.50,67.85,76.07,62.64
38.88,38.88,66.56,75.98,68.63
34.55,34.55,69.49,75.77,65.33
32.99,32.99,65.95,75.58,66.52
28.03,28.03,66.58,75.62,63.24
26.72,26.72,66.78,75.65,65.33
26.22,26.22,64.90,72.74,64.84
33.51,33.51,65.24,73.25,65.01
37.96,37.96,66.19,74.42,63.66
37.11,37.11,62.82,73.86,65.37
36.82,36.82,62.86,72.42,64.07
38.45,38.45,61.27,72.04,63.52
38.46,38.46,48.08,71.23,65.61
38.89,38.89,50.52,70.22,64.53
32.38,32.38,49.75,71.17,66.17
30.76,30.76,53.40,65.36,66.34
31.13,31.13,50.50,58.99,61.74
32.13,32.13,49.79,57.55,65.58
32.40,32.40,52.98,52.32,64.00
31.42,31.42,66.31,68.15,62.01
33.01,33.01,64.19,75.49,66.22
35.37,35.37,58.93,76.24,57.80
33.88,33.88,55.60,73.19,61.50
31.52,31.52,55.26,76.25,62.36
32.36,32.36,60.02,73.20,61.18
31.75,31.75,56.01,74.84,63.76
35.24,35.24,52.24,73.46,63.86
36.99,36.99,48.36,74.84,60.52
38.23,38.23,53.90,72.95,60.78
33.41,33.41,64.78,73.38,60.28
33.85,33.85,70.10,72.04,60.87
37.18,37.18,91.63,71.29,60.32
32.93,32.93,81.62,67.08,61.01
32.66,32.66,88.66,62.68,63.09
36.88,36.88,80.10,59.64,62.17
40.98,40.98,87.39,72.10,63.55
40.17,40.17,87.23,72.68,60.88
37.52,37.52,83.57,73.62,65.03
39.13,39.13,83.08,73.37,65.78
34.66,34.66,76.25,72.93,64.69
36.57,36.57,70.92,72.05,64.66
39.08,39.08,71.73,73.28,64.38
38.62,38.62,65.41,73.97,64.15
40.30,40.30,60.73,71.26,64.09
38.77,38.77,58.54,73.82,63.13
38.60,38.60,57.23,73.80,64.92
37.27,37.27,57.88,70.86,62.59
37.45,37.45,55.48,71.68,65.18
39.14,39.14,50.18,73.11,61.09
40.48,40.48,43.51,71.51,61.93
42.88,42.88,37.00,69.55,64.24
44.06,44.06,36.19,72.33,61.59
44.03,44.03,34.58,72.54,63.31
43.51,43.51,32.63,68.09,62.16
41.41,41.41,32.15,71.98,64.35
40.05,40.05,36.31,71.82,62.39
38.86,38.86,39.27,70.62,63.94
36.90,36.90,45.87,69.63,62.39
37.51,37.51,59.67,72.13,63.16
32.79,32.79,65.06,69.48,63.55
30.27,30.27,62.17,66.00,63.72
32.66,32.66,59.32,70.23,58.57
36.04,36.04,55.52,62.62,59.80
35.74,35.74,54.90,63.93,62.02
38.28,38.28,52.92,59.92,62.15
38.16,38.16,52.17,65.21,60.41
41.60,41.60,43.80,56.78,58.75
40.03,40.03,42.26,51.85,59.06
36.18,36.18,51.29,45.23,59.30
27.80,27.80,66.73,41.19,60.28
18.24,18.24,75.16,50.92,57.76
25.01,25.01,92.66,55.78,56.72
34.70,34.70,88.77,57.68,56.40
38.54,38.54,91.10,63.09,56.48
39.34,39.34,87.58,66.64,57.50
35.35,35.35,91.67,68.39,62.27
36.85,36.85,90.99,68.60,60.73
38.02,38.02,88.17,68.93,62.58
41.67,41.67,83.86,70.61,61.69
43.21,43.21,80.92,72.30,61.79
42.09,42.09,79.93,72.10,59.28
41.58,41.58,76.57,71.83,60.80
39.66,39.66,78.55,69.03,62.05
35.32,35.32,79.59,71.61,62.24
29.90,29.90,75.96,75.09,61.32
32.83,32.83,79.06,77.10,61.73
32.71,32.71,78.64,76.11,62.62
35.40,35.40,75.38,76.01,66.35
35.99,35.99,78.23,75.26,62.99
37.98,37.98,77.88,76.40,60.14
41.28,41.28,74.36,76.86,62.81
43.75,43.75,76.97,77.27,61.91
44.31,44.31,76.40,76.13,61.62
43.44,43.44,73.04,76.27,58.70
39.99,39.99,75.76,75.48,56.85
31.13,31.13,75.70,67.54,58.40
10.21,10.21,72.01,52.19,54.20
20.16,20.16,82.63,60.02,55.40
21.59,21.59,82.27,73.26,57.51
18.28,18.28,76.09,78.59,56.57
19.68,19.68,72.73,78.27,59.94
23.33,23.33,72.22,77.95,66.00
30.61,30.61,69.25,79.34,61.90
35.60,35.60,70.37,77.72,59.23
37.31,37.31,71.86,75.79,61.94
38.79,38.79,68.60,75.45,71.81
36.87,36.87,68.92,76.92,65.97
40.18,40.18,69.67,76.58,62.93
35.10,35.10,67.79,77.22,60.58
27.95,27.95,68.01,77.27,66.91
28.76,28.76,69.26,76.84,66.64
38.00,38.00,67.43,77.01,67.17
39.50,39.50,67.28,77.45,67.53
38.00,38.00,66.67,77.26,69.63
38.89,38.89,64.83,77.07,71.78
37.42,37.42,65.06,76.99,69.08
35.88,35.88,61.30,76.54,70.88
31.24,31.24,62.26,76.42,69.48
30.24,30.24,70.76,76.14,69.92
26.69,26.69,66.29,75.93,68.58
31.50,31.50,60.80,75.38,66.00
34.21,34.21,58.10,75.66,64.07
38.60,38.60,56.27,75.74,67.08
41.08,41.08,51.11,75.24,68.03
41.98,41.98,64.35,74.89,66.17
37.80,37.80,64.66,74.44,67.73
36.06,36.06,68.58,75.86,69.92
33.64,33.64,63.95,75.09,65.98
36.87,36.87,62.99,73.51,68.02
38.26,38.26,61.50,71.80,68.53
38.96,38.96,61.13,72.79,67.71
36.17,36.17,58.39,67.17,64.44
35.73,35.73,59.56,59.79,66.95
36.75,36.75,60.53,50.12,64.62
31.07,31.07,67.66,53.12,64.41
30.28,30.28,74.42,56.71,65.03
32.86,32.86,68.30,64.47,63.64
35.13,35.13,71.21,73.23,63.52
34.15,34.15,69.59,71.96,62.81
34.34,34.34,72.27,75.57,62.92
30.79,30.79,65.98,73.93,61.76
30.37,30.37,65.61,73.85,59.29
27.77,27.77,61.69,73.91,60.88
28.75,28.75,64.77,72.79,62.61
27.84,27.84,67.62,72.67,60.53
29.18,29.18,61.18,72.44,61.67
29.27,29.27,66.34,71.97,60.01
31.72,31.72,60.57,72.44,58.94
35.70,35.70,69.24,70.36,61.73
31.18,31.18,68.87,68.18,56.86
25.25,25.25,80.35,66.55,61.97
19.28,19.28,93.16,61.36,55.78
20.36,20.36,87.71,61.14,63.20
20.78,20.78,90.65,66.03,62.63
27.01,27.01,83.62,72.36,67.46
31.21,31.21,85.35,73.48,73.71
33.98,33.98,82.54,76.06,73.82
39.64,39.64,80.24,76.41,73.68
44.25,44.25,79.76,75.21,73.81
41.73,41.73,81.91,75.07,72.63
38.75,38.75,77.42,74.77,71.79
40.07,40.07,80.85,76.15,74.38
40.39,40.39,81.62,75.78,72.01
39.55,39.55,77.56,75.79,71.02
38.22,38.22,80.79,74.21,69.57
37.91,37.91,78.80,76.44,69.07
40.65,40.65,77.37,75.78,72.43
40.55,40.55,79.62,72.97,69.49
40.50,40.50,77.25,75.02,70.02
42.51,42.51,76.18,74.87,68.22
41.35,41.35,78.32,74.75,69.85
41.17,41.17,75.68,73.10,70.03
42.56,42.56,75.11,74.41,69.06
41.86,41.86,76.79,73.55,71.67
42.97,42.97,74.28,70.71,68.73
39.24,39.24,72.67,70.63,67.99
33.79,33.79,73.61,63.98,67.29
34.69,34.69,87.46,67.99,67.13
33.45,33.45,91.60,59.36,65.00
37.76,37.76,89.29,63.11,65.60
39.56,39.56,85.95,58.24,65.59
41.42,41.42,89.60,65.42,67.91
38.87,38.87,91.61,70.70,68.13
41.68,41.68,89.77,70.98,64.18
40.04,40.04,89.89,70.01,67.59
40.09,40.09,84.21,71.02,67.68
40.15,40.15,84.51,74.42,66.19
44.10,44.10,83.54,70.87,67.80
43.30,43.30,79.67,66.77,65.92
43.61,43.61,81.55,60.91,64.67
42.30,42.30,79.88,58.16,66.47
42.88,42.88,77.69,59.02,65.96
41.42,41.42,80.17,60.99,66.67
46.96,46.96,78.44,72.50,67.39
47.46,47.46,76.39,73.26,67.13
46.72,46.72,78.73,74.86,69.12
46.38,46.38,77.38,74.33,67.66
47.47,47.47,75.43,74.05,67.14
46.78,46.78,77.71,71.79,67.08
48.54,48.54,75.83,74.15,66.96
48.08,48.08,73.88,74.48,66.29
46.24,46.24,76.52,74.39,66.70
40.25,40.25,74.86,73.74,66.22
30.92,30.92,72.91,73.86,65.05
28.63,28.63,82.82,72.25,66.33
25.33,25.33,81.74,73.80,66.26
27.66,27.66,76.98,78.20,65.89
36.92,36.92,74.34,76.75,62.34
43.53,43.53,72.27,72.83,61.17
47.75,47.75,70.85,75.66,62.70
53.01,53.01,72.42,76.37,60.51
53.61,53.61,70.13,76.96,62.29
48.16,48.16,69.82,76.07,63.90
41.00,41.00,70.87,75.96,65.39
42.41,42.41,69.05,75.53,66.72
40.77,40.77,66.84,75.50,65.57
39.01,39.01,68.11,75.88,65.55
37.87,37.87,66.90,76.40,64.69
38.34,38.34,65.47,74.69,65.83
38.23,38.23,62.98,73.70,65.49
40.02,40.02,65.29,73.04,64.80
43.95,43.95,65.21,74.20,64.05
42.95,42.95,62.93,73.52,63.64
44.73,44.73,64.20,73.12,65.90
44.61,44.61,64.53,72.99,62.52
39.45,39.45,58.75,71.85,65.71
41.05,41.05,49.33,69.80,62.50
41.00,41.00,42.69,71.05,68.19
38.41,38.41,44.06,64.16,61.24
39.33,39.33,47.02,58.15,62.70
37.68,37.68,45.53,58.65,67.01
35.40,35.40,48.18,51.53,64.17
35.93,35.93,66.45,69.78,63.21
36.94,36.94,62.86,75.65,65.66
38.20,38.20,58.48,74.98,59.90
37.63,37.63,53.29,74.34,63.35
39.89,39.89,49.20,75.97,65.66
40.74,40.74,48.00,72.51,62.12
42.99,42.99,43.87,76.06,64.03
46.72,46.72,39.94,72.27,64.34
44.21,44.21,41.84,75.30,64.21
42.63,42.63,54.15,72.47,63.79
38.68,38.68,65.83,72.30,62.24
38.85,38.85,71.83,70.50,61.66
36.00,36.00,92.22,69.75,59.93
35.49,35.49,79.64,64.56,60.56
37.66,37.66,89.53,60.73,60.40
41.29,41.29,80.29,58.31,61.72
41.56,41.56,86.78,71.81,63.57
38.26,38.26,88.02,73.23,62.14
37.37,37.37,83.01,73.13,64.86
39.24,39.24,83.43,73.05,63.08
42.91,42.91,74.86,71.71,63.53
43.79,43.79,72.15,73.38,64.03
42.11,42.11,71.39,73.10,65.41
44.18,44.18,65.07,72.69,65.66
43.70,43.70,60.38,70.95,64.53
40.95,40.95,58.34,73.52,64.02
38.76,38.76,57.44,72.99,64.47
37.47,37.47,57.52,70.35,61.20
38.09,38.09,55.17,72.82,63.70
38.87,38.87,50.05,72.96,63.19
39.69,39.69,43.12,70.06,62.58
40.43,40.43,40.53,70.17,65.14
41.73,41.73,38.54,71.69,63.29
41.50,41.50,36.74,71.10,63.46
41.80,41.80,35.37,68.41,63.09
41.52,41.52,38.17,71.89,63.67
41.27,41.27,39.21,72.29,62.77
43.82,43.82,43.48,68.09,63.13
36.42,36.42,47.63,72.06,61.96
31.32,31.32,60.35,72.81,59.29
32.62,32.62,64.94,65.80,61.82
33.80,33.80,63.33,69.16,63.87
37.32,37.32,60.79,68.41,60.25
39.59,39.59,54.57,63.78,59.51
36.76,36.76,50.51,64.17,63.99
37.61,37.61,46.49,62.76,61.75
38.86,38.86,45.96,64.03,60.89
40.32,40.32,38.22,57.08,58.73
38.28,38.28,43.85,52.53,58.67
34.29,34.29,50.71,41.58,56.85
22.28,22.28,68.54,42.09,56.59
10.30,10.30,76.60,51.21,54.90
17.64,17.64,92.44,55.08,55.74
28.43,28.43,86.77,56.90,55.42
36.64,36.64,92.32,63.41,56.31
38.27,38.27,84.42,65.86,58.72
37.06,37.06,90.92,67.07,60.83
36.99,36.99,92.50,68.62,60.74
40.14,40.14,88.24,69.09,60.84
41.43,41.43,88.60,68.60,60.58
41.51,41.51,83.21,69.28,59.23
41.03,41.03,81.62,69.83,61.18
39.90,39.90,83.35,70.45,61.00
36.44,36.44,79.71,71.03,60.75
29.54,29.54,78.86,71.57,59.34
17.97,17.97,80.88,77.20,63.02
21.72,21.72,78.23,76.92,63.53
31.88,31.88,78.20,76.02,62.45
37.27,37.27,79.35,76.03,61.56
36.52,36.52,76.67,76.30,61.86
37.48,37.48,77.11,77.54,58.04
39.99,39.99,78.55,76.48,62.17
41.16,41.16,75.48,76.94,60.78
42.26,42.26,75.89,76.24,59.96
44.03,44.03,77.28,76.14,59.25
43.18,43.18,74.71,75.81,57.94
39.74,39.74,73.95,66.58,56.32
26.66,26.66,76.03,52.86,51.04
29.30,29.30,80.51,60.57,53.70
47.14,47.14,81.40,73.22,56.70
54.82,54.82,76.83,70.66,57.42
58.38,58.38,72.98,77.77,60.59
61.29,61.29,71.40,75.75,61.01
61.78,61.78,72.94,75.84,62.73
62.39,62.39,71.94,75.63,63.36
63.05,63.05,69.30,75.70,60.80
61.98,61.98,69.72,74.99,63.62
62.40,62.40,69.80,74.22,66.83
60.79,60.79,67.18,76.37,63.84
68.54,68.54,69.59,75.75,62.41
75.16,75.16,69.58,74.88,63.57
75.50,75.50,67.42,73.56,65.68
70.95,70.95,67.22,72.90,66.21
72.19,72.19,68.36,73.92,65.51
77.67,77.67,66.02,73.40,66.22
78.62,78.62,64.74,73.96,65.79
79.32,79.32,65.86,74.53,64.60
79.14,79.14,62.90,75.05,64.58
78.78,78.78,57.39,75.27,64.16
77.98,77.98,63.19,75.50,63.47
78.40,78.40,56.86,75.40,65.87
78.61,78.61,48.39,74.95,65.20
78.09,78.09,48.50,74.73,64.23
78.33,78.33,48.02,75.08,65.92
78.43,78.43,49.58,74.79,63.78
78.37,78.37,64.31,75.80,62.50
77.70,77.70,62.18,76.27,61.54
77.71,77.71,56.92,76.27,63.06
77.69,77.69,50.47,72.16,64.46
76.63,76.63,46.21,75.10,66.57
77.32,77.32,42.66,75.23,63.72
76.81,76.81,36.97,75.35,64.88
77.57,77.57,36.28,74.40,60.89
77.47,77.47,36.12,74.52,60.93
77.51,77.51,33.29,75.06,65.29
77.70,77.70,40.86,76.57,63.48
77.56,77.56,48.70,74.65,62.97
76.87,76.87,58.65,69.64,63.65
74.54,74.54,68.53,73.33,61.45
69.41,69.41,66.65,64.24,65.20
53.35,53.35,62.49,72.26,62.46
55.25,55.25,61.27,76.26,66.32
59.35,59.35,58.33,73.48,64.41
60.57,60.57,57.65,76.06,64.33
56.37,56.37,56.48,73.45,64.23
59.90,59.90,55.82,75.08,64.92
57.23,57.23,54.89,73.68,64.13
59.81,59.81,52.86,74.06,65.22
58.36,58.36,52.17,74.54,62.02
57.11,57.11,57.81,72.75,63.89
53.03,53.03,67.23,67.45,63.23
44.52,44.52,78.38,66.35,60.51
42.01,42.01,92.78,65.34,63.15
40.38,40.38,90.36,65.32,69.28
33.81,33.81,89.74,66.40,68.70
36.77,36.77,85.58,71.32,70.55
44.38,44.38,84.38,71.31,75.24
42.84,42.84,81.41,73.69,72.54
44.86,44.86,82.08,70.92,72.11
59.22,59.22,80.42,73.08,74.95
59.26,59.26,82.20,71.19,69.32
58.27,58.27,77.92,69.13,73.61
57.20,57.20,81.47,72.90,80.24
54.22,54.22,80.57,74.35,78.77
53.73,53.73,78.45,69.46,73.77
54.35,54.35,80.61,71.13,73.83
53.09,53.09,77.50,71.91,78.87
52.71,52.71,78.68,71.04,81.28
51.53,51.53,79.44,69.53,82.55
47.69,47.69,75.88,72.99,77.55
48.31,48.31,77.70,71.50,77.83
43.85,43.85,78.23,67.92,80.79
45.02,45.02,74.47,71.16,80.24
42.28,42.28,76.28,71.90,82.24
49.08,49.08,76.79,69.07,82.58
51.87,51.87,73.97,72.16,79.76
49.83,49.83,74.81,70.71,75.44
39.70,39.70,73.49,65.07,73.95
28.89,28.89,88.48,65.89,74.60
36.98,36.98,92.31,62.99,76.25
40.94,40.94,91.28,61.27,77.18
41.65,41.65,84.12,64.79,75.95
42.53,42.53,91.93,61.82,72.77
46.32,46.32,89.62,66.08,78.03
48.65,48.65,83.50,65.04,79.02
46.57,46.57,80.16,63.99,75.67
45.01,45.01,75.62,69.13,78.25
43.93,43.93,76.22,66.83,80.43
44.69,44.69,77.75,61.94,77.58
43.16,43.16,78.70,65.10,70.05
41.29,41.29,77.32,56.30,74.72
44.96,44.96,79.54,60.29,74.34
42.17,42.17,79.63,66.06,69.62
40.36,40.36,76.60,75.45,66.88
45.02,45.02,79.06,79.79,69.93
50.45,50.45,79.33,80.39,69.89
50.78,50.78,75.99,79.99,71.17
48.18,48.18,78.56,79.82,70.71
48.80,48.80,78.25,79.66,69.46
50.12,50.12,74.40,78.66,67.19
51.81,51.81,77.05,78.56,65.16
52.42,52.42,77.02,78.56,63.83
49.28,49.28,73.41,78.24,64.43
46.92,46.92,76.28,76.87,63.04
37.38,37.38,75.88,73.30,63.93
34.63,34.63,80.55,69.86,66.64
27.65,27.65,82.61,69.70,65.55
26.93,26.93,78.21,74.82,63.59
38.90,38.90,72.13,75.53,61.59
45.16,45.16,73.60,74.06,59.91
45.88,45.88,74.29,76.15,61.16
43.54,43.54,70.37,76.59,60.00
44.66,44.66,70.51,76.24,62.62
42.45,42.45,71.22,75.75,65.94
40.45,40.45,68.86,76.14,65.07
41.29,41.29,68.75,76.15,65.16
38.60,38.60,69.36,75.72,66.33
35.75,35.75,67.47,75.85,66.17
35.12,35.12,67.93,76.25,66.00
35.33,35.33,67.42,74.50,65.48
33.61,33.61,68.19,73.46,65.57
33.43,33.43,66.37,74.30,65.50
35.60,35.60,66.52,75.10,64.54
37.92,37.92,64.10,74.31,63.20
40.43,40.43,63.24,72.51,64.83
37.90,37.90,63.96,72.78,63.24
38.00,38.00,61.88,72.21,64.84
39.43,39.43,54.86,70.18,64.81
41.10,41.10,42.01,68.50,65.25
41.11,41.11,42.28,64.54,62.22
38.12,38.12,48.62,57.37,61.66
35.26,35.26,48.04,58.58,66.18
34.27,34.27,52.40,52.14,63.05
38.80,38.80,66.21,70.21,63.73
39.98,39.98,62.01,76.44,62.90
35.86,35.86,56.54,74.06,61.31
38.45,38.45,52.27,75.92,61.46
38.18,38.18,47.46,73.57,62.50
39.31,39.31,44.49,75.01,60.60
40.57,40.57,40.78,74.46,62.35
41.60,41.60,36.29,72.93,63.38
41.66,41.66,42.45,75.54,62.13
37.41,37.41,52.31,71.43,61.73
29.88,29.88,67.06,73.70,61.76
26.81,26.81,75.30,70.29,59.45
29.82,29.82,91.89,69.44,58.79
28.91,28.91,78.37,62.71,60.94
30.25,30.25,89.00,61.09,60.87
36.64,36.64,82.20,61.36,59.71
35.93,35.93,85.77,71.65,65.32
34.97,34.97,88.17,72.72,62.13
32.37,32.37,82.75,72.75,63.47
32.46,32.46,82.87,73.05,63.81
35.60,35.60,73.41,71.60,65.09
34.85,34.85,73.14,74.10,64.43
34.33,34.33,69.98,74.18,62.06
34.73,34.73,66.00,71.76,64.03
34.65,34.65,59.62,73.53,62.35
33.80,33.80,57.97,73.64,64.08
33.16,33.16,57.30,72.19,63.45
32.17,32.17,58.49,71.00,62.41
33.18,33.18,55.56,72.84,63.49
34.54,34.54,50.58,72.77,63.38
35.69,35.69,43.06,69.53,62.61
36.63,36.63,36.95,72.69,63.94
37.74,37.74,33.69,72.78,62.90
40.53,40.53,32.31,69.42,63.31
41.19,41.19,33.50,70.79,62.52
36.54,36.54,42.28,71.96,62.28
24.12,24.12,51.20,70.51,61.54
13.78,13.78,57.39,68.27,60.45
8.07,8.07,67.69,72.59,62.76
15.66,15.66,63.14,72.55,58.00
21.35,21.35,64.64,66.72,62.81
24.64,24.64,61.08,70.09,62.81
26.58,26.58,56.35,69.21,60.85
29.66,29.66,52.35,65.73,59.29
29.45,29.45,47.52,63.19,62.86
31.67,31.67,43.98,63.59,61.13
34.49,34.49,44.44,62.88,60.26
33.88,33.88,41.48,55.19,57.26
33.40,33.40,46.06,51.11,59.96
29.26,29.26,53.53,41.59,55.82
18.70,18.70,70.00,48.05,56.93
17.58,17.58,79.14,54.78,53.96
30.50,30.50,93.40,54.28,54.76
28.94,28.94,88.20,60.29,56.16
28.10,28.10,91.60,68.25,56.94
30.32,30.32,83.53,66.37,57.12
34.31,34.31,90.34,66.80,61.11
35.23,35.23,92.30,68.88,60.50
39.06,39.06,88.26,68.67,60.13
41.59,41.59,88.68,68.59,60.99
40.58,40.58,81.45,69.93,58.80
40.94,40.94,83.54,70.01,60.18
39.94,39.94,83.20,70.68,59.07
38.58,38.58,78.13,70.34,61.79
32.47,32.47,80.64,71.00,58.44
25.44,25.44,80.63,77.85,62.41
25.23,25.23,77.01,77.21,64.19
29.32,29.32,79.42,74.83,63.34
32.77,32.77,79.13,77.15,59.82
36.06,36.06,75.67,75.87,62.38
37.69,37.69,78.44,77.17,59.61
39.29,39.29,78.30,76.83,61.09
41.57,41.57,74.47,76.85,59.55
42.41,42.41,77.04,76.95,58.94
41.51,41.51,77.03,75.60,58.01
37.74,37.74,73.61,75.26,56.68
30.44,30.44,74.80,64.60,57.92
11.63,11.63,75.96,52.64,45.64
21.56,21.56,79.54,63.43,51.61
22.35,22.35,81.17,74.52,58.28
20.74,20.74,76.87,77.99,58.53
34.85,34.85,71.39,77.72,58.71
35.75,35.75,72.55,78.83,61.29
38.35,38.35,72.57,77.78,60.23
39.14,39.14,70.28,76.38,61.76
38.59,38.59,69.89,74.87,60.77
38.67,38.67,69.90,75.40,62.43
38.94,38.94,70.14,76.45,62.61
38.30,38.30,67.87,76.79,62.65
37.19,37.19,68.54,76.58,63.70
37.60,37.60,67.78,76.24,63.34
35.68,35.68,66.88,76.22,62.56
37.49,37.49,67.16,77.02,63.75
39.07,39.07,68.08,77.32,65.00
38.01,38.01,65.16,77.41,64.28
35.69,35.69,65.10,77.14,66.41
35.70,35.70,65.76,77.19,68.38
33.48,33.48,61.95,77.11,69.24
34.91,34.91,61.08,76.98,68.61
32.86,32.86,61.82,76.84,68.23
32.97,32.97,51.64,76.65,67.13
33.03,33.03,52.96,76.16,66.02
31.43,31.43,48.36,75.78,64.57
34.02,34.02,48.65,75.60,64.58
39.43,39.43,52.66,75.73,68.14
49.43,49.43,63.77,74.63,67.98
57.16,57.16,59.83,74.42,65.34
62.30,62.30,55.70,75.33,69.91
64.18,64.18,52.39,74.73,67.55
63.12,63.12,50.65,73.71,66.36
57.21,57.21,47.82,71.31,67.26
47.23,47.23,42.17,71.01,68.83
30.82,30.82,38.51,65.51,67.23
30.56,30.56,37.15,58.34,69.98
27.49,27.49,36.12,49.86,66.57
28.17,28.17,39.38,57.06,68.10
25.38,25.38,41.03,57.81,68.49
22.94,22.94,48.16,68.14,67.32
23.88,23.88,67.25,70.55,65.60
25.66,25.66,67.20,73.35,67.34
27.10,27.10,64.35,77.10,65.28
25.79,25.79,61.80,75.62,63.88
27.55,27.55,60.91,75.36,61.66
26.46,26.46,60.80,74.91,64.17
28.77,28.77,58.27,73.81,65.21
25.85,25.85,59.04,74.36,63.00
27.81,27.81,58.07,73.39,64.21
30.34,30.34,56.27,73.11,63.54
30.88,30.88,56.22,72.81,63.85
26.07,26.07,62.51,70.03,59.82
22.11,22.11,69.91,67.87,54.38
26.25,26.25,82.96,68.25,60.34
25.17,25.17,91.23,59.77,56.72
24.30,24.30,89.36,59.50,56.64
23.27,23.27,89.95,69.31,62.89
24.84,24.84,85.29,72.51,69.95
34.35,34.35,92.48,75.64,72.43
34.33,34.33,89.25,75.30,72.00
36.31,36.31,90.01,76.00,73.06
36.66,36.66,87.19,73.83,72.66
36.18,36.18,82.04,74.91,71.21
36.01,36.01,84.27,74.86,71.11
32.87,32.87,81.58,76.52,71.21
30.58,30.58,78.65,75.32,70.71
26.28,26.28,81.02,75.00,70.10
25.72,25.72,78.53,75.97,69.03
27.95,27.95,78.32,76.35,72.46
31.63,31.63,79.93,73.91,71.67
34.99,34.99,77.18,74.94,70.09
35.25,35.25,76.95,75.06,71.63
35.82,35.82,78.77,74.57,70.71
37.06,37.06,76.27,72.60,70.84
37.33,37.33,75.76,75.19,69.67
41.57,41.57,77.46,74.77,69.44
40.66,40.66,75.38,72.12,69.61
39.11,39.11,73.84,73.12,68.80
32.37,32.37,74.01,70.23,66.86
27.58,27.58,76.25,66.84,66.00
23.38,23.38,89.85,69.31,65.81
21.37,21.37,92.67,61.67,62.70
25.31,25.31,90.08,62.01,64.05
29.66,29.66,83.62,62.19,63.24
36.75,36.75,91.40,69.29,66.94
41.57,41.57,89.66,70.81,67.09
40.91,40.91,91.30,70.02,66.80
41.35,41.35,87.60,69.87,64.66
41.68,41.68,84.23,72.93,66.68
41.86,41.86,83.92,72.83,65.54
43.99,43.99,81.22,69.64,65.80
44.09,44.09,81.52,67.62,64.08
44.03,44.03,81.40,55.93,64.69
41.73,41.73,78.20,57.44,66.62
38.13,38.13,80.15,58.27,65.79
33.93,33.93,80.70,63.38,64.86
37.41,37.41,76.63,73.86,66.82
38.82,38.82,78.60,72.83,67.20
37.74,37.74,79.47,74.53,67.03
37.60,37.60,75.89,73.87,67.04
41.12,41.12,78.29,72.38,67.04
42.82,42.82,78.07,72.01,66.40
44.89,44.89,74.19,74.60,65.75
41.23,41.23,77.03,75.07,67.15
35.15,35.15,76.53,74.48,66.85
26.15,26.15,74.11,74.40,67.09
17.45,17.45,74.93,74.09,65.39
16.95,16.95,83.29,72.09,66.46
20.64,20.64,80.87,72.30,65.52
21.39,21.39,76.39,77.74,64.11
20.50,20.50,74.81,74.81,62.36
31.15,31.15,71.82,74.73,59.16
32.30,32.30,72.08,75.67,62.47
32.00,32.00,73.22,76.24,61.04
34.08,34.08,69.12,76.54,62.91
34.97,34.97,72.21,76.19,64.07
34.12,34.12,71.07,76.05,67.24
35.53,35.53,69.25,75.05,65.88
33.65,33.65,67.71,75.30,64.49
29.20,29.20,68.80,76.21,66.29
28.30,28.30,66.71,76.03,66.08
29.20,29.20,65.57,73.80,64.95
29.52,29.52,64.29,72.88,67.21
30.07,30.07,67.12,74.19,64.43
33.87,33.87,64.26,74.92,65.86
35.31,35.31,64.66,73.51,62.24
37.77,37.77,65.74,72.23,64.17
35.73,35.73,62.91,72.82,64.11
37.97,37.97,62.56,71.56,65.12
40.72,40.72,61.72,68.29,65.41
40.65,40.65,51.83,69.12,65.91
40.81,40.81,45.54,64.44,62.06
36.37,36.37,48.58,57.09,62.87
29.61,29.61,48.60,59.64,67.12
24.82,24.82,53.17,50.03,63.78
28.09,28.09,65.80,71.37,64.20
31.61,31.61,61.97,76.92,62.45
32.70,32.70,56.65,73.82,61.15
34.42,34.42,52.28,75.49,62.75
33.95,33.95,46.99,73.83,64.41
35.90,35.90,44.40,75.32,61.20
38.13,38.13,41.24,73.12,63.79
39.45,39.45,38.78,75.13,63.17
38.86,38.86,40.55,74.09,61.49
34.19,34.19,54.20,72.95,61.92
26.55,26.55,65.75,72.79,60.96
20.96,20.96,76.38,71.40,61.02
19.68,19.68,91.59,70.59,59.87
22.17,22.17,78.20,62.70,62.11
26.37,26.37,88.83,60.79,60.55
30.98,30.98,82.56,62.92,64.65
30.90,30.90,85.65,72.75,64.55
31.62,31.62,87.92,72.68,63.60
31.08,31.08,82.89,72.58,62.37
31.71,31.71,82.38,72.49,64.98
32.58,32.58,73.34,72.01,65.42
32.87,32.87,73.17,74.00,65.06
32.51,32.51,68.52,73.25,61.68
30.73,30.73,66.68,71.71,64.58
30.76,30.76,59.71,73.94,62.90
28.92,28.92,57.62,74.23,62.50
29.58,29.58,57.71,71.07,63.02
31.96,31.96,58.28,72.60,61.67
34.38,34.38,54.12,72.85,64.44
35.03,35.03,49.88,72.01,64.65
36.93,36.93,41.22,70.12,63.66
37.99,37.99,35.57,72.91,63.34
38.23,38.23,33.81,71.96,63.38
39.54,39.54,31.87,69.00,61.90
41.14,41.14,29.63,72.17,61.41
37.82,37.82,33.70,72.27,60.22
30.05,30.05,45.87,69.74,60.40
19.67,19.67,55.73,70.48,58.61
10.47,10.47,69.06,71.00,59.52
10.65,10.65,70.17,70.07,61.32
21.08,21.08,65.24,68.00,59.74
28.37,28.37,62.79,68.46,60.99
29.83,29.83,58.68,68.14,59.60
31.38,31.38,54.00,65.80,58.27
30.21,30.21,48.58,62.31,62.89
34.18,34.18,47.32,63.88,60.18
38.16,38.16,49.49,61.32,60.96
38.51,38.51,46.99,54.57,58.12
37.14,37.14,48.19,48.40,57.34
31.30,31.30,55.27,40.49,56.78
21.59,21.59,70.61,47.85,55.42
17.11,17.11,82.24,55.55,56.01
26.60,26.60,92.00,57.23,55.63
29.97,29.97,88.71,59.96,58.75
30.29,30.29,89.43,64.17,58.62
32.18,32.18,85.80,66.93,58.59
35.08,35.08,90.61,68.98,61.10
38.89,38.89,91.64,67.87,61.86
39.80,39.80,87.80,70.93,60.51
41.01,41.01,87.59,71.10,62.15
40.42,40.42,80.50,71.46,61.09
40.65,40.65,82.99,68.95,61.98
40.67,40.67,82.69,69.45,60.26
37.01,37.01,78.01,69.57,59.02
25.20,25.20,80.82,71.48,58.91
22.44,22.44,80.90,77.41,65.59
29.93,29.93,77.61,77.55,63.63
35.42,35.42,79.94,75.78,63.49
37.59,37.59,79.71,76.59,60.56
38.46,38.46,76.21,76.12,60.83
39.78,39.78,79.14,76.88,60.94
41.48,41.48,78.85,77.54,59.83
42.82,42.82,75.08,76.62,61.40
42.65,42.65,77.74,76.28,59.79
41.94,41.94,77.60,75.57,60.76
36.99,36.99,73.93,75.35,57.89
35.55,35.55,75.07,62.81,57.19
29.92,29.92,76.16,53.10,56.44
41.49,41.49,81.60,61.73,55.28
45.59,45.59,81.92,76.01,60.87
48.88,48.88,76.55,78.37,59.72
50.54,50.54,71.77,78.67,60.95
56.26,56.26,74.10,78.50,61.54
55.89,55.89,72.52,77.60,60.43
53.71,53.71,69.83,76.75,62.28
51.04,51.04,71.42,75.33,59.56
48.63,48.63,70.39,75.65,60.20
48.46,48.46,69.94,76.18,61.00
50.02,50.02,69.81,76.76,61.29
50.91,50.91,69.05,76.74,61.61
48.96,48.96,68.03,76.85,62.51
52.93,52.93,68.50,75.85,68.69
58.87,58.87,68.83,76.52,63.61
60.28,60.28,69.62,76.54,65.84
60.10,60.10,65.93,77.20,64.50
61.56,61.56,66.05,77.65,66.38
61.14,61.14,66.95,77.15,67.04
59.96,59.96,62.85,76.78,67.00
59.07,59.07,61.84,76.40,67.11
55.86,55.86,64.57,76.58,66.57
52.55,52.55,63.75,77.00,65.69
51.58,51.58,54.70,76.60,65.12
53.89,53.89,50.69,75.94,62.33
56.75,56.75,55.77,75.43,62.10
59.98,59.98,64.42,74.98,64.83
61.49,61.49,64.98,74.41,66.22
63.45,63.45,60.23,74.87,66.32
65.66,65.66,56.47,75.07,68.41
66.56,66.56,52.51,74.22,66.56
67.00,67.00,51.01,73.87,66.41
60.61,60.61,47.72,71.13,65.50
64.54,64.54,44.50,71.67,68.54
63.46,63.46,40.02,66.28,67.64
62.30,62.30,38.58,57.47,68.43
63.12,63.12,37.78,51.59,66.00
64.29,64.29,40.09,55.53,63.46
64.31,64.31,39.80,58.05,68.54
62.74,62.74,45.94,68.21,66.78
63.73,63.73,69.42,71.43,64.24
64.72,64.72,67.01,72.76,66.98
61.28,61.28,64.96,75.44,65.39
53.30,53.30,61.42,74.85,64.87
49.64,49.64,60.64,75.35,61.80
48.49,48.49,60.76,75.26,66.74
48.00,48.00,58.15,74.26,63.30
46.90,46.90,59.33,74.62,64.11
45.95,45.95,58.26,73.63,62.39
47.34,47.34,56.42,73.39,60.99
53.06,53.06,56.77,71.75,62.09
59.53,59.53,69.44,68.51,68.72
48.06,48.06,71.16,64.97,54.29
47.14,47.14,85.76,66.00,60.28
53.15,53.15,91.76,59.80,64.41
58.19,58.19,89.65,62.31,65.03
63.00,63.00,88.87,66.95,68.24
66.54,66.54,81.59,72.17,71.80
67.11,67.11,91.18,74.64,72.57
67.57,67.57,87.14,76.11,70.80
67.04,67.04,90.40,75.90,72.36
66.10,66.10,84.41,74.68,71.79
64.60,64.60,85.70,74.04,73.09
64.16,64.16,82.73,75.74,71.11
61.54,61.54,80.62,75.98,73.71
67.74,67.74,81.92,74.54,72.10
67.97,67.97,78.63,74.72,70.61
62.59,62.59,78.95,76.14,71.13
61.95,61.95,79.53,75.87,72.21
65.38,65.38,77.04,73.14,68.84
65.56,65.56,77.63,75.45,69.82
68.81,68.81,78.17,74.07,72.24
69.64,69.64,75.35,73.67,69.33
66.88,66.88,75.93,72.29,68.08
65.60,65.60,77.08,74.89,68.82
66.03,66.03,74.11,72.95,68.16
67.82,67.82,74.40,71.93,66.33
64.58,64.58,75.00,72.26,67.54
64.99,64.99,73.39,69.06,66.29
66.48,66.48,75.21,63.25,63.73
64.21,64.21,92.28,66.50,60.94
64.96,64.96,87.84,60.39,65.33
65.21,65.21,86.70,62.78,68.58
67.09,67.09,88.28,62.75,67.51
65.06,65.06,93.31,68.81,67.94
66.74,66.74,88.34,70.52,67.32
66.84,66.84,90.50,69.98,65.17
66.37,66.37,83.83,71.90,65.79
67.39,67.39,81.35,73.34,65.03
68.08,68.08,81.15,72.11,65.39
66.40,66.40,79.45,67.68,61.49
66.67,66.67,76.90,68.66,62.84
64.54,64.54,79.11,61.33,64.24
63.25,63.25,78.64,57.41,66.24
62.13,62.13,76.02,58.15,64.77
65.81,65.81,79.03,63.70,65.59
68.51,68.51,77.82,74.30,65.91
70.26,70.26,75.20,72.21,64.83
71.07,71.07,78.61,73.69,64.26
70.91,70.91,77.21,74.10,66.08
68.18,68.18,74.38,72.67,67.01
65.16,65.16,76.99,72.96,67.42
64.09,64.09,75.82,73.92,66.68
62.09,62.09,73.03,74.81,67.16
62.56,62.56,75.75,74.56,65.95
64.63,64.63,74.39,74.36,64.69
63.54,63.54,73.33,74.21,65.30
65.69,65.69,83.54,71.53,65.26
64.28,64.28,82.17,73.46,65.66
57.40,57.40,76.33,77.76,62.42
62.93,62.93,72.15,73.03,62.08
65.05,65.05,72.34,75.96,57.74
69.24,69.24,70.26,76.00,59.76
71.89,71.89,70.19,76.57,57.29
71.18,71.18,71.85,76.17,62.83
69.99,69.99,67.04,76.05,62.57
69.42,69.42,68.26,76.33,65.12
68.19,68.19,70.76,75.95,62.95
68.54,68.54,65.33,75.65,63.17
67.65,67.65,66.23,75.78,62.22
66.29,66.29,68.79,75.80,63.39
67.33,67.33,64.02,75.04,65.98
67.58,67.58,64.03,73.63,65.86
64.63,64.63,67.39,73.54,61.03
68.48,68.48,63.44,74.51,62.64
65.28,65.28,60.71,73.29,61.60
66.65,66.65,66.01,72.54,61.28
67.66,67.66,55.59,73.42,63.79
68.08,68.08,48.61,72.18,62.86
71.76,71.76,45.86,69.75,63.26
70.29,70.29,45.97,67.76,62.10
69.19,69.19,45.98,64.55,59.53
65.50,65.50,51.39,57.59,60.10
66.31,66.31,52.75,58.95,62.44
66.85,66.85,61.96,51.32,59.72
67.51,67.51,66.15,72.32,61.77
65.81,65.81,61.73,77.29,56.01
69.26,69.26,56.53,72.58,56.69
71.83,71.83,52.58,76.41,59.93
69.75,69.75,50.60,72.88,57.99
67.04,67.04,46.76,75.98,57.41
71.08,71.08,45.91,73.75,58.80
68.18,68.18,43.54,74.61,59.58
72.92,72.92,45.44,73.03,58.08
66.33,66.33,56.75,74.38,58.79
64.19,64.19,66.79,71.37,61.12
66.31,66.31,77.06,72.47,62.91
65.34,65.34,89.54,70.24,60.75
67.31,67.31,81.28,63.49,65.94
67.95,67.95,87.66,60.12,68.38
69.71,69.71,83.29,62.32,58.48
68.05,68.05,86.14,72.87,63.39
67.58,67.58,86.07,73.27,61.95
68.00,68.00,83.72,73.47,62.93
65.07,65.07,80.20,71.47,63.02
65.07,65.07,74.30,73.80,63.24
66.28,66.28,72.92,73.94,62.43
66.19,66.19,67.42,72.74,60.63
66.50,66.50,66.30,72.14,63.32
67.01,67.01,58.49,73.51,61.42
68.53,68.53,57.54,73.34,61.32
66.50,66.50,57.48,70.92,61.49
66.26,66.26,58.36,73.45,61.02
67.29,67.29,54.06,73.51,61.54
66.10,66.10,51.32,70.49,61.07
69.53,69.53,47.56,72.05,61.39
68.36,68.36,43.74,72.88,60.16
68.98,68.98,42.78,70.93,62.57
66.39,66.39,41.03,69.78,60.93
67.16,67.16,39.72,71.84,59.89
66.79,66.79,41.35,72.02,59.36
63.80,63.80,46.87,68.90,59.46
65.74,65.74,54.75,72.10,55.65
65.60,65.60,67.24,72.41,55.84
65.37,65.37,73.51,69.40,64.82
65.54,65.54,66.28,67.87,63.71
66.28,66.28,64.37,68.70,62.94
67.58,67.58,59.98,67.42,58.85
67.86,67.86,55.71,64.17,55.93
64.10,64.10,51.62,63.82,61.61
66.79,66.79,51.34,63.55,60.45
66.87,66.87,52.16,61.02,57.89
68.36,68.36,49.45,55.23,57.13
67.57,67.57,49.16,47.33,56.56
67.86,67.86,57.39,40.24,53.34
67.37,67.37,71.58,44.94,51.13
66.30,66.30,83.49,59.59,53.05
67.26,67.26,91.36,54.34,49.94
69.61,69.61,88.60,59.92,52.97
66.91,66.91,89.96,64.16,54.05
67.92,67.92,88.91,67.40,56.20
64.29,64.29,91.94,68.57,59.90
69.07,69.07,89.53,68.61,62.43
68.29,68.29,86.94,69.33,58.88
66.68,66.68,84.23,71.04,60.52
66.78,66.78,78.15,72.94,57.50
69.34,69.34,79.59,71.74,58.85
71.98,71.98,79.43,70.44,57.15
67.43,67.43,77.60,70.30,58.33
66.59,66.59,76.89,71.09,60.01
69.68,69.68,79.18,77.83,61.72
72.19,72.19,77.06,77.10,63.46
68.16,68.16,76.68,75.92,63.88
71.39,71.39,78.67,76.24,60.08
74.78,74.78,76.34,77.16,60.57
73.45,73.45,75.71,76.46,61.06
68.35,68.35,78.01,76.87,58.18
64.83,64.83,75.24,76.62,60.03
66.59,66.59,74.22,76.11,57.93
67.01,67.01,76.33,76.49,59.11
65.61,65.61,74.41,74.78,55.90
66.21,66.21,73.58,60.42,53.82
60.91,60.91,74.74,52.48,49.35
60.91,60.91,82.92,66.70,58.64
66.74,66.74,82.27,76.09,60.01
66.53,66.53,74.66,77.90,58.41
62.05,62.05,73.41,77.97,59.66
68.84,68.84,71.36,78.25,61.24
70.39,70.39,71.62,77.62,57.21
68.59,68.59,70.88,75.75,60.85
67.12,67.12,66.91,75.29,59.44
71.50,71.50,68.90,75.83,59.53
69.18,69.18,70.80,76.74,58.88
68.12,68.12,66.73,76.52,59.64
70.76,70.76,67.03,75.96,58.62
68.39,68.39,68.94,75.97,59.35
67.46,67.46,66.54,76.08,60.96
70.49,70.49,67.85,76.44,61.55
74.32,74.32,69.49,76.42,62.53
75.80,75.80,64.34,76.46,59.56
73.40,73.40,64.54,75.94,62.39
71.20,71.20,66.99,75.63,63.44
68.66,68.66,60.36,75.68,63.79
71.12,71.12,53.70,75.28,63.03
73.28,73.28,51.09,75.39,61.45
74.76,74.76,50.34,75.79,60.50
71.76,71.76,51.76,75.98,61.23
67.81,67.81,48.62,76.33,60.27
64.92,64.92,52.82,75.78,61.80
68.17,68.17,61.85,75.14,63.83
71.78,71.78,63.68,74.55,65.15
70.81,70.81,59.12,74.63,65.32
73.94,73.94,55.41,75.35,69.50
67.17,67.17,51.98,74.21,66.17
71.79,71.79,50.68,73.36,65.64
71.01,71.01,49.73,70.11,64.48
73.97,73.97,47.31,71.61,67.66
72.42,72.42,45.48,64.18,65.21
73.69,73.69,44.75,57.73,66.56
72.02,72.02,44.82,48.71,63.83
73.65,73.65,45.76,55.45,64.71
70.46,70.46,50.23,60.02,66.57
72.95,72.95,54.72,68.08,66.94
70.50,70.50,68.79,71.34,65.63
67.13,67.13,66.91,73.90,68.95
68.48,68.48,63.87,74.97,63.48
70.31,70.31,62.55,73.93,62.57
69.37,69.37,60.69,74.00,60.94
73.12,73.12,59.83,73.83,62.04
72.71,72.71,58.48,73.03,63.72
73.24,73.24,57.69,74.27,62.38
71.35,71.35,57.82,73.20,61.86
69.71,69.71,56.38,73.62,60.46
70.67,70.67,57.87,72.67,61.21
68.49,68.49,65.43,68.99,60.19
73.07,73.07,71.05,65.16,55.39
70.37,70.37,87.88,66.69,61.22
73.04,73.04,91.08,60.32,53.89
67.65,67.65,90.30,56.48,59.02
67.01,67.01,87.01,68.97,63.36
70.93,70.93,84.72,71.33,69.00
70.18,70.18,84.86,74.71,71.89
70.29,70.29,80.92,75.85,71.10
66.03,66.03,79.96,76.45,71.07
67.15,67.15,83.11,74.45,69.15
69.28,69.28,78.42,74.31,72.02
67.02,67.02,80.56,75.98,72.11
64.93,64.93,79.23,76.69,71.09
67.52,67.52,79.78,73.70,72.18
69.58,69.58,81.24,74.66,74.18
70.85,70.85,77.91,75.34,72.57
70.84,70.84,79.32,75.12,71.49
68.97,68.97,79.49,73.40,70.54
66.70,66.70,75.93,76.13,70.20
65.07,65.07,78.37,75.38,68.72
68.89,68.89,77.96,73.20,68.75
71.02,71.02,74.40,74.48,67.26
71.51,71.51,76.93,75.04,65.42
69.49,69.49,76.83,73.22,67.09
67.22,67.22,72.96,72.37,64.93
70.47,70.47,75.87,72.60,65.20
72.66,72.66,75.38,70.68,63.31
73.08,73.08,76.79,64.36,66.29
71.33,71.33,92.91,66.09,63.62
70.81,70.81,89.89,56.70,63.46
67.19,67.19,90.02,59.48,63.51
68.00,68.00,82.97,62.87,64.31
69.58,69.58,92.97,69.32,65.33
70.02,70.02,90.23,67.40,64.95
67.08,67.08,91.22,70.16,63.46
67.90,67.90,86.52,71.51,64.96
68.91,68.91,86.23,73.77,65.16
66.59,66.59,82.41,71.63,66.17
67.52,67.52,82.09,69.75,63.23
67.76,67.76,82.24,67.50,61.98
67.62,67.62,78.43,60.01,64.34
68.30,68.30,79.64,55.39,64.94
68.40,68.40,80.48,59.07,65.87
72.18,72.18,77.09,65.00,64.40
74.79,74.79,78.50,75.14,67.32
75.63,75.63,78.51,72.46,67.21
75.12,75.12,75.66,73.39,66.82
73.01,73.01,77.32,73.22,67.39
69.31,69.31,77.89,72.18,65.47
67.23,67.23,74.33,72.53,65.79
65.77,65.77,75.84,74.39,65.80
64.51,64.51,76.61,74.57,65.61
66.15,66.15,73.44,74.21,64.41
68.30,68.30,74.50,74.49,63.31
61.82,61.82,77.92,74.16,64.91
59.57,59.57,83.60,71.34,64.94
65.46,65.46,81.20,75.28,62.86
66.34,66.34,75.88,77.64,62.06
66.76,66.76,72.92,74.97,62.72
69.61,69.61,69.52,75.28,57.00
68.51,68.51,73.49,75.75,60.80
68.20,68.20,70.39,76.66,60.08
66.98,66.98,68.13,76.43,62.24
69.41,69.41,73.08,76.14,62.91
72.23,72.23,69.29,76.02,64.45
69.56,69.56,65.70,75.21,63.01
67.57,67.57,70.16,75.35,61.40
65.71,65.71,67.38,75.84,67.22
64.45,64.45,64.48,75.86,63.54
67.77,67.77,64.81,74.01,66.02
70.57,70.57,63.68,73.61,64.75
69.60,69.60,63.82,73.74,63.68
67.50,67.50,65.57,73.68,64.28
70.28,70.28,62.88,72.73,65.19
68.90,68.90,63.17,71.98,62.70
66.19,66.19,62.88,73.64,65.84
68.97,68.97,48.27,70.36,62.45
69.42,69.42,47.44,71.55,64.30
68.17,68.17,45.45,68.41,62.43
66.99,66.99,46.41,63.64,61.88
68.89,68.89,57.21,55.45,62.25
69.28,69.28,56.45,59.51,63.33
67.81,67.81,57.62,54.46,59.40
70.64,70.64,65.37,74.14,61.70
69.04,69.04,61.36,74.24,59.41
68.11,68.11,56.92,75.06,57.26
69.98,69.98,53.12,75.44,62.48
71.90,71.90,49.43,73.18,61.89
67.15,67.15,46.89,76.25,57.50
66.65,66.65,44.31,72.93,61.59
67.76,67.76,41.62,75.40,63.92
72.15,72.15,44.48,72.69,57.14
70.00,70.00,57.28,74.04,61.78
74.21,74.21,65.84,70.93,60.19
69.37,69.37,79.62,71.39,61.68
67.73,67.73,88.52,67.78,62.95
64.96,64.96,82.48,59.21,60.95
67.97,67.97,86.50,59.04,58.98
73.75,73.75,82.81,63.59,62.44
71.71,71.71,87.88,73.57,63.52
72.36,72.36,84.50,72.68,62.95
72.97,72.97,84.99,72.63,62.90
66.56,66.56,78.93,71.17,64.14
72.73,72.73,74.84,74.03,65.00
68.17,68.17,72.72,74.45,62.03
67.15,67.15,67.88,71.68,61.53
68.53,68.53,65.28,73.91,62.64
62.50,62.50,58.13,73.53,61.91
67.53,67.53,58.51,72.40,62.38
71.64,71.64,57.38,71.47,63.29
72.29,72.29,58.37,73.34,60.96
65.08,65.08,54.07,72.30,63.17
72.68,72.68,49.74,70.12,61.94
70.28,70.28,45.16,72.79,63.45
66.53,66.53,42.36,73.32,60.52
64.52,64.52,38.18,69.31,63.62
70.45,70.45,37.79,71.76,60.74
65.90,65.90,37.29,71.84,62.04
69.00,69.00,38.38,70.49,60.56
69.52,69.52,45.21,69.93,60.25
66.35,66.35,54.24,71.69,58.42
64.15,64.15,66.99,72.25,62.15
67.66,67.66,69.70,71.74,59.95
68.44,68.44,65.61,64.66,62.37
68.52,68.52,63.88,70.25,62.57
69.87,69.87,59.15,66.04,59.57
69.25,69.25,55.16,63.47,58.24
65.84,65.84,49.22,64.75,62.23
67.58,67.58,49.98,63.07,61.24
67.08,67.08,51.86,60.69,58.49
71.16,71.16,48.74,55.70,55.25
70.23,70.23,47.73,48.07,56.28
64.92,64.92,57.85,39.41,54.48
67.41,67.41,71.59,44.79,51.81
67.71,67.71,83.77,54.67,53.44
68.47,68.47,92.17,54.08,51.09
69.13,69.13,88.80,63.13,55.22
64.26,64.26,87.97,66.64,55.20
66.11,66.11,86.63,66.23,56.37
66.59,66.59,93.25,69.30,62.27
69.24,69.24,88.50,69.07,60.80
68.28,68.28,90.57,69.56,61.59
68.54,68.54,83.90,70.17,59.95
70.27,70.27,83.64,69.79,60.91
67.49,67.49,84.06,70.37,59.96
65.75,65.75,79.22,70.71,61.34
66.56,66.56,80.49,71.42,58.29
64.37,64.37,81.06,71.70,59.46
62.74,62.74,77.45,77.52,64.19
62.79,62.79,79.69,76.16,65.97
67.15,67.15,79.61,76.58,64.89
66.88,66.88,75.79,76.51,60.52
68.00,68.00,78.45,76.44,62.11
70.31,70.31,78.37,76.85,62.24
67.74,67.74,74.98,76.80,60.27
71.73,71.73,77.25,77.28,63.55
69.98,69.98,77.09,75.81,57.79
67.14,67.14,73.67,75.59,61.23
66.69,66.69,76.13,74.94,60.01
66.41,66.41,75.90,57.98,54.88
61.16,61.16,73.83,58.25,51.79
67.06,67.06,83.37,67.35,54.21
63.22,63.22,80.65,75.90,58.34
64.93,64.93,74.92,70.28,55.98
67.41,67.41,73.14,77.08,63.27
68.16,68.16,73.71,75.42,62.10
68.75,68.75,69.79,75.18,60.59
67.77,67.77,71.31,76.65,64.12
68.34,68.34,72.18,75.65,63.72
70.69,70.69,67.89,74.61,63.72
71.90,71.90,67.24,75.62,65.84
70.83,70.83,70.92,76.26,63.60
74.04,74.04,68.51,76.18,63.85
75.56,75.56,67.10,75.18,66.15
76.27,76.27,68.82,74.28,67.11
71.86,71.86,67.03,73.81,73.30
75.09,75.09,66.57,74.66,67.54
77.32,77.32,68.55,75.65,65.49
79.44,79.44,65.15,76.06,67.91
79.86,79.86,63.39,75.66,67.26
79.98,79.98,64.32,75.60,66.92
78.27,78.27,58.59,75.66,68.27
76.82,76.82,59.10,75.82,66.24
78.16,78.16,55.09,76.00,62.49
76.84,76.84,49.83,75.26,66.18
77.07,77.07,45.12,75.01,65.34
79.04,79.04,50.79,75.48,63.61
77.96,77.96,57.64,74.76,66.90
78.23,78.23,65.71,75.70,65.84
77.64,77.64,60.40,78.06,62.96
77.04,77.04,55.70,74.07,65.94
77.65,77.65,52.23,72.69,68.04
76.44,76.44,48.78,75.44,64.99
77.55,77.55,46.41,75.88,65.62
77.95,77.95,46.21,74.77,62.55
77.00,77.00,44.13,74.27,65.29
76.74,76.74,42.02,74.82,66.74
76.90,76.90,40.37,76.10,64.48
77.94,77.94,44.14,75.26,60.49
77.23,77.23,49.77,76.12,63.38
76.33,76.33,56.87,69.48,68.24
74.96,74.96,68.31,68.55,69.17
67.80,67.80,64.55,67.55,67.48
69.66,69.66,61.36,75.30,66.43
72.69,72.69,58.78,75.40,66.83
74.03,74.03,56.58,75.38,67.00
70.63,70.63,55.63,73.64,68.47
71.31,71.31,55.00,75.96,67.11
71.51,71.51,54.43,73.23,66.07
69.25,69.25,52.14,75.60,64.21
71.96,71.96,49.68,74.72,63.22
71.75,71.75,53.53,74.63,64.15
72.07,72.07,61.20,71.95,63.99
67.66,67.66,68.57,69.01,64.42
71.29,71.29,87.57,65.26,65.26
71.37,71.37,92.11,60.29,66.68
69.71,69.71,90.82,59.16,62.64
71.93,71.93,86.59,67.43,67.15
71.51,71.51,85.58,70.44,66.70
72.60,72.60,83.90,72.23,70.59
70.15,70.15,82.14,74.17,66.84
73.59,73.59,80.52,73.44,67.93
73.33,73.33,83.71,70.78,66.94
72.88,72.88,79.23,69.40,67.97
77.11,77.11,81.41,72.87,70.28
78.65,78.65,79.04,72.97,68.81
75.99,75.99,80.88,69.92,66.72
73.36,73.36,80.81,73.35,68.43
72.00,72.00,77.53,74.48,67.41
78.00,78.00,79.83,68.51,69.52
78.05,78.05,79.46,72.52,74.35
79.14,79.14,76.03,72.02,73.30
79.46,79.46,78.72,69.63,70.29
81.10,81.10,77.98,69.69,71.08
80.46,80.46,74.57,72.94,70.79
80.08,80.08,77.21,70.61,69.91
81.10,81.10,76.61,67.20,70.54
79.94,79.94,73.06,72.78,69.80
75.54,75.54,76.70,73.05,69.04
72.50,72.50,75.53,66.66,67.54
71.85,71.85,74.42,64.56,69.48
75.19,75.19,92.85,61.27,70.21
76.00,76.00,89.93,57.93,69.84
76.01,76.01,93.76,59.65,71.77
75.47,75.47,82.61,63.75,68.79
77.16,77.16,92.30,61.54,68.03
76.61,76.61,85.84,65.86,73.81
74.38,74.38,84.04,66.50,73.56
74.69,74.69,74.06,67.61,75.56
74.55,74.55,73.48,66.09,77.47
68.73,68.73,78.01,61.82,78.26
72.83,72.83,77.81,65.47,77.70
74.04,74.04,76.10,63.15,71.48
73.86,73.86,80.29,53.45,75.93
77.20,77.20,79.46,63.19,71.82
75.88,75.88,76.36,62.92,66.97
76.93,76.93,79.85,69.52,68.55
73.43,73.43,78.74,77.16,66.89
70.35,70.35,76.25,78.37,67.38
73.51,73.51,79.31,79.06,68.56
70.44,70.44,77.86,78.44,68.15
71.87,71.87,75.13,78.03,67.13
67.15,67.15,77.59,78.10,65.40
66.16,66.16,76.44,78.05,63.28
67.48,67.48,73.96,78.61,65.92
69.22,69.22,76.77,77.98,63.36
68.04,68.04,75.57,74.78,63.87
75.13,75.13,72.40,69.23,64.05
69.04,69.04,84.34,65.33,65.97
70.20,70.20,81.45,72.49,61.85
66.58,66.58,75.35,77.08,62.88
69.20,69.20,73.33,74.85,61.65
69.18,69.18,74.36,74.99,61.07
67.67,67.67,70.16,76.36,63.60
67.39,67.39,70.96,76.55,63.36
68.65,68.65,72.52,75.87,63.86
66.34,66.34,66.96,75.91,63.36
67.33,67.33,70.40,76.14,63.00
66.33,66.33,71.34,75.66,63.21
67.13,67.13,65.90,75.42,61.73
65.39,65.39,67.62,75.52,66.22
68.54,68.54,69.47,76.04,65.09
66.72,66.72,66.12,73.92,69.74
67.98,67.98,66.71,72.93,64.73
68.58,68.58,69.13,73.28,61.86
69.95,69.95,64.35,73.58,64.55
73.15,73.15,62.33,72.74,64.24
66.98,66.98,66.08,72.15,64.83
68.08,68.08,62.51,71.80,67.07
73.35,73.35,58.39,70.16,64.04
68.17,68.17,52.75,71.56,64.38
67.72,67.72,45.53,68.26,65.00
71.92,71.92,42.49,63.18,62.51
68.06,68.06,50.41,56.22,61.68
69.17,69.17,52.75,55.20,67.56
69.96,69.96,58.11,56.13,65.28
70.95,70.95,65.01,74.28,61.05
66.74,66.74,61.14,74.73,60.64
67.52,67.52,55.38,75.55,59.23
68.41,68.41,52.19,74.06,62.31
67.18,67.18,48.41,75.36,59.25
68.74,68.74,46.27,75.05,58.16
67.65,67.65,43.99,74.43,60.41
66.98,66.98,43.53,75.18,60.89
63.38,63.38,47.37,72.43,57.53
65.99,65.99,59.96,74.49,60.40
61.35,61.35,68.10,68.66,58.23
64.33,64.33,81.83,71.38,61.48
63.79,63.79,86.46,65.79,58.16
61.06,61.06,83.59,58.21,60.33
64.33,64.33,84.47,58.61,63.84
64.73,64.73,85.30,66.92,66.52
65.41,65.41,88.28,74.09,61.37
66.34,66.34,84.01,72.71,63.65
68.36,68.36,84.92,71.78,64.16
67.79,67.79,78.50,72.73,64.18
68.94,68.94,74.45,74.00,65.43
69.96,69.96,70.70,73.20,64.04
67.50,67.50,69.28,71.92,62.61
65.70,65.70,64.09,74.26,63.58
67.46,67.46,57.53,74.02,61.99
65.63,65.63,59.02,71.47,61.43
65.58,65.58,56.75,73.31,62.64
65.59,65.59,57.46,73.33,61.57
66.66,66.66,54.33,71.28,62.87
67.79,67.79,48.65,71.18,61.53
66.19,66.19,43.76,72.81,62.08
69.34,69.34,40.14,72.03,61.88
69.89,69.89,39.98,69.39,60.47
70.03,70.03,37.90,72.75,61.97
67.46,67.46,38.78,72.57,60.83
65.51,65.51,40.86,68.99,60.75
64.56,64.56,49.67,71.04,58.80
60.82,60.82,57.12,72.23,57.85
65.92,65.92,67.40,68.68,57.37
67.71,67.71,68.84,70.91,60.07
66.77,66.77,63.49,64.05,61.74
67.68,67.68,61.66,71.77,62.56
66.21,66.21,56.39,66.06,58.49
59.53,59.53,54.51,65.08,57.92
63.50,63.50,45.20,64.09,60.85
65.74,65.74,49.66,62.73,62.00
63.13,63.13,48.94,59.93,59.90
68.83,68.83,47.21,56.08,56.03
65.08,65.08,46.93,46.68,55.99
63.56,63.56,58.85,42.56,55.08
59.93,59.93,72.91,47.22,53.24
58.31,58.31,86.87,58.07,53.48
65.94,65.94,90.28,58.03,55.58
64.56,64.56,89.23,64.13,53.61
66.75,66.75,86.01,67.40,51.74
66.35,66.35,88.82,67.92,55.40
67.11,67.11,92.38,68.78,59.33
68.85,68.85,88.99,69.04,58.76
66.30,66.30,90.26,68.80,60.17
66.69,66.69,83.07,69.16,58.39
66.30,66.30,84.57,69.66,60.10
68.66,68.66,83.41,70.68,59.23
67.58,67.58,79.07,70.99,60.07
68.11,68.11,80.84,70.91,56.24
67.62,67.62,80.43,72.33,56.79
67.30,67.30,77.36,77.37,61.50
66.21,66.21,80.30,75.65,61.91
65.89,65.89,78.76,76.91,60.37
68.34,68.34,76.07,76.36,60.00
69.10,69.10,78.98,76.15,57.54
69.09,69.09,77.72,77.04,60.23
68.74,68.74,75.18,77.02,59.13
68.94,68.94,77.76,76.86,60.78
68.05,68.05,76.33,76.13,58.07
67.02,67.02,73.66,75.52,57.15
67.59,67.59,76.53,75.28,56.34
61.50,61.50,74.10,56.37,49.07
55.38,55.38,74.45,52.91,49.64
63.21,63.21,82.47,67.55,58.06
60.56,60.56,79.80,77.44,59.59
62.84,62.84,73.42,77.34,54.60
66.77,66.77,73.13,77.73,58.11
68.08,68.08,73.40,78.15,60.48
68.54,68.54,68.23,77.17,57.99
70.84,70.84,71.38,75.12,59.38
70.86,70.86,71.41,75.38,61.10
68.21,68.21,66.78,76.08,57.95
68.03,68.03,70.57,76.83,59.51
67.55,67.55,70.12,77.34,59.10
71.95,71.95,65.31,76.38,58.38
67.84,67.84,68.39,75.34,59.54
68.80,68.80,69.26,75.25,60.13
67.77,67.77,65.97,75.91,60.71
74.02,74.02,66.71,76.44,62.76
75.75,75.75,68.21,76.25,61.59
71.58,71.58,63.95,76.12,62.75
73.98,73.98,63.22,76.16,61.73
75.81,75.81,64.26,76.43,63.18
76.50,76.50,60.54,76.00,61.50
75.91,75.91,57.36,76.04,64.11
75.46,75.46,53.39,76.01,64.02
73.97,73.97,52.54,75.96,63.48
72.88,72.88,47.22,75.73,61.37
72.71,72.71,52.36,75.48,60.42
73.25,73.25,60.48,75.16,62.02
72.85,72.85,63.19,74.07,66.56
69.61,69.61,59.05,75.17,66.36
68.63,68.63,54.29,75.49,68.64
66.63,66.63,51.15,74.16,68.04
68.21,68.21,49.48,72.99,66.50
69.15,69.15,48.17,70.42,65.23
70.87,70.87,44.80,70.87,68.22
69.28,69.28,43.44,62.63,66.21
68.85,68.85,43.14,56.01,68.17
69.94,69.94,42.77,52.84,67.38
69.43,69.43,46.88,52.49,66.01
68.96,68.96,50.79,61.53,68.58
69.13,69.13,56.82,70.13,63.93
72.19,72.19,68.94,72.31,66.36
73.43,73.43,65.99,74.72,65.98
69.52,69.52,63.88,74.99,64.33
71.60,71.60,61.37,74.16,63.27
73.41,73.41,60.88,74.54,62.66
73.75,73.75,60.30,74.00,63.73
73.15,73.15,58.87,73.54,63.15
71.33,71.33,59.48,74.54,62.86
72.59,72.59,57.65,73.02,63.70
70.81,70.81,57.07,73.23,64.18
74.07,74.07,57.38,72.16,61.19
70.98,70.98,65.47,69.69,58.48
68.02,68.02,72.63,68.15,57.06
66.56,66.56,89.65,68.79,62.49
68.23,68.23,91.53,62.61,59.38
67.99,67.99,89.30,57.58,59.31
71.96,71.96,85.14,70.72,63.01
70.71,70.71,91.02,73.50,70.65
66.94,66.94,89.95,74.88,69.31
63.83,63.83,90.48,75.68,70.88
64.56,64.56,87.79,76.14,71.79
62.17,62.17,85.56,73.56,71.15
64.83,64.83,84.68,75.45,72.47
65.59,65.59,80.89,75.80,71.73
70.16,70.16,81.91,75.22,70.55
70.05,70.05,81.35,74.66,70.87
64.72,64.72,77.56,76.39,69.49
64.94,64.94,80.10,75.24,68.42
68.30,68.30,80.03,73.87,69.36
67.54,67.54,76.02,75.40,68.76
69.42,69.42,78.84,76.47,67.69
71.90,71.90,78.73,73.66,66.95
71.94,71.94,75.02,74.66,67.37
67.55,67.55,77.55,74.65,67.02
64.48,64.48,77.47,74.34,66.84
63.18,63.18,73.87,72.22,66.16
64.30,64.30,76.09,74.50,68.33
64.98,64.98,76.43,73.12,68.18
69.18,69.18,73.14,67.46,63.57
64.23,64.23,78.21,66.63,63.40
63.34,63.34,93.30,65.58,60.50
65.94,65.94,88.92,66.33,66.01
67.91,67.91,90.80,64.86,63.97
66.98,66.98,84.37,65.11,64.52
60.61,60.61,91.21,68.50,66.98
64.53,64.53,91.97,69.74,66.89
69.81,69.81,87.89,72.36,64.73
68.39,68.39,87.41,71.44,66.30
71.97,71.97,83.75,72.17,65.15
64.49,64.49,80.30,70.86,65.08
62.54,62.54,82.73,70.63,65.91
64.83,64.83,81.23,65.24,65.08
68.68,68.68,77.87,57.59,63.83
66.95,66.95,80.83,54.39,63.78
66.32,66.32,80.22,59.79,65.00
66.06,66.06,77.27,67.04,62.38
64.33,64.33,79.66,73.80,68.44
70.82,70.82,78.76,73.00,65.82
63.30,63.30,76.13,73.98,65.47
63.12,63.12,79.01,73.90,65.69
61.96,61.96,77.90,73.00,64.00
67.99,67.99,74.82,72.49,66.24
66.79,66.79,77.39,74.50,65.70
61.76,61.76,76.82,74.75,64.54
65.36,65.36,73.79,74.08,65.27
63.12,63.12,76.05,73.84,64.36
54.65,54.65,76.46,72.86,66.33
58.81,58.81,83.39,71.83,64.44
62.12,62.12,79.30,75.46,64.24
60.09,60.09,75.86,76.76,64.36
59.82,59.82,71.34,75.50,63.77
62.15,62.15,72.91,75.33,60.09
64.54,64.54,73.95,76.23,62.38
61.83,61.83,68.53,76.30,62.36
65.41,65.41,71.89,76.11,64.48
64.89,64.89,73.18,76.12,64.63
66.18,66.18,68.49,76.40,65.06
68.13,68.13,68.64,75.06,63.36
65.84,65.84,70.42,75.47,64.35
66.25,66.25,66.92,75.68,66.59
65.38,65.38,65.51,75.69,64.05
65.39,65.39,65.64,73.68,68.30
65.19,65.19,65.88,73.90,63.74
65.30,65.30,64.85,74.33,63.43
66.47,66.47,67.44,73.04,65.07
64.41,64.41,63.92,72.92,63.32
64.31,64.31,63.11,72.51,63.95
66.64,66.64,65.01,72.45,65.27
64.87,64.87,62.26,70.47,62.78
68.32,68.32,57.67,69.97,64.64
63.27,63.27,51.70,67.63,65.92
61.94,61.94,46.57,61.82,59.37
67.63,67.63,48.42,57.65,64.28
65.42,65.42,51.57,56.61,67.36
66.97,66.97,60.86,58.18,63.93
64.93,64.93,64.74,76.05,64.45
65.81,65.81,59.04,72.71,60.25
65.89,65.89,55.83,75.98,60.41
65.63,65.63,50.81,73.94,64.09
63.71,63.71,47.37,74.69,61.68
65.68,65.68,44.42,74.54,60.42
64.94,64.94,43.09,75.12,64.50
65.44,65.44,39.74,72.90,61.61
66.30,66.30,45.83,75.14,55.44
66.80,66.80,60.26,72.59,61.65
65.07,65.07,67.43,71.64,58.72
65.29,65.29,84.55,71.43,60.92
62.61,62.61,83.16,66.79,65.69
63.86,63.86,85.25,59.17,64.49
62.71,62.71,82.86,59.77,58.28
62.64,62.64,86.79,68.86,62.27
62.54,62.54,87.14,73.94,62.91
64.17,64.17,84.75,72.17,60.81
63.64,63.64,84.09,71.60,62.68
62.63,62.63,77.97,73.39,62.73
64.28,64.28,74.60,74.94,65.69
66.26,66.26,69.56,71.77,62.91
64.11,64.11,70.28,73.85,62.52
64.48,64.48,62.69,74.03,62.34
62.53,62.53,58.86,72.90,63.73
61.76,61.76,58.77,71.43,63.83
61.02,61.02,56.01,73.65,62.25
61.87,61.87,57.13,73.36,62.44
60.71,60.71,51.72,70.42,61.96
58.89,58.89,46.29,73.30,61.75
57.85,57.85,39.96,73.14,61.55
65.27,65.27,36.68,70.09,61.91
65.73,65.73,36.22,71.48,60.33
65.87,65.87,33.59,72.69,62.12
57.72,57.72,32.97,70.88,60.85
62.50,62.50,38.44,68.99,61.67
62.84,62.84,46.18,72.89,57.57
64.90,64.90,59.27,72.90,58.74
58.23,58.23,70.39,67.94,61.91
54.86,54.86,68.42,71.83,61.21
60.29,60.29,63.43,64.77,63.22
58.81,58.81,62.91,71.17,62.60
58.43,58.43,56.64,64.95,58.24
58.57,58.57,55.71,64.41,60.69
62.56,62.56,44.31,63.73,62.35
59.00,59.00,52.97,63.41,60.88
60.02,60.02,49.85,57.63,60.40
63.41,63.41,47.66,55.31,57.74
63.71,63.71,47.59,46.76,57.43
57.48,57.48,64.92,46.14,55.52
62.82,62.82,72.49,49.93,53.78
62.12,62.12,88.26,60.28,56.78
61.36,61.36,91.04,57.44,51.32
55.72,55.72,91.52,63.80,53.24
67.16,67.16,85.04,67.91,53.22
62.28,62.28,89.24,66.72,56.31
62.51,62.51,91.20,67.79,58.49
60.32,60.32,89.18,68.88,59.59
60.44,60.44,88.85,69.79,60.53
66.39,66.39,82.07,72.60,57.15
58.44,58.44,83.33,70.97,59.58
60.49,60.49,82.80,69.72,58.50
63.26,63.26,78.62,68.09,60.25
65.27,65.27,80.88,70.81,57.14
58.89,58.89,80.51,73.26,59.94
61.24,61.24,77.78,77.89,65.69
59.74,59.74,80.51,77.13,64.78
62.11,62.11,78.89,76.21,63.92
62.29,62.29,76.59,76.21,62.86
63.78,63.78,79.72,76.56,63.33
60.35,60.35,78.09,76.86,62.76
61.71,61.71,76.01,77.32,59.57
60.30,60.30,78.45,76.31,64.07
50.12,50.12,76.71,75.83,60.03
53.35,53.35,74.90,75.47,61.31
58.98,58.98,77.18,73.76,60.54
45.90,45.90,74.74,57.03,52.50
53.25,53.25,77.74,57.03,54.28
57.95,57.95,82.59,69.14,59.71
54.89,54.89,79.20,77.65,64.84
48.24,48.24,72.56,78.84,63.17
46.58,46.58,73.62,78.50,65.31
51.06,51.06,73.87,78.56,65.41
53.28,53.28,69.68,77.50,64.82
50.77,50.77,72.61,76.36,63.46
49.67,49.67,71.12,76.44,63.94
45.62,45.62,67.33,76.40,62.88
45.61,45.61,71.91,76.66,62.58
51.17,51.17,70.50,76.95,64.98
52.29,52.29,65.48,76.93,63.90
50.87,50.87,69.57,77.11,65.22
53.39,53.39,70.30,76.90,67.55
52.62,52.62,66.09,76.71,67.06
51.50,51.50,67.93,76.96,66.63
52.76,52.76,69.13,77.01,67.81
53.37,53.37,64.14,76.71,68.06
52.34,52.34,64.81,76.91,69.74
54.09,54.09,64.66,76.08,68.27
53.18,53.18,61.10,75.63,68.02
52.99,52.99,62.89,76.03,66.71
50.97,50.97,64.96,76.31,65.76
53.56,53.56,48.81,76.70,62.81
57.93,57.93,45.79,75.93,65.25
61.55,61.55,51.90,75.57,64.93
60.95,60.95,58.96,75.33,64.87
61.40,61.40,63.52,74.66,68.29
64.66,64.66,59.81,75.47,68.06
66.26,66.26,57.06,75.00,68.04
67.13,67.13,54.39,74.16,69.12
65.89,65.89,53.63,72.69,67.75
60.17,60.17,51.29,70.65,65.48
61.95,61.95,48.06,70.45,68.29
58.26,58.26,46.77,62.10,66.22
57.13,57.13,43.93,55.72,70.69
57.88,57.88,42.86,52.21,68.44
58.61,58.61,43.96,52.42,66.77
57.79,57.79,47.15,62.66,68.62
56.51,56.51,56.50,71.45,65.15
54.31,54.31,69.38,70.91,66.23
54.00,54.00,67.05,74.58,69.01
54.16,54.16,63.09,76.09,65.78
55.84,55.84,61.39,74.74,61.42
63.95,63.95,59.93,75.14,61.89
68.32,68.32,59.15,73.92,60.21
70.29,70.29,59.52,72.98,64.35
68.26,68.26,59.85,73.07,64.53
68.90,68.90,56.41,72.54,64.05
67.43,67.43,54.95,72.70,63.46
67.56,67.56,56.57,71.88,60.42
66.21,66.21,66.33,68.27,56.48
66.26,66.26,74.43,67.73,60.35
65.57,65.57,91.21,69.08,59.73
66.20,66.20,90.91,61.45,62.71
69.15,69.15,90.52,58.85,63.03
70.29,70.29,79.74,71.76,67.27
70.07,70.07,88.71,73.75,73.78
70.81,70.81,89.05,74.78,72.54
69.58,69.58,88.66,75.53,75.04
69.97,69.97,86.61,75.20,73.49
73.55,73.55,86.90,73.92,73.88
72.93,72.93,81.93,75.50,72.58
69.48,69.48,83.07,76.00,71.88
68.92,68.92,82.68,73.91,72.54
68.43,68.43,78.06,75.44,72.32
70.00,70.00,80.63,75.80,72.22
73.02,73.02,80.22,73.27,70.73
71.44,71.44,76.33,73.21,69.86
72.20,72.20,78.83,74.51,70.03
71.22,71.22,78.24,75.04,67.99
72.95,72.95,74.88,72.52,69.87
69.97,69.97,77.43,74.88,68.57
72.83,72.83,76.92,74.37,66.86
71.27,71.27,73.44,72.34,67.43
70.69,70.69,76.04,73.42,68.27
70.32,70.32,75.57,73.94,69.39
71.33,71.33,73.71,70.73,66.03
74.86,74.86,73.42,67.02,66.65
67.59,67.59,79.50,66.17,64.54
67.98,67.98,94.47,65.12,64.26
72.78,72.78,83.74,55.33,66.15
72.26,72.26,90.45,63.89,67.83
68.18,68.18,89.00,65.54,67.43
68.37,68.37,90.55,64.38,69.44
70.61,70.61,91.46,70.35,67.48
71.00,71.00,86.03,72.51,63.71
70.25,70.25,85.97,71.67,64.25
70.21,70.21,80.87,70.95,64.28
69.81,69.81,78.24,72.16,64.21
70.05,70.05,79.79,67.79,65.36
71.33,71.33,79.27,65.57,64.93
68.77,68.77,76.50,59.16,65.99
70.26,70.26,78.23,55.27,70.33
70.23,70.23,78.96,58.75,68.16
71.31,71.31,76.11,68.18,69.16
71.10,71.10,77.22,75.60,70.75
72.45,72.45,78.39,72.38,68.74
72.58,72.58,75.46,72.77,68.95
68.66,68.66,76.79,71.90,67.17
69.06,69.06,77.29,73.69,66.91
72.83,72.83,73.99,74.57,65.89
71.93,71.93,75.42,74.75,67.24
68.65,68.65,76.11,74.97,66.57
68.46,68.46,73.05,75.04,66.35
67.24,67.24,74.17,74.12,65.81
64.33,64.33,76.34,72.53,66.82
65.19,65.19,83.23,70.84,69.37
71.63,71.63,79.62,74.74,69.34
66.78,66.78,75.33,76.85,68.94
69.10,69.10,71.71,74.22,67.13
72.06,72.06,71.22,74.85,63.65
73.51,73.51,72.63,76.94,63.68
74.43,74.43,69.94,76.15,64.11
72.56,72.56,68.40,76.04,66.56
67.40,67.40,69.26,75.81,67.90
66.30,66.30,69.23,75.50,68.53
65.16,65.16,66.84,75.09,65.81
68.41,68.41,66.66,75.82,66.64
67.06,67.06,67.99,75.30,65.25
66.75,66.75,66.05,74.99,67.13
70.63,70.63,63.21,73.21,66.91
70.86,70.86,68.06,74.60,64.56
69.25,69.25,65.07,72.61,63.97
68.42,68.42,62.79,72.05,65.21
71.86,71.86,64.74,71.69,64.57
69.13,69.13,61.49,72.13,67.52
70.65,70.65,51.95,71.67,68.69
74.57,74.57,48.49,69.16,65.60
74.16,74.16,44.39,71.36,63.26
71.10,71.10,45.42,66.50,64.40
66.66,66.66,45.34,61.91,62.47
70.42,70.42,49.01,56.46,65.23
70.90,70.90,52.92,54.78,63.90
69.79,69.79,63.65,61.84,60.70
70.19,70.19,64.68,75.91,61.28
71.58,71.58,59.54,73.44,62.01
72.42,72.42,55.01,75.87,60.90
73.04,73.04,50.26,72.68,63.79
73.38,73.38,47.73,75.80,63.18
72.66,72.66,45.20,73.98,63.09
69.94,69.94,42.76,75.74,63.86
68.83,68.83,41.80,72.71,63.97
67.68,67.68,48.36,75.07,64.00
66.94,66.94,60.17,71.94,65.22
65.87,65.87,68.72,71.75,62.73
68.32,68.32,85.56,71.40,65.01
66.79,66.79,84.13,66.26,61.18
70.74,70.74,86.16,60.32,60.85
71.63,71.63,82.36,55.63,62.74
76.13,76.13,87.57,70.19,64.73
74.55,74.55,85.08,74.15,65.30
74.08,74.08,86.29,71.95,62.79
73.90,73.90,82.31,71.60,63.04
72.71,72.71,79.17,72.73,62.15
72.69,72.69,74.15,73.70,64.28
71.08,71.08,69.44,71.11,63.08
71.65,71.65,69.88,74.03,64.22
72.89,72.89,60.54,74.22,67.87
73.52,73.52,57.96,70.99,65.91
73.85,73.85,58.54,72.50,64.02
76.41,76.41,56.48,73.45,62.25
77.62,77.62,56.83,72.09,64.47
77.04,77.04,51.27,70.27,63.76
77.62,77.62,48.44,72.89,62.73
77.70,77.70,44.35,72.82,62.41
77.88,77.88,39.57,69.32,63.56
77.98,77.98,39.83,72.60,61.27
77.70,77.70,37.34,72.55,62.84
76.82,76.82,36.74,69.78,60.23
76.85,76.85,36.93,69.40,61.17
75.08,75.08,41.98,72.74,59.34
73.82,73.82,48.74,70.22,61.18
71.71,71.71,56.85,69.57,60.23
71.95,71.95,69.75,72.13,60.44
72.44,72.44,66.25,65.55,61.61
73.13,73.13,66.00,69.23,62.72
74.60,74.60,59.06,63.59,61.33
75.07,75.07,56.59,62.48,61.26
70.21,70.21,47.19,62.59,64.27
73.25,73.25,56.13,63.11,61.83
76.19,76.19,52.00,57.14,61.74
70.93,70.93,50.11,54.49,59.60
67.38,67.38,49.21,43.48,57.81
67.99,67.99,60.18,46.73,57.21
66.18,66.18,72.31,50.53,53.52
71.20,71.20,91.11,59.02,58.21
73.43,73.43,88.94,55.73,57.37
73.11,73.11,90.73,65.36,61.02
66.77,66.77,89.28,68.46,59.09
63.84,63.84,91.36,68.12,59.45
71.35,71.35,88.79,67.44,59.03
69.01,69.01,89.76,68.27,60.97
68.79,68.79,86.13,70.31,65.61
70.86,70.86,79.20,72.08,64.33
74.22,74.22,79.93,72.33,61.08
71.42,71.42,80.41,72.55,62.76
64.70,64.70,75.78,70.44,58.39
65.66,65.66,78.69,70.88,59.18
71.60,71.60,79.73,73.89,60.46
70.56,70.56,76.02,77.47,65.79
70.98,70.98,78.31,76.18,63.58
73.05,73.05,78.63,76.28,64.51
69.38,69.38,75.28,76.10,62.56
69.34,69.34,77.54,77.42,59.76
72.74,72.74,77.76,76.50,62.01
70.24,70.24,74.20,76.69,62.63
71.58,71.58,76.34,76.36,63.70
68.49,68.49,76.48,76.09,57.71
70.16,70.16,73.06,75.83,64.36
68.42,68.42,75.28,72.68,57.77
63.73,63.73,75.41,54.27,54.65
64.87,64.87,77.39,55.87,55.34
68.92,68.92,83.32,69.62,57.85
65.60,65.60,78.60,77.69,61.19
56.97,56.97,72.30,77.80,60.30
63.41,63.41,71.26,77.92,62.12
64.48,64.48,72.50,78.34,61.29
64.05,64.05,70.41,77.96,60.28
70.68,70.68,69.62,75.96,65.11
64.94,64.94,69.71,76.10,66.28
68.06,68.06,70.21,76.56,64.20
66.46,66.46,67.72,77.43,62.92
67.73,67.73,68.80,77.53,64.20
65.06,65.06,68.49,76.95,66.03
69.81,69.81,65.70,76.67,67.73
70.83,70.83,69.40,76.74,68.02
69.12,69.12,68.60,77.01,67.84
72.46,72.46,65.27,77.56,66.24
70.74,70.74,65.62,77.07,64.24
68.84,68.84,66.18,76.33,62.36
70.55,70.55,61.97,76.22,65.02
73.07,73.07,60.82,76.06,66.94
70.02,70.02,54.34,76.40,64.82
73.19,73.19,50.42,76.13,65.97
70.76,70.76,49.90,76.07,62.45
68.12,68.12,50.22,75.89,66.55
69.22,69.22,48.73,75.62,64.00
66.37,66.37,54.11,75.64,65.31
68.49,68.49,62.16,74.82,66.90
66.67,66.67,63.74,74.16,67.62
69.24,69.24,60.38,74.88,66.33
69.83,69.83,59.40,74.79,65.36
69.72,69.72,58.69,74.22,69.50
67.65,67.65,55.64,72.62,67.63
70.65,70.65,54.06,70.49,66.45
71.36,71.36,51.37,69.46,67.54
67.57,67.57,49.52,59.97,66.43
70.77,70.77,47.48,53.07,67.33
69.21,69.21,45.82,53.17,69.50
71.38,71.38,47.08,54.65,67.31
73.40,73.40,50.12,61.57,69.26
71.38,71.38,58.50,72.38,67.58
70.53,70.53,68.55,70.71,68.36
68.57,68.57,65.42,75.14,69.41
75.18,75.18,61.39,75.33,69.27
78.16,78.16,59.24,74.34,67.64
79.17,79.17,56.85,74.77,67.96
75.39,75.39,54.79,73.80,63.91
75.31,75.31,52.81,73.14,64.70
74.42,74.42,52.10,73.90,63.29
75.27,75.27,50.18,72.40,65.03
75.98,75.98,50.23,72.55,65.88
76.04,76.04,54.48,71.22,62.88
74.67,74.67,65.88,69.15,55.14
75.59,75.59,73.34,67.26,58.08
71.16,71.16,92.37,64.80,60.52
70.18,70.18,88.78,62.10,56.80
70.04,70.04,91.49,61.52,61.00
69.88,69.88,83.86,72.48,64.38
72.39,72.39,86.17,73.59,69.95
70.42,70.42,84.38,74.73,68.11
71.57,71.57,72.68,76.80,71.40
69.79,69.79,80.97,73.89,69.69
70.79,70.79,78.48,74.31,69.61
69.92,69.92,80.96,74.96,68.96
72.09,72.09,76.69,75.32,67.66
70.68,70.68,80.75,74.07,66.91
69.34,69.34,81.07,75.84,67.56
68.74,68.74,76.09,76.70,67.34
70.45,70.45,80.17,73.20,67.37
69.50,69.50,78.74,75.39,69.23
70.47,70.47,76.66,74.86,67.56
72.32,72.32,79.27,74.74,63.34
70.40,70.40,77.37,73.33,65.91
68.27,68.27,75.38,75.32,65.89
68.84,68.84,77.85,73.85,65.50
70.77,70.77,76.25,72.26,63.86
71.48,71.48,73.76,74.38,66.82
69.39,69.39,76.17,74.72,68.77
68.25,68.25,76.22,70.20,66.54
69.30,69.30,74.17,68.55,67.82
70.11,70.11,80.54,64.94,66.36
69.63,69.63,92.91,65.18,60.97
69.46,69.46,88.45,61.06,63.63
70.49,70.49,90.85,62.78,65.32
70.92,70.92,85.11,63.83,63.91
70.53,70.53,90.76,66.97,70.02
70.70,70.70,91.68,71.51,65.64
69.86,69.86,88.40,72.02,67.46
70.52,70.52,88.53,70.71,65.69
71.10,71.10,81.69,71.13,66.23
73.45,73.45,84.20,72.65,67.20
70.12,70.12,82.84,68.80,65.06
72.89,72.89,78.35,64.71,64.32
71.05,71.05,80.83,55.20,64.02
73.59,73.59,80.19,56.12,64.87
69.18,69.18,77.09,59.87,66.36
69.48,69.48,79.96,69.67,66.25
69.13,69.13,78.49,74.61,67.72
68.70,68.70,75.25,73.35,66.15
74.85,74.85,78.62,73.46,67.26
74.88,74.88,77.76,72.52,64.72
71.67,71.67,74.36,72.85,66.09
71.01,71.01,77.25,73.99,65.37
68.84,68.84,76.23,74.68,67.13
70.29,70.29,72.97,74.84,65.48
70.91,70.91,76.26,74.64,65.11
66.15,66.15,74.77,74.53,65.02
64.11,64.11,77.22,72.71,63.44
65.68,65.68,83.53,71.26,63.86
68.96,68.96,78.08,74.75,62.80
67.77,67.77,74.06,77.18,64.30
70.16,70.16,72.12,74.50,60.64
71.17,71.17,72.39,75.05,61.11
72.64,72.64,70.23,76.35,62.04
72.83,72.83,69.53,76.22,63.12
71.60,71.60,72.50,76.35,63.45
74.64,74.64,69.00,76.30,63.71
76.25,76.25,67.77,75.68,65.08
74.69,74.69,69.66,74.93,63.78
69.44,69.44,67.07,75.36,66.20
70.22,70.22,65.37,75.51,66.86
72.04,72.04,66.66,75.54,66.21
70.61,70.61,63.81,72.17,68.80
68.75,68.75,62.06,74.04,66.08
69.23,69.23,65.93,72.71,63.25
68.40,68.40,65.39,72.53,68.61
69.52,69.52,60.45,73.18,63.23
73.23,73.23,65.01,72.22,66.20
71.46,71.46,58.94,72.11,65.79
71.37,71.37,47.53,70.01,62.45
71.81,71.81,42.96,69.57,63.70
69.29,69.29,42.88,66.22,60.25
69.33,69.33,45.50,57.48,59.52
74.01,74.01,47.93,56.80,63.98
72.98,72.98,52.34,54.09,63.57
68.72,68.72,62.66,62.07,63.86
68.32,68.32,65.24,74.82,60.13
68.90,68.90,58.84,76.45,61.45
66.39,66.39,55.31,73.73,60.86
67.24,67.24,51.21,74.16,63.27
67.09,67.09,49.11,75.64,57.42
67.31,67.31,45.47,74.19,58.44
70.46,70.46,41.30,76.38,62.85
70.65,70.65,40.53,72.95,61.17
69.82,69.82,49.61,76.24,59.31
67.81,67.81,60.79,72.00,60.68
68.41,68.41,68.39,72.00,61.53
66.20,66.20,88.44,70.86,64.57
70.36,70.36,84.46,66.82,65.28
71.25,71.25,85.49,58.31,64.46
69.37,69.37,82.00,59.57,62.11
70.26,70.26,87.99,70.83,64.30
72.16,72.16,84.12,73.52,61.76
71.06,71.06,86.57,72.04,62.90
70.25,70.25,80.78,73.11,63.48
69.75,69.75,79.59,72.84,63.24
73.34,73.34,72.11,72.98,63.91
72.41,72.41,69.70,71.69,62.78
70.25,70.25,68.85,74.12,64.01
71.86,71.86,60.35,73.63,65.07
71.36,71.36,57.43,70.76,59.63
71.22,71.22,57.92,72.86,69.08
69.67,69.67,55.61,73.98,60.94
69.95,69.95,54.22,70.55,64.18
68.94,68.94,48.68,71.90,62.65
69.96,69.96,43.90,72.72,61.86
70.06,70.06,38.94,71.46,61.71
70.80,70.80,37.70,69.26,62.27
71.67,71.67,36.54,72.44,60.83
72.78,72.78,35.10,72.42,62.09
70.68,70.68,34.08,67.93,61.50
71.03,71.03,35.38,71.81,62.64
70.31,70.31,40.53,72.86,57.78
70.41,70.41,50.27,68.83,58.13
70.02,70.02,59.85,69.95,55.21
70.03,70.03,70.94,72.27,61.35
68.86,68.86,65.77,65.94,61.52
66.78,66.78,65.10,70.46,61.37
69.48,69.48,59.49,61.89,58.76
69.62,69.62,54.59,62.62,59.57
67.23,67.23,48.00,63.56,60.87
65.61,65.61,57.66,62.68,59.47
68.48,68.48,51.52,56.36,57.87
63.74,63.74,51.06,52.77,58.38
65.39,65.39,48.88,42.81,55.38
66.66,66.66,63.09,41.59,56.83
67.96,67.96,72.53,44.89,53.67
60.03,60.03,91.90,56.39,58.46
63.69,63.69,90.07,57.72,55.95
66.69,66.69,89.82,62.68,53.88
62.98,62.98,83.58,66.36,55.92
63.27,63.27,93.28,67.97,59.66
62.48,62.48,89.25,68.25,58.62
62.31,62.31,91.53,69.36,60.99
61.21,61.21,86.38,70.65,61.22
61.44,61.44,85.12,71.44,60.53
63.78,63.78,84.16,70.27,58.68
63.38,63.38,80.24,70.19,59.12
66.70,66.70,81.90,69.96,58.81
62.74,62.74,80.40,71.50,60.86
63.04,63.04,77.55,73.86,61.31
65.04,65.04,80.44,77.50,66.37
62.11,62.11,79.23,76.05,65.07
65.11,65.11,76.54,77.13,63.81
66.90,66.90,78.93,75.62,63.62
69.63,69.63,78.06,76.66,62.74
69.92,69.92,75.49,76.41,65.05
71.13,71.13,78.22,76.55,61.77
68.49,68.49,76.69,76.66,64.68
65.16,65.16,74.01,75.44,61.52
63.00,63.00,77.05,75.32,61.82
63.87,63.87,75.14,71.62,60.46
58.35,58.35,73.00,54.64,52.50
55.81,55.81,79.17,55.88,53.32
65.03,65.03,82.52,70.53,56.31
66.33,66.33,77.95,73.52,60.20
67.18,67.18,74.79,73.75,61.51
66.41,66.41,73.09,76.86,63.10
69.09,69.09,69.52,75.79,64.34
69.24,69.24,72.08,76.05,63.18
68.25,68.25,72.79,76.48,64.79
71.89,71.89,66.94,75.97,66.48
71.79,71.79,68.83,74.97,64.62
73.29,73.29,71.20,75.83,66.02
73.97,73.97,67.36,75.97,67.63
76.03,76.03,68.39,76.46,66.34
78.90,78.90,70.23,76.15,70.15
76.97,76.97,67.99,75.00,69.79
76.10,76.10,65.74,74.82,66.98
79.19,79.19,69.52,75.89,69.55
78.96,78.96,65.78,76.32,67.58
80.79,80.79,62.05,76.72,67.22
79.36,79.36,67.00,75.80,69.59
79.18,79.18,61.14,75.71,65.96
76.14,76.14,57.03,75.73,67.14
76.52,76.52,61.44,75.73,66.67
78.08,78.08,48.26,75.97,64.24
77.23,77.23,47.99,75.44,66.73
79.09,79.09,49.56,75.26,66.12
77.43,77.43,53.04,75.30,63.13
78.15,78.15,62.95,74.68,64.59
77.61,77.61,64.63,77.05,60.75
77.42,77.42,62.08,75.91,66.16
77.57,77.57,60.33,72.53,65.79
77.59,77.59,59.00,75.37,66.48
77.50,77.50,56.76,75.64,62.11
76.18,76.18,53.22,75.48,65.83
76.21,76.21,49.76,74.46,60.41
77.31,77.31,45.06,74.18,62.26
77.52,77.52,41.87,75.78,61.78
75.42,75.42,40.28,75.36,63.47
77.34,77.34,43.23,76.92,60.23
78.19,78.19,51.27,69.79,65.54
74.84,74.84,61.74,74.03,61.44
74.69,74.69,68.39,66.17,66.35
70.27,70.27,62.89,70.73,65.43
70.32,70.32,60.05,76.06,67.91
73.05,73.05,56.75,74.85,66.24
75.29,75.29,55.26,73.57,65.28
78.61,78.61,55.23,76.30,66.34
76.67,76.67,54.07,72.69,62.99
77.33,77.33,51.65,75.33,62.55
73.46,73.46,49.86,74.44,64.13
74.18,74.18,47.76,74.60,63.43
74.10,74.10,55.92,74.35,63.38
74.77,74.77,68.32,71.41,63.77
70.57,70.57,73.85,66.92,61.91
68.40,68.40,91.60,62.62,60.57
68.14,68.14,89.56,61.99,65.24
71.15,71.15,92.23,63.03,64.78
69.60,69.60,83.69,71.89,67.73
72.43,72.43,87.37,70.21,73.34
71.18,71.18,84.30,73.66,70.65
72.85,72.85,74.37,74.99,69.05
74.68,74.68,81.58,71.56,74.59
75.37,75.37,78.65,68.18,72.38
74.56,74.56,80.88,73.20,71.95
71.99,71.99,76.63,70.02,79.00
71.39,71.39,81.39,73.57,79.34
70.45,70.45,79.73,72.21,75.85
70.32,70.32,77.92,72.83,72.24
71.00,71.00,80.26,69.99,77.91
69.26,69.26,77.33,73.22,81.46
68.82,68.82,77.89,73.23,82.73
70.82,70.82,79.27,69.52,80.89
71.00,71.00,75.71,72.38,80.53
69.09,69.09,77.05,72.49,83.12
67.21,67.21,77.74,68.56,81.20
66.28,66.28,74.27,71.01,81.11
67.60,67.60,75.53,71.89,83.02
69.55,69.55,76.44,71.05,80.65
70.04,70.04,73.09,70.43,76.73
68.85,68.85,72.78,67.86,75.78
69.48,69.48,81.88,62.86,75.69
66.86,66.86,92.26,63.42,75.72
71.17,71.17,91.36,58.91,78.46
73.33,73.33,87.33,63.29,79.00
69.86,69.86,89.89,60.39,77.91
67.69,67.69,88.80,64.18,80.22
70.50,70.50,86.24,67.11,80.08
72.84,72.84,75.94,64.99,78.26
70.48,70.48,75.70,62.10,78.36
66.74,66.74,77.04,61.91,79.71
70.95,70.95,76.32,60.58,81.56
70.68,70.68,75.78,64.49,79.81
68.54,68.54,79.90,58.94,79.79
67.80,67.80,78.85,56.24,81.80
71.49,71.49,77.74,62.32,79.05
69.64,69.64,80.24,61.59,79.24
70.77,70.77,77.34,71.36,79.17
70.83,70.83,77.97,75.65,76.75
73.68,73.68,79.60,74.99,76.31
69.42,69.42,76.12,76.53,77.60
73.61,73.61,77.47,76.43,74.34
72.20,72.20,78.11,76.27,73.77
75.14,75.14,74.47,76.83,75.93
74.21,74.21,76.19,77.28,71.40
69.49,69.49,77.01,76.62,71.17
69.52,69.52,74.46,75.71,74.22
65.02,65.02,75.96,71.29,71.70
72.90,72.90,77.63,67.77,72.06
71.49,71.49,82.52,70.37,68.27
67.34,67.34,78.93,72.77,67.28
69.41,69.41,75.09,76.39,66.88
68.00,68.00,73.70,73.42,61.50
67.72,67.72,72.34,75.11,58.36
72.25,72.25,72.74,76.86,60.18
71.14,71.14,70.97,76.25,61.84
72.25,72.25,69.04,76.04,63.94
70.03,70.03,69.49,75.99,63.20
68.98,68.98,71.39,75.72,64.65
68.53,68.53,67.02,75.44,63.29
68.24,68.24,67.66,75.24,66.55
73.10,73.10,70.08,75.49,64.60
68.09,68.09,66.45,75.07,66.54
68.15,68.15,65.68,72.26,65.16
71.69,71.69,70.37,73.46,64.70
73.82,73.82,64.59,72.26,64.11
73.21,73.21,63.03,72.20,65.28
73.73,73.73,67.04,72.86,62.83
71.39,71.39,62.16,72.25,64.87
69.76,69.76,61.38,71.01,63.88
70.21,70.21,60.90,72.32,63.83
67.25,67.25,43.89,70.20,63.08
68.02,68.02,46.66,65.33,63.82
70.99,70.99,47.90,58.33,59.49
71.95,71.95,52.02,58.87,62.83
71.04,71.04,50.28,54.67,65.47
71.84,71.84,62.43,65.20,59.79
70.03,70.03,64.31,74.59,62.76
75.95,75.95,59.11,75.91,58.83
70.36,70.36,54.29,74.05,61.59
66.38,66.38,50.14,76.16,64.05
71.69,71.69,46.42,73.64,57.68
71.26,71.26,43.67,75.59,58.71
72.78,72.78,40.76,75.29,59.66
68.24,68.24,39.38,72.51,61.33
70.86,70.86,51.28,75.63,59.35
65.88,65.88,61.00,70.95,60.69
65.47,65.47,68.49,73.25,58.23
70.07,70.07,90.90,70.37,61.49
68.79,68.79,83.94,65.69,63.07
72.93,72.93,85.34,60.86,59.55
75.11,75.11,82.29,57.84,58.38
73.13,73.13,88.80,71.38,60.26
71.85,71.85,84.40,73.73,63.98
72.65,72.65,86.26,72.54,63.21
73.71,73.71,80.83,72.94,63.17
74.51,74.51,79.00,74.08,62.78
73.00,73.00,70.53,72.02,61.48
69.17,69.17,71.51,73.16,63.07
70.43,70.43,67.14,74.12,59.42
71.26,71.26,61.22,72.74,63.45
73.07,73.07,58.49,71.35,61.26
73.59,73.59,57.59,73.26,63.22
73.79,73.79,57.07,73.28,62.49
72.84,72.84,55.17,70.50,63.09
72.84,72.84,50.69,73.44,61.41
70.98,70.98,46.94,72.86,60.42
72.99,72.99,41.82,69.92,62.41
73.01,73.01,38.29,71.06,61.01
73.42,73.42,37.41,72.47,62.41
72.62,72.62,36.50,70.86,59.76
72.62,72.62,36.48,68.67,62.43
71.98,71.98,42.15,71.93,60.32
72.61,72.61,50.75,73.03,59.63
73.54,73.54,60.25,69.89,59.93
70.16,70.16,66.77,70.81,60.56
68.65,68.65,64.74,72.55,59.24
70.87,70.87,61.44,66.84,63.72
71.02,71.02,60.54,71.42,60.31
70.46,70.46,52.73,64.66,57.49
70.20,70.20,52.34,63.92,57.72
68.13,68.13,42.86,63.88,61.61
66.52,66.52,51.55,64.22,57.53
63.85,63.85,46.12,57.77,59.44
66.55,66.55,47.89,51.93,54.43
66.98,66.98,54.54,44.98,53.88
64.55,64.55,64.88,43.66,56.35
68.73,68.73,74.17,51.61,56.27
58.95,58.95,92.16,60.51,55.00
68.02,68.02,89.13,58.64,53.64
69.96,69.96,91.10,67.09,53.81
66.99,66.99,82.80,69.55,53.32
64.76,64.76,93.13,69.90,58.67
62.50,62.50,90.30,70.15,57.95
63.87,63.87,90.87,71.24,61.40
60.75,60.75,86.15,70.85,58.27
58.98,58.98,84.90,71.08,61.72
66.84,66.84,82.92,70.57,57.65
70.12,70.12,80.93,70.43,59.44
68.64,68.64,81.79,69.59,57.08
64.47,64.47,78.68,71.33,59.66
61.06,61.06,78.91,74.84,59.69
61.06,61.06,80.64,77.79,65.44
64.06,64.06,77.18,75.62,62.59
67.17,67.17,78.30,76.41,61.13
69.56,69.56,78.98,75.85,63.74
70.05,70.05,76.17,76.90,62.12
70.01,70.01,77.31,77.13,63.73
68.88,68.88,78.12,76.20,61.16
62.17,62.17,74.57,76.10,62.52
63.20,63.20,75.89,75.66,60.01
68.66,68.66,76.98,75.62,62.13
67.57,67.57,73.99,69.95,59.88
61.25,61.25,73.59,54.13,49.38
53.40,53.40,79.37,52.98,58.81
58.33,58.33,83.02,72.41,60.63
56.58,56.58,77.87,79.01,63.82
59.75,59.75,73.38,77.70,62.75
64.30,64.30,72.82,77.62,62.92
65.81,65.81,70.25,78.80,62.92
66.53,66.53,72.31,77.05,64.40
68.82,68.82,70.97,75.70,62.16
68.71,68.71,68.51,75.52,62.95
64.02,64.02,69.93,76.48,64.00
70.41,70.41,71.14,76.96,63.24
69.75,69.75,65.87,77.60,65.31
65.53,65.53,67.35,76.62,64.05
67.29,67.29,70.51,76.43,67.29
69.00,69.00,66.71,76.44,68.20
67.42,67.42,66.01,77.08,65.99
67.17,67.17,69.52,77.64,65.14
66.03,66.03,63.63,77.23,66.47
66.58,66.58,63.81,76.76,66.86
74.06,74.06,66.78,76.40,68.91
78.16,78.16,59.82,76.47,69.07
74.59,74.59,61.01,76.33,69.02
67.69,67.69,59.21,76.29,68.08
67.78,67.78,51.44,76.09,67.49
66.31,66.31,52.34,75.85,64.85
66.12,66.12,50.07,75.63,64.94
67.67,67.67,54.59,75.66,64.53
65.40,65.40,64.69,75.22,65.49
61.28,61.28,62.55,74.73,65.77
64.21,64.21,57.91,75.53,65.79
65.97,65.97,54.26,74.81,67.87
67.39,67.39,53.29,73.90,68.26
66.62,66.62,48.38,72.32,65.81
65.86,65.86,46.49,71.09,66.72
68.20,68.20,42.44,69.06,65.42
69.64,69.64,38.74,59.91,67.23
69.50,69.50,39.85,52.71,63.71
67.33,67.33,39.55,53.16,66.73
64.49,64.49,43.30,55.66,65.91
64.68,64.68,48.95,61.63,67.94
69.22,69.22,62.96,75.09,69.06
68.47,68.47,67.88,70.40,65.92
70.36,70.36,64.45,74.89,63.50
72.00,72.00,61.63,74.42,64.22
74.63,74.63,60.93,73.81,63.24
73.36,73.36,59.43,73.98,63.71
73.37,73.37,57.78,72.82,62.36
76.39,76.39,55.61,72.68,62.32
75.08,75.08,54.37,73.66,64.27
75.25,75.25,51.60,72.65,62.58
74.83,74.83,49.95,73.69,61.60
74.35,74.35,56.28,71.75,61.15
70.78,70.78,66.97,68.66,59.43
68.60,68.60,75.65,67.18,59.83
69.52,69.52,91.97,69.62,59.71
68.79,68.79,87.69,59.33,56.68
69.47,69.47,91.48,64.59,64.01
69.86,69.86,85.15,72.15,67.34
70.32,70.32,90.07,74.61,70.11
71.74,71.74,92.89,74.84,70.42
69.01,69.01,87.66,75.56,72.07
70.66,70.66,88.69,73.24,71.78
69.00,69.00,85.23,74.35,71.89
68.14,68.14,81.22,75.31,71.90
69.62,69.62,83.70,74.52,71.63
70.42,70.42,81.12,75.16,71.99
72.98,72.98,78.51,76.05,72.57
71.40,71.40,80.66,74.65,71.82
72.95,72.95,79.53,74.75,68.39
70.42,70.42,76.95,75.35,70.33
70.83,70.83,79.47,74.65,67.23
71.52,71.52,77.99,73.35,68.70
72.76,72.76,75.73,75.32,68.84
71.35,71.35,78.29,75.55,66.01
69.95,69.95,76.98,72.44,64.26
71.57,71.57,74.49,73.57,63.33
70.78,70.78,76.97,74.15,67.13
70.98,70.98,75.90,72.97,69.44
70.04,70.04,69.60,72.02,64.56
68.85,68.85,76.56,69.32,66.34
69.86,69.86,85.30,66.37,66.96
68.45,68.45,92.92,65.59,63.96
67.43,67.43,90.71,60.55,64.81
69.18,69.18,87.31,61.97,63.56
67.95,67.95,86.64,64.11,66.58
71.08,71.08,92.97,70.79,67.28
70.52,70.52,89.20,72.59,67.45
73.89,73.89,89.08,71.82,68.72
76.40,76.40,86.75,69.22,68.63
76.48,76.48,81.02,73.62,67.58
75.71,75.71,83.85,72.63,68.53
71.61,71.61,81.70,66.85,67.95
69.70,69.70,78.69,62.58,65.33
71.24,71.24,81.32,59.14,65.45
69.89,69.89,79.30,53.93,65.33
70.73,70.73,78.42,61.07,65.41
69.46,69.46,80.48,70.90,67.71
73.05,73.05,77.34,75.29,66.47
72.63,72.63,77.31,73.92,66.76
69.03,69.03,79.43,73.23,65.44
68.24,68.24,76.47,72.56,65.70
72.77,72.77,76.91,72.14,65.88
69.82,69.82,77.92,73.90,67.47
70.35,70.35,75.22,74.67,67.80
68.56,68.56,75.19,74.48,67.42
71.80,71.80,76.70,74.27,65.46
69.90,69.90,73.59,74.20,65.66
65.77,65.77,80.82,72.33,64.30
63.56,63.56,82.93,72.44,67.37
67.09,67.09,77.37,76.37,65.76
69.94,69.94,74.33,77.12,65.18
70.49,70.49,73.27,72.92,62.28
68.47,68.47,73.82,75.68,58.36
68.02,68.02,70.82,76.23,61.28
66.15,66.15,71.12,76.37,60.86
68.21,68.21,72.43,76.01,64.11
68.00,68.00,69.28,75.93,63.46
68.45,68.45,70.08,75.91,65.99
69.75,69.75,70.51,75.05,63.33
70.17,70.17,66.03,75.24,66.61
67.99,67.99,68.20,75.58,64.56
68.59,68.59,66.66,75.93,67.64
69.11,69.11,64.26,71.73,64.73
67.47,67.47,66.13,73.31,64.36
68.03,68.03,67.97,73.50,64.43
66.22,66.22,63.16,72.58,66.72
66.31,66.31,64.04,72.32,62.21
67.21,67.21,66.72,71.65,64.90
63.79,63.79,62.79,70.91,65.56
66.36,66.36,60.06,69.52,62.28
67.79,67.79,58.93,70.76,64.70
67.03,67.03,46.77,65.18,63.04
65.55,65.55,48.28,58.09,61.05
69.29,69.29,49.23,56.95,64.02
72.91,72.91,54.74,55.20,60.48
73.02,73.02,64.38,67.49,58.27
73.54,73.54,63.51,74.51,60.77
72.11,72.11,57.19,76.87,58.70
72.48,72.48,54.53,72.56,60.74
70.06,70.06,48.59,75.90,61.36
67.19,67.19,46.54,73.76,54.57
67.89,67.89,43.53,75.60,56.25
67.60,67.60,41.54,74.84,60.62
69.82,69.82,39.17,75.77,58.13
67.66,67.66,51.53,73.12,53.33
67.24,67.24,63.79,73.58,60.20
66.64,66.64,68.98,72.01,58.06
69.20,69.20,90.71,69.18,61.30
67.41,67.41,81.93,64.47,58.03
68.04,68.04,86.65,59.50,55.91
68.52,68.52,80.42,60.14,59.08
73.10,73.10,89.03,72.22,63.94
72.72,72.72,85.54,71.93,59.95
72.70,72.70,85.03,72.17,64.25
71.19,71.19,81.46,72.89,60.62
73.69,73.69,77.77,72.64,64.22
73.28,73.28,70.12,71.67,62.02
72.89,72.89,72.06,73.37,63.17
72.49,72.49,65.70,74.64,61.09
73.92,73.92,60.91,70.95,62.22
75.84,75.84,57.96,73.23,62.35
74.76,74.76,55.51,73.20,63.17
74.08,74.08,54.89,71.56,63.21
72.87,72.87,52.23,71.24,63.48
75.11,75.11,47.52,73.23,63.24
74.55,74.55,42.91,71.92,62.01
74.31,74.31,38.31,69.51,61.08
73.52,73.52,36.57,72.24,61.43
73.40,73.40,36.20,72.95,61.67
72.62,72.62,34.54,68.62,58.91
73.21,73.21,35.51,70.89,63.22
74.66,74.66,37.52,71.73,59.02
74.42,74.42,48.79,71.20,58.87
73.69,73.69,57.83,68.19,59.84
71.83,71.83,67.49,71.90,63.74
71.98,71.98,64.83,68.83,62.22
70.66,70.66,61.49,67.27,65.05
71.80,71.80,58.84,70.98,60.44
70.86,70.86,53.28,64.18,58.35
67.18,67.18,50.25,64.87,58.58
67.01,67.01,43.68,61.64,61.53
64.67,64.67,45.03,64.34,58.91
65.24,65.24,38.82,58.03,57.88
63.64,63.64,45.16,51.79,56.43
62.44,62.44,52.45,44.65,53.17
59.96,59.96,66.81,44.08,55.78
60.95,60.95,74.65,53.24,57.18
55.32,55.32,92.50,57.70,54.21
58.33,58.33,89.52,58.26,53.19
55.88,55.88,91.73,68.01,58.31
58.34,58.34,82.60,68.92,55.39
60.63,60.63,91.98,68.55,57.15
60.17,60.17,91.00,68.80,56.32
61.74,61.74,89.73,72.30,60.82
64.32,64.32,85.30,73.73,56.61
63.85,63.85,83.47,73.38,59.73
63.98,63.98,81.77,71.24,56.59
67.14,67.14,80.57,69.67,58.59
67.60,67.60,81.40,68.72,57.64
67.74,67.74,78.86,71.82,58.29
67.97,67.97,79.40,74.63,62.96
69.10,69.10,81.17,76.92,67.59
70.00,70.00,77.53,75.97,66.15
70.54,70.54,78.91,76.21,64.68
70.69,70.69,79.45,76.10,68.68
71.04,71.04,76.55,76.92,64.31
71.37,71.37,78.40,76.15,66.05
70.93,70.93,78.59,77.16,64.83
70.91,70.91,75.08,74.35,64.06
71.48,71.48,77.06,75.99,62.94
70.65,70.65,76.97,75.42,63.09
68.20,68.20,72.58,66.79,59.90
63.11,63.11,74.22,58.55,51.98
56.77,56.77,81.21,60.64,59.23
50.02,50.02,82.14,72.59,63.67
48.23,48.23,77.18,79.31,63.11
52.01,52.01,73.54,78.12,63.55
55.24,55.24,72.04,79.20,62.80
57.06,57.06,71.32,78.79,64.12
57.27,57.27,72.91,77.59,65.67
57.14,57.14,70.68,76.85,63.34
54.97,54.97,69.34,76.57,64.68
53.94,53.94,70.93,76.87,65.64
53.98,53.98,71.57,76.88,60.59
53.89,53.89,66.89,77.18,65.88
55.16,55.16,69.03,77.19,63.73
54.65,54.65,70.53,77.14,65.30
54.91,54.91,67.37,77.72,66.82
53.09,53.09,67.63,77.34,66.29
51.81,51.81,69.42,77.34,68.09
49.53,49.53,63.78,77.16,69.18
52.07,52.07,66.52,77.02,70.00
54.97,54.97,67.28,76.94,70.45
54.61,54.61,59.80,76.14,69.57
54.51,54.51,62.56,75.93,69.67
56.89,56.89,66.48,76.37,68.46
59.37,59.37,57.88,76.42,68.57
62.59,62.59,47.33,76.82,62.35
63.34,63.34,43.45,75.95,66.30
59.78,59.78,47.85,75.54,69.49
58.85,58.85,63.54,75.10,68.26
57.64,57.64,60.93,74.65,69.37
60.41,60.41,56.98,75.71,71.17
59.46,59.46,52.66,74.16,68.53
61.93,61.93,51.37,73.93,69.90
60.28,60.28,44.97,71.49,68.64
59.25,59.25,41.40,71.06,69.51
60.52,60.52,36.81,68.36,68.42
58.40,58.40,32.95,58.31,68.96
60.78,60.78,35.53,48.76,65.77
59.90,59.90,38.21,52.86,69.28
61.33,61.33,43.79,54.59,66.59
60.91,60.91,51.39,64.48,67.26
60.00,60.00,65.81,72.89,68.70
60.32,60.32,69.90,72.63,69.26
60.02,60.02,64.97,74.29,67.96
56.37,56.37,62.30,74.30,63.97
49.70,49.70,60.89,73.94,64.03
46.12,46.12,60.84,74.21,65.81
48.21,48.21,58.23,73.73,64.07
47.12,47.12,58.41,73.53,62.69
45.77,45.77,57.93,73.31,64.72
47.69,47.69,56.88,71.35,63.18
54.18,54.18,58.22,71.57,69.88
49.88,49.88,60.45,66.32,70.21
46.33,46.33,66.11,59.79,68.82
47.23,47.23,80.19,58.34,70.10
45.87,45.87,93.62,62.94,68.85
44.48,44.48,88.04,59.26,69.29
46.58,46.58,91.49,65.14,68.01
48.77,48.77,79.23,71.90,76.80
47.52,47.52,88.65,73.35,78.89
47.28,47.28,91.76,70.68,77.92
44.95,44.95,86.24,73.03,79.20
46.19,46.19,89.67,71.47,78.52
46.27,46.27,82.19,67.33,77.21
47.05,47.05,83.78,70.10,76.88
46.55,46.55,83.46,71.95,74.01
46.11,46.11,78.86,69.81,71.50
44.47,44.47,81.18,69.40,71.69
45.17,45.17,80.00,71.48,68.96
43.99,43.99,77.51,73.24,74.01
45.43,45.43,79.31,69.71,72.73
45.29,45.29,77.99,72.80,68.52
42.92,42.92,75.35,72.47,69.84
44.11,44.11,78.12,73.73,71.42
46.21,46.21,76.92,71.83,73.49
47.22,47.22,73.91,73.76,73.72
48.70,48.70,76.64,74.29,75.11
51.76,51.76,75.60,74.45,75.39
54.22,54.22,72.12,74.40,74.71
54.23,54.23,76.87,71.10,74.75
54.23,54.23,74.74,65.61,74.05
60.84,60.84,88.18,66.87,74.60
67.56,67.56,89.76,59.72,71.10
75.14,75.14,87.52,59.18,71.14
81.97,81.97,88.45,63.79,71.74
80.12,80.12,90.83,70.01,71.02
79.83,79.83,92.20,74.21,73.01
78.34,78.34,88.07,74.00,73.97
70.93,70.93,86.96,72.50,69.90
72.28,72.28,83.66,76.49,71.86
81.06,81.06,77.99,77.21,69.27
78.07,78.07,80.97,74.99,72.31
75.37,75.37,79.75,73.26,68.94
79.70,79.70,75.81,73.12,70.14
80.17,80.17,79.28,72.89,71.48
79.14,79.14,79.02,70.80,72.02
79.61,79.61,76.12,71.66,71.93
79.08,79.08,78.45,79.02,72.35
79.43,79.43,77.41,81.58,69.79
78.31,78.31,75.44,80.53,68.47
77.04,77.04,78.64,80.14,66.08
74.93,74.93,77.44,79.32,65.49
74.22,74.22,73.69,78.25,66.81
74.78,74.78,76.44,75.56,64.34
74.25,74.25,76.34,74.18,63.92
75.03,75.03,72.20,73.79,67.40
73.43,73.43,74.57,74.32,65.55
74.50,74.50,75.67,77.03,65.20
75.63,75.63,79.38,71.16,68.72
74.20,74.20,82.05,67.33,67.72
77.63,77.63,77.23,67.00,66.19
79.95,79.95,73.70,68.03,66.49
80.04,80.04,71.84,73.74,67.64
80.69,80.69,73.13,76.60,68.23
80.51,80.51,70.14,77.29,70.83
80.38,80.38,70.63,77.68,69.18
78.73,78.73,70.76,78.09,67.59
71.91,71.91,67.08,77.61,70.37
74.17,74.17,67.19,76.45,66.16
77.26,77.26,70.06,76.16,69.44
73.15,73.15,66.40,76.66,67.35
77.81,77.81,65.94,77.02,69.76
70.72,70.72,65.76,74.97,63.78
81.12,81.12,63.85,67.74,67.89
81.18,81.18,64.13,53.96,64.55
78.06,78.06,66.02,66.14,64.31
67.34,67.34,63.52,73.29,64.55
70.95,70.95,61.85,72.87,65.02
73.59,73.59,62.49,72.80,64.91
72.77,72.77,44.35,73.35,61.69
70.37,70.37,46.32,73.39,60.57
66.06,66.06,45.43,73.18,62.69
68.40,68.40,46.69,72.77,63.65
68.51,68.51,46.03,72.78,60.98
74.91,74.91,53.15,72.99,64.12
75.01,75.01,49.93,69.89,65.04
71.37,71.37,61.91,63.48,64.74
69.92,69.92,61.27,54.15,62.93
71.59,71.59,55.13,62.54,64.67
71.90,71.90,52.80,73.79,66.24
69.61,69.61,51.35,75.52,64.03
64.91,64.91,48.87,75.76,63.71
62.21,62.21,47.42,75.98,61.69
65.78,65.78,45.76,76.21,64.53
63.10,63.10,47.02,76.49,63.99
65.29,65.29,55.35,75.26,65.46
64.35,64.35,65.22,72.38,62.70
62.17,62.17,73.40,71.40,62.77
63.71,63.71,92.20,73.12,60.40
71.04,71.04,83.23,70.43,63.83
73.23,73.23,90.15,65.88,64.21
73.72,73.72,79.33,71.02,67.47
75.72,75.72,88.34,68.83,67.27
70.03,70.03,88.09,68.49,66.21
70.00,70.00,82.83,70.90,67.05
71.97,71.97,83.01,73.57,65.53
70.92,70.92,75.84,72.32,67.25
73.47,73.47,69.57,73.41,65.32
74.40,74.40,73.25,73.78,66.76
75.80,75.80,65.05,73.50,66.89
74.99,74.99,59.12,66.10,67.66
74.47,74.47,58.61,51.30,65.22
75.63,75.63,53.85,54.45,65.65
72.61,72.61,56.99,52.45,62.83
74.15,74.15,54.55,63.77,63.27
73.59,73.59,53.63,75.09,64.37
72.96,72.96,46.87,75.90,64.03
73.61,73.61,45.35,75.58,65.03
74.50,74.50,40.68,75.39,61.54
74.45,74.45,42.26,74.87,62.37
74.43,74.43,43.40,74.40,62.83
73.23,73.23,41.28,73.71,61.99
73.46,73.46,45.78,73.46,60.51
72.96,72.96,49.38,72.54,62.60
74.77,74.77,55.01,72.50,57.45
75.34,75.34,65.94,73.35,61.25
75.55,75.55,67.19,69.53,61.75
72.90,72.90,57.53,61.83,58.35
72.54,72.54,50.84,70.57,59.70
70.84,70.84,44.40,76.26,60.66
72.50,72.50,41.44,76.18,61.56
73.01,73.01,36.65,76.03,64.17
72.58,72.58,39.59,75.86,61.74
70.91,70.91,40.38,76.39,65.24
73.48,73.48,42.22,76.59,63.43
71.14,71.14,55.27,75.95,58.62
72.56,72.56,59.91,75.01,63.21
71.17,71.17,72.38,77.55,62.28
71.35,71.35,92.63,76.44,63.68
72.98,72.98,84.51,69.81,61.16
75.35,75.35,89.31,68.68,67.72
74.31,74.31,88.55,73.02,66.67
71.17,71.17,91.46,73.95,64.55
70.72,70.72,91.20,74.53,63.49
69.80,69.80,87.67,75.25,64.19
71.13,71.13,84.76,74.43,63.91
70.39,70.39,81.02,74.51,63.73
73.34,73.34,80.09,75.10,62.75
72.91,72.91,77.86,74.48,57.84
72.37,72.37,78.72,74.40,59.62
72.74,72.74,79.65,73.61,60.79
75.28,75.28,76.64,66.51,61.15
74.78,74.78,78.70,58.29,53.19
70.42,70.42,78.63,60.96,58.16
69.40,69.40,75.81,68.25,60.09
70.01,70.01,78.34,73.07,59.55
69.43,69.43,77.78,74.20,60.61
66.35,66.35,74.88,73.99,57.48
69.18,69.18,77.44,73.36,58.10
72.93,72.93,76.54,72.37,60.17
74.27,74.27,73.95,71.91,54.95
73.98,73.98,76.29,71.88,55.30
72.15,72.15,75.52,72.26,56.77
68.38,68.38,72.01,71.34,53.84
67.93,67.93,81.72,69.36,56.42
72.47,72.47,81.98,67.08,59.31
66.68,66.68,76.02,66.72,56.03
63.34,63.34,74.97,58.35,50.64
64.95,64.95,71.47,60.86,55.88
70.27,70.27,70.18,60.83,58.54
70.71,70.71,70.78,64.18,59.51
72.91,72.91,72.89,66.48,65.57
70.53,70.53,67.64,67.34,61.51
65.45,65.45,68.69,68.14,64.57
65.33,65.33,70.53,68.98,71.81
64.62,64.62,66.88,67.01,71.67
59.29,59.29,66.11,64.04,68.94
59.61,59.61,68.87,57.43,69.31
59.99,59.99,67.38,46.72,71.51
58.25,58.25,66.48,48.63,72.66
59.60,59.60,67.53,46.56,71.73
61.35,61.35,64.91,49.21,71.13
61.94,61.94,62.79,63.18,73.97
63.12,63.12,64.63,73.94,74.52
56.64,56.64,55.92,73.27,73.29
50.47,50.47,47.67,74.36,71.48
55.77,55.77,43.28,73.86,72.86
56.45,56.45,44.25,73.44,73.02
51.49,51.49,45.82,74.15,72.60
48.98,48.98,46.03,73.96,69.90
50.41,50.41,53.08,73.02,69.98
47.71,47.71,63.78,73.60,72.12
48.95,48.95,58.34,73.66,74.30
49.31,49.31,53.31,71.95,77.14
50.23,50.23,50.00,72.70,77.31
45.87,45.87,45.37,72.89,77.88
49.53,49.53,41.17,71.78,77.31
49.06,49.06,38.96,71.90,77.95
49.21,49.21,38.31,72.43,77.45
54.00,54.00,37.48,70.70,77.33
56.38,56.38,33.75,70.64,74.14
60.36,60.36,38.72,70.66,71.36
63.98,63.98,50.44,69.28,67.51
75.05,75.05,55.73,68.40,71.54
75.43,75.43,67.45,66.62,73.21
77.98,77.98,66.21,63.66,75.15
77.57,77.57,60.12,71.73,73.89
77.67,77.67,52.05,74.74,71.72
80.22,80.22,47.49,71.24,67.70
77.90,77.90,39.90,73.69,66.42
77.70,77.70,33.76,73.26,66.89
77.48,77.48,33.59,74.35,67.27
76.23,76.23,32.99,74.02,67.89
66.43,66.43,34.02,74.29,67.35
60.17,60.17,42.66,74.75,69.54
58.23,58.23,52.95,74.17,68.08
51.33,51.33,65.47,71.73,68.08
64.80,64.80,77.59,68.99,70.07
74.79,74.79,93.92,65.62,69.64
76.42,76.42,88.25,62.11,71.71
75.09,75.09,90.69,64.88,74.83
77.01,77.01,83.46,61.35,76.20
76.22,76.22,85.47,61.36,74.12
77.01,77.01,83.02,72.82,76.86
72.73,72.73,81.11,73.74,77.51
72.80,72.80,79.33,74.05,78.89
70.70,70.70,81.91,74.59,77.86
70.60,70.60,77.36,76.22,78.47
67.08,67.08,80.57,76.27,74.67
64.46,64.46,80.79,74.36,75.34
63.09,63.09,78.27,73.64,74.57
65.27,65.27,80.55,70.92,76.72
68.77,68.77,78.04,74.32,72.66
75.53,75.53,77.85,71.53,75.94
73.08,73.08,79.49,73.79,74.21
74.88,74.88,76.16,72.30,75.09
74.59,74.59,77.29,74.32,76.86
74.13,74.13,78.15,73.84,74.01
74.36,74.36,74.69,72.61,77.55
73.87,73.87,75.92,73.73,78.56
72.91,72.91,76.72,72.62,78.62
73.66,73.66,74.06,73.13,74.22
73.57,73.57,74.47,68.47,73.29
72.12,72.12,75.88,66.61,73.83
70.97,70.97,87.07,63.57,70.86
70.70,70.70,90.28,59.04,73.68
71.37,71.37,89.55,59.74,73.70
71.70,71.70,87.68,59.97,71.71
74.62,74.62,89.16,59.25,75.39
74.24,74.24,91.04,57.37,74.36
71.69,71.69,89.90,62.41,76.47
70.39,70.39,90.15,61.80,79.55
70.91,70.91,84.00,67.37,81.02
70.71,70.71,85.16,67.84,82.19
67.08,67.08,82.84,69.64,82.12
66.09,66.09,79.98,67.36,81.93
66.83,66.83,81.26,67.44,77.84
72.12,72.12,79.41,64.20,73.82
73.98,73.98,78.11,64.59,73.32
71.70,71.70,79.99,64.36,72.04
67.33,67.33,77.55,67.78,75.98
70.20,70.20,77.13,68.71,73.46
71.54,71.54,78.78,76.81,74.96
72.21,72.21,76.13,72.13,79.43
72.73,72.73,75.65,74.04,82.75
72.92,72.92,77.73,73.27,80.76
72.27,72.27,74.90,73.54,77.54
74.39,74.39,74.90,72.12,75.64
74.72,74.72,76.42,66.07,74.77
78.47,78.47,73.50,59.90,75.36
80.05,80.05,72.38,59.45,73.60
78.85,78.85,81.90,61.84,79.05
73.44,73.44,80.76,69.01,75.11
68.18,68.18,75.90,68.71,69.57
68.82,68.82,73.92,67.99,75.66
71.44,71.44,73.08,69.42,77.85
73.70,73.70,71.26,72.76,76.97
72.51,72.51,71.85,75.38,72.62
71.64,71.64,70.16,74.38,71.30
72.69,72.69,70.09,77.35,68.13
73.98,73.98,69.66,77.40,71.87
76.09,76.09,68.71,75.75,69.02
75.68,75.68,67.44,73.62,65.70
75.65,75.65,68.35,73.86,68.33
76.13,76.13,66.41,75.11,62.83
78.29,78.29,64.57,72.64,66.35
78.16,78.16,63.94,65.00,68.34
78.58,78.58,64.33,64.64,73.40
76.77,76.77,63.53,65.66,72.04
75.00,75.00,62.58,72.59,71.78
69.06,69.06,64.86,75.19,73.97
72.37,72.37,61.43,76.26,72.25
75.17,75.17,54.64,74.76,70.55
76.90,76.90,44.04,75.04,73.47
77.96,77.96,39.29,75.13,69.77
78.55,78.55,45.68,74.03,66.31
74.46,74.46,46.25,75.59,66.26
68.95,68.95,53.58,72.78,72.91
63.46,63.46,62.53,73.27,70.57
66.27,66.27,65.01,69.16,66.55
66.24,66.24,61.01,64.86,67.16
62.83,62.83,56.50,69.07,69.57
63.87,63.87,49.84,71.96,68.14
71.04,71.04,48.30,72.66,64.15
73.38,73.38,45.55,75.35,67.15
71.92,71.92,43.17,74.36,69.38
71.13,71.13,41.53,75.61,67.69
69.58,69.58,46.40,75.90,66.92
61.19,61.19,56.03,75.14,63.38
45.39,45.39,61.13,73.47,66.11
47.10,47.10,70.46,73.45,68.60
51.19,51.19,92.24,73.31,66.50
52.63,52.63,80.68,68.30,65.57
61.96,61.96,90.08,66.44,59.91
69.30,69.30,80.02,67.67,66.52
66.01,66.01,87.55,68.43,69.19
72.78,72.78,88.00,70.04,64.10
70.75,70.75,82.28,67.80,65.05
71.83,71.83,83.39,66.39,66.19
67.44,67.44,72.98,68.12,64.79
68.87,68.87,71.66,68.51,66.03
73.61,73.61,72.77,69.39,70.71
62.70,62.70,66.09,68.86,68.46
72.72,72.72,57.86,70.11,67.71
72.42,72.42,60.54,68.50,63.60
73.61,73.61,54.49,69.63,66.12
67.15,67.15,58.45,70.87,66.68
75.66,75.66,53.50,68.63,62.08
70.70,70.70,48.72,72.61,67.89
71.97,71.97,44.85,74.44,69.52
74.08,74.08,41.59,73.79,68.02
74.63,74.63,31.78,75.25,68.76
75.90,75.90,39.08,74.41,71.01
74.69,74.69,41.60,75.70,66.64
73.54,73.54,42.89,75.96,63.00
70.53,70.53,37.04,74.98,70.92
67.16,67.16,35.07,76.64,66.98
56.51,56.51,41.51,75.76,65.85
62.05,62.05,56.92,75.18,70.93
68.51,68.51,60.34,69.91,67.15
71.67,71.67,53.80,60.81,69.39
74.99,74.99,46.80,57.62,67.02
73.01,73.01,43.74,59.68,69.85
67.13,67.13,41.52,73.56,67.77
66.24,66.24,41.05,74.41,65.05
66.32,66.32,43.02,74.48,65.94
63.77,63.77,41.88,74.11,67.29
64.01,64.01,41.41,74.84,63.58
62.46,62.46,60.90,73.68,61.54
59.02,59.02,67.67,68.95,61.16
59.58,59.58,78.29,64.30,59.12
59.10,59.10,93.94,67.50,57.27
66.04,66.04,87.48,76.63,57.36
69.52,69.52,91.19,77.03,61.46
68.69,68.69,85.09,75.99,56.91
67.90,67.90,89.88,74.70,59.39
67.32,67.32,92.50,74.45,56.86
71.18,71.18,87.85,75.00,61.26
68.57,68.57,89.09,74.98,71.22
65.30,65.30,82.89,74.92,61.44
67.38,67.38,82.89,74.30,59.74
70.80,70.80,83.67,74.23,61.90
69.33,69.33,78.65,74.72,62.77
70.51,70.51,80.01,74.43,64.14
68.46,68.46,81.34,72.32,61.63
68.92,68.92,77.39,67.82,65.83
67.42,67.42,79.47,63.26,63.18
68.22,68.22,79.28,69.07,65.51
68.92,68.92,76.00,72.99,60.45
66.59,66.59,77.76,73.74,59.98
65.03,65.03,78.22,72.93,63.96
64.86,64.86,74.82,72.89,61.36
67.08,67.08,76.35,73.80,62.28
69.77,69.77,77.15,74.38,65.54
70.99,70.99,72.97,74.19,60.70
67.74,67.74,74.87,73.63,59.22
65.01,65.01,76.08,72.62,62.38
66.07,66.07,80.51,73.69,57.27
68.20,68.20,81.62,74.90,61.16
66.30,66.30,77.54,73.78,58.47
69.18,69.18,72.80,72.57,58.10
68.84,68.84,73.04,71.96,61.05
67.18,67.18,71.95,73.20,70.28
66.94,66.94,71.30,72.85,71.44
71.23,71.23,69.16,72.54,70.25
67.99,67.99,69.47,73.17,71.93
63.63,63.63,70.05,73.41,71.68
65.53,65.53,67.78,72.60,72.90
67.76,67.76,69.15,72.80,72.68
67.88,67.88,68.94,68.82,71.24
63.03,63.03,67.68,62.99,71.14
59.96,59.96,67.72,58.19,69.93
59.05,59.05,68.50,55.28,71.72
62.26,62.26,65.82,53.28,70.52
65.60,65.60,65.64,54.26,71.01
64.06,64.06,66.85,72.30,69.42
59.55,59.55,61.98,75.65,68.68
55.25,55.25,60.31,75.62,70.08
55.65,55.65,62.90,74.58,67.95
49.07,49.07,56.26,75.64,68.04
58.49,58.49,44.79,75.15,67.20
56.07,56.07,46.60,72.58,67.86
44.63,44.63,44.05,74.81,66.93
46.01,46.01,46.33,74.06,66.37
51.07,51.07,64.40,72.89,65.81
49.25,49.25,58.52,73.89,65.26
47.64,47.64,53.72,72.94,63.44
41.73,41.73,50.16,72.02,64.28
52.40,52.40,46.54,72.35,67.51
57.48,57.48,45.20,70.28,67.73
55.69,55.69,41.03,70.59,68.24
58.78,58.78,37.99,72.57,66.94
56.41,56.41,37.90,71.61,67.21
51.79,51.79,37.20,71.15,66.04
47.67,47.67,37.58,72.01,66.63
42.31,42.31,40.71,71.84,66.89
40.67,40.67,49.40,72.25,68.91
39.31,39.31,64.71,70.92,71.13
41.59,41.59,66.49,65.85,74.68
44.75,44.75,62.31,67.98,69.90
45.66,45.66,59.01,70.14,71.03
44.99,44.99,56.82,70.39,70.72
44.38,44.38,54.86,64.80,68.87
41.20,41.20,50.09,61.49,67.89
41.76,41.76,48.90,59.27,69.05
47.17,47.17,45.72,63.40,68.68
53.20,53.20,44.20,62.30,70.47
54.18,54.18,52.21,60.58,66.51
49.51,49.51,62.68,51.29,66.48
36.18,36.18,65.31,40.01,66.16
32.40,32.40,79.71,49.41,66.88
29.68,29.68,91.89,55.22,65.53
36.79,36.79,89.98,56.40,66.29
40.84,40.84,87.14,56.76,69.87
44.10,44.10,86.55,59.80,72.33
44.20,44.20,84.02,60.74,74.62
45.72,45.72,81.89,59.97,74.13
46.97,46.97,82.52,68.04,74.80
46.73,46.73,80.00,74.75,73.86
47.65,47.65,81.60,75.22,72.92
46.51,46.51,77.86,75.52,72.99
46.57,46.57,81.18,75.36,71.46
41.77,41.77,78.84,77.06,72.41
34.90,34.90,80.00,75.71,72.58
30.87,30.87,80.30,76.61,72.51
30.03,30.03,77.09,76.98,75.06
30.69,30.69,79.15,76.36,75.55
33.01,33.01,79.17,77.28,74.66
37.44,37.44,75.35,74.27,74.73
39.54,39.54,77.98,75.96,75.35
39.47,39.47,77.81,74.40,74.40
39.65,39.65,74.21,76.11,75.39
42.06,42.06,76.70,75.00,74.60
41.80,41.80,76.46,77.05,74.24
41.83,41.83,73.36,76.40,74.02
49.92,49.92,77.37,73.89,75.58
52.83,52.83,73.98,70.50,71.89
61.08,61.08,88.58,59.77,73.87
70.59,70.59,91.01,54.91,72.55
72.66,72.66,89.63,58.26,74.73
75.26,75.26,86.70,53.59,69.22
75.44,75.44,91.10,60.27,71.58
75.59,75.59,89.31,59.09,71.73
74.91,74.91,83.56,58.16,71.97
75.35,75.35,81.50,62.33,71.22
76.14,76.14,74.31,68.26,71.08
74.46,74.46,75.59,68.63,70.46
78.00,78.00,77.74,67.67,68.44
79.86,79.86,78.81,69.27,68.13
80.61,80.61,76.85,70.91,68.98
79.90,79.90,79.63,67.82,68.94
77.36,77.36,79.80,69.83,67.27
75.54,75.54,77.23,68.92,68.16
73.00,73.00,79.86,71.20,66.99
72.62,72.62,79.28,68.62,69.12
75.42,75.42,75.30,65.26,65.70
79.36,79.36,78.26,64.23,67.40
75.65,75.65,78.19,63.07,66.11
71.05,71.05,74.18,63.25,66.38
73.49,73.49,76.99,62.52,65.30
75.92,75.92,76.65,64.11,65.66
76.02,76.02,72.77,63.38,66.67
73.76,73.76,74.96,62.44,66.53
73.02,73.02,74.44,63.61,67.68
74.49,74.49,80.45,65.02,63.47
74.17,74.17,81.03,66.96,67.84
76.81,76.81,77.34,65.45,67.04
76.64,76.64,72.87,70.66,67.66
75.50,75.50,72.95,73.78,65.16
75.94,75.94,73.50,76.47,70.26
74.52,74.52,69.20,77.03,69.97
74.42,74.42,70.00,77.81,68.37
73.87,73.87,70.96,77.85,69.29
74.25,74.25,68.87,76.98,70.19
73.38,73.38,68.87,76.40,68.60
72.82,72.82,69.66,76.38,66.61
72.49,72.49,68.93,76.46,70.90
73.00,73.00,68.49,76.41,69.83
73.49,73.49,66.73,73.22,69.28
71.70,71.70,66.80,65.18,65.08
70.38,70.38,65.68,60.25,65.01
72.44,72.44,66.80,70.19,66.12
73.24,73.24,65.49,71.28,66.04
72.81,72.81,63.14,72.57,64.22
72.87,72.87,63.79,72.90,62.17
72.35,72.35,61.38,73.05,63.16
72.09,72.09,57.31,72.71,65.41
70.64,70.64,46.84,72.24,63.16
71.28,71.28,47.29,72.45,61.02
71.38,71.38,50.62,72.50,62.45
72.34,72.34,50.61,71.72,62.74
72.75,72.75,55.42,68.63,66.79
73.05,73.05,64.51,59.90,65.27
73.78,73.78,59.90,56.86,64.15
74.46,74.46,55.84,58.77,64.53
74.51,74.51,51.56,73.84,67.61
76.40,76.40,48.96,75.76,63.87
76.81,76.81,46.92,75.27,62.95
73.17,73.17,39.83,75.47,64.57
61.89,61.89,38.12,75.05,64.19
54.57,54.57,46.33,75.70,63.38
53.01,53.01,56.05,74.43,64.75
53.03,53.03,56.54,72.86,66.24
53.48,53.48,69.17,74.26,63.94
54.10,54.10,93.39,73.23,60.20
59.73,59.73,81.35,68.11,57.45
64.58,64.58,90.46,66.84,65.80
77.36,77.36,81.47,59.77,64.09
76.28,76.28,86.50,62.29,65.52
76.04,76.04,88.21,61.29,64.12
80.53,80.53,82.76,57.44,66.61
78.83,78.83,83.03,59.26,64.31
78.39,78.39,73.27,59.10,64.25
79.72,79.72,71.78,59.62,62.42
71.50,71.50,70.69,61.76,62.22
75.41,75.41,67.11,60.44,66.37
79.55,79.55,57.20,66.29,61.56
79.45,79.45,59.67,51.77,61.83
78.12,78.12,55.01,51.13,62.88
78.13,78.13,58.31,55.28,63.55
76.20,76.20,54.92,70.23,62.63
76.99,76.99,52.18,69.43,56.70
77.88,77.88,52.59,67.37,62.53
76.07,76.07,45.14,68.94,63.64
68.87,68.87,51.20,68.27,56.82
69.25,69.25,51.42,70.33,61.06
73.16,73.16,49.78,70.04,58.72
60.36,60.36,49.23,70.25,55.04
61.90,61.90,48.88,71.61,61.36
63.91,63.91,49.20,70.90,60.07
65.35,65.35,48.25,70.90,63.55
73.19,73.19,57.67,65.24,66.56
79.77,79.77,61.46,59.29,71.02
79.54,79.54,55.35,60.36,65.05
79.72,79.72,47.23,72.46,64.43
79.19,79.19,43.46,73.98,64.09
78.56,78.56,38.36,74.09,65.92
76.52,76.52,39.70,74.57,63.53
75.19,75.19,39.89,74.42,68.41
77.48,77.48,41.42,73.84,66.62
78.98,78.98,44.69,74.18,65.73
78.80,78.80,53.70,72.57,64.97
78.89,78.89,63.91,74.21,63.07
79.61,79.61,75.69,76.47,62.41
78.71,78.71,92.81,73.52,64.21
79.00,79.00,88.02,66.20,61.28
79.39,79.39,90.76,72.62,62.68
78.65,78.65,86.05,74.38,66.19
74.61,74.61,90.22,73.77,62.86
74.25,74.25,91.88,72.23,64.80
76.55,76.55,88.15,72.48,63.41
76.66,76.66,88.74,73.79,63.17
74.98,74.98,81.85,73.08,61.38
74.36,74.36,83.92,72.97,64.21
72.84,72.84,83.27,73.03,63.19
67.33,67.33,77.92,71.90,62.60
71.02,71.02,80.78,71.39,61.16
73.87,73.87,80.51,65.31,64.95
73.15,73.15,76.23,51.69,62.85
74.21,74.21,80.26,57.09,61.65
72.72,72.72,79.22,65.62,59.39
72.48,72.48,75.64,71.68,60.96
72.81,72.81,78.30,72.01,59.45
75.15,75.15,78.36,72.00,63.08
76.04,76.04,74.43,70.53,58.96
72.74,72.74,77.20,70.30,58.13
67.92,67.92,76.74,69.76,58.52
67.00,67.00,72.82,69.60,56.42
62.60,62.60,75.90,69.56,56.05
58.02,58.02,74.69,69.53,56.05
62.28,62.28,80.78,67.09,60.74
61.40,61.40,80.80,58.38,55.16
64.05,64.05,76.91,58.67,55.13
68.18,68.18,73.56,61.38,55.43
71.23,71.23,73.64,62.48,61.24
70.01,70.01,71.28,63.97,59.88
71.20,71.20,70.16,64.41,58.47
70.70,70.70,70.25,65.72,61.95
69.15,69.15,69.11,65.15,62.52
69.71,69.71,69.33,65.22,67.04
65.17,65.17,67.28,67.27,69.75
61.16,61.16,68.44,66.93,67.99
51.54,51.54,69.04,61.82,71.34
57.08,57.08,67.28,51.19,71.97
61.22,61.22,67.41,50.58,71.18
63.72,63.72,69.10,45.38,71.50
66.41,66.41,66.41,49.67,72.27
66.57,66.57,65.98,54.32,72.89
67.94,67.94,65.95,70.22,75.65
70.10,70.10,60.64,72.95,76.40
66.88,66.88,62.03,73.89,76.64
63.05,63.05,62.91,74.49,76.41
51.71,51.71,54.44,74.34,76.91
58.31,58.31,46.03,73.13,76.93
53.91,53.91,41.11,73.57,77.52
58.73,58.73,47.09,73.73,77.28
67.79,67.79,48.84,72.60,78.41
70.49,70.49,63.36,72.93,79.06
75.49,75.49,57.06,73.53,77.90
77.19,77.19,52.70,72.11,73.96
75.92,75.92,49.85,72.05,77.58
73.74,73.74,47.41,72.94,81.02
71.91,71.91,39.88,71.43,77.30
72.24,72.24,39.51,71.65,77.80
73.64,73.64,38.16,72.43,78.83
74.65,74.65,32.63,70.73,78.85
73.56,73.56,31.34,70.33,77.30
66.14,66.14,40.54,70.28,77.72
60.61,60.61,41.36,68.85,76.32
62.99,62.99,46.98,69.25,76.38
67.32,67.32,66.48,67.49,77.00
71.07,71.07,64.03,64.53,77.53
72.36,72.36,58.09,58.85,75.80
71.83,71.83,51.04,74.81,72.01
69.53,69.53,47.71,73.68,69.60
69.18,69.18,44.84,73.47,70.88
69.21,69.21,46.57,72.84,72.39
70.26,70.26,42.13,71.77,73.03
68.76,68.76,37.06,71.67,69.81
68.06,68.06,35.65,71.20,68.76
73.76,73.76,46.90,69.19,71.15
77.14,77.14,59.79,66.31,74.96
76.15,76.15,60.86,58.82,75.65
72.78,72.78,82.57,57.31,74.80
67.18,67.18,92.03,51.27,71.05
66.65,66.65,88.50,55.72,71.50
69.78,69.78,88.32,59.53,71.37
70.11,70.11,87.18,59.82,71.96
74.50,74.50,92.82,64.58,73.25
70.40,70.40,88.81,64.33,73.25
72.91,72.91,90.37,67.34,75.41
69.66,69.66,86.45,65.44,75.84
70.06,70.06,82.56,68.26,76.54
69.96,69.96,84.26,68.98,73.23
72.28,72.28,80.32,71.62,74.27
73.80,73.80,80.28,72.05,73.57
72.46,72.46,81.16,71.75,75.65
73.58,73.58,77.88,74.05,74.27
74.98,74.98,79.10,72.81,75.28
75.92,75.92,79.82,74.51,75.41
75.33,75.33,76.48,72.37,74.58
71.84,71.84,77.94,73.25,74.92
72.22,72.22,78.72,70.42,76.18
72.09,72.09,75.23,71.77,74.40
70.46,70.46,76.65,71.84,76.33
70.15,70.15,77.34,72.94,79.96
71.67,71.67,74.06,73.87,78.40
71.55,71.55,76.16,72.55,74.06
73.36,73.36,75.82,73.10,78.10
75.10,75.10,74.28,68.60,77.63
76.14,76.14,89.99,68.01,76.03
76.25,76.25,90.63,65.71,79.38
75.42,75.42,90.36,64.26,78.90
74.26,74.26,80.77,63.70,79.88
73.29,73.29,89.63,58.65,81.36
73.78,73.78,90.35,68.43,79.55
74.17,74.17,90.62,70.59,79.59
74.66,74.66,87.49,71.83,81.56
73.50,73.50,84.45,69.75,83.13
70.03,70.03,84.63,73.85,83.87
66.01,66.01,81.15,72.87,81.46
68.12,68.12,81.64,74.02,80.83
63.59,63.59,81.45,71.35,77.86
66.71,66.71,78.20,73.15,78.10
65.25,65.25,80.35,73.93,79.34
75.16,75.16,80.43,72.88,77.62
78.70,78.70,76.84,72.39,81.38
80.44,80.44,79.24,72.75,78.42
78.49,78.49,79.02,75.85,77.40
76.05,76.05,76.11,75.90,81.53
72.72,72.72,78.41,75.76,82.64
74.07,74.07,77.96,74.95,81.02
75.49,75.49,74.52,73.86,76.87
74.22,74.22,76.94,74.16,71.07
70.32,70.32,77.17,70.54,72.14
59.05,59.05,73.91,60.24,72.11
61.30,61.30,75.12,56.65,68.12
62.96,62.96,82.75,65.58,71.19
65.20,65.20,80.34,69.05,72.56
70.59,70.59,76.56,66.08,69.81
74.01,74.01,74.28,70.13,75.86
75.61,75.61,71.36,66.86,78.79
74.60,74.60,72.41,71.39,76.62
74.35,74.35,73.47,72.86,73.77
75.53,75.53,69.30,73.83,70.15
75.87,75.87,72.19,75.21,68.81
76.28,76.28,71.43,74.46,71.72
76.13,76.13,69.23,73.77,68.21
75.83,75.83,68.39,73.20,65.35
75.41,75.41,68.86,73.04,67.40
74.72,74.72,67.39,73.26,65.04
76.66,76.66,66.03,68.56,66.08
76.31,76.31,65.58,65.47,69.39
75.60,75.60,65.93,66.27,72.00
73.81,73.81,62.79,68.84,72.20
73.41,73.41,64.04,71.22,71.73
73.96,73.96,65.93,74.20,73.63
74.50,74.50,63.56,73.38,70.98
73.09,73.09,63.36,71.58,71.84
73.53,73.53,61.70,75.10,72.00
74.54,74.54,54.01,74.07,69.73
71.46,71.46,42.93,72.12,67.16
66.70,66.70,46.69,74.67,67.59
61.11,61.11,46.88,72.64,68.75
74.15,74.15,52.60,72.04,70.31
75.33,75.33,64.89,64.89,66.15
75.24,75.24,60.44,63.74,71.69
74.82,74.82,52.71,67.26,73.19
70.57,70.57,48.28,73.87,67.90
68.38,68.38,43.21,73.98,67.75
65.55,65.55,44.11,73.96,68.75
67.27,67.27,44.64,74.49,68.84
66.75,66.75,48.50,75.21,67.11
67.59,67.59,46.17,76.15,66.94
66.96,66.96,57.89,75.19,66.46
65.64,65.64,61.30,73.60,67.08
63.62,63.62,72.86,73.93,69.09
62.83,62.83,92.87,72.47,69.42
62.81,62.81,81.76,63.95,74.95
55.18,55.18,89.59,65.53,72.66
59.89,59.89,82.94,72.66,74.29
60.10,60.10,88.23,74.27,73.04
54.64,54.64,87.24,70.67,67.36
59.19,59.19,83.02,71.91,68.19
49.92,49.92,80.80,70.26,70.19
51.09,51.09,74.67,69.73,71.34
46.98,46.98,70.93,71.22,70.84
47.09,47.09,68.70,68.37,66.75
48.42,48.42,66.89,70.20,63.04
53.31,53.31,55.97,69.86,68.68
55.33,55.33,60.52,69.48,65.74
61.52,61.52,53.57,69.75,64.93
65.87,65.87,56.53,68.36,66.74
74.46,74.46,53.53,68.54,67.57
75.84,75.84,47.31,70.43,69.28
73.66,73.66,42.45,65.46,68.29
72.97,72.97,38.47,64.26,63.97
71.45,71.45,41.11,64.41,65.35
71.27,71.27,37.76,66.60,67.99
71.00,71.00,36.64,61.89,66.51
71.15,71.15,35.12,65.80,67.29
70.40,70.40,40.97,64.57,65.37
68.66,68.66,51.15,60.89,66.22
70.32,70.32,60.14,64.35,66.32
70.05,70.05,67.48,59.14,65.63
68.46,68.46,61.97,67.40,63.77
71.16,71.16,56.28,63.53,65.28
69.09,69.09,51.13,61.82,64.88
63.28,63.28,46.98,67.59,64.31
62.25,62.25,42.71,71.14,63.46
59.30,59.30,46.69,73.98,65.71
60.17,60.17,42.93,72.74,64.16
61.70,61.70,46.61,73.37,63.35
60.75,60.75,50.56,74.97,63.54
61.15,61.15,60.24,73.34,60.59
61.51,61.51,70.64,66.53,62.62
61.02,61.02,82.15,65.18,63.23
52.25,52.25,91.89,71.17,56.91
57.25,57.25,90.58,75.27,55.23
57.87,57.87,88.03,75.15,60.97
66.22,66.22,85.95,74.17,61.81
71.65,71.65,91.52,74.39,63.60
70.76,70.76,91.02,74.89,63.27
69.52,69.52,87.86,74.56,65.47
70.56,70.56,87.53,73.78,62.42
71.57,71.57,80.81,73.90,68.23
72.39,72.39,83.63,73.48,68.04
73.22,73.22,82.85,74.15,64.85
74.06,74.06,78.20,74.16,67.31
75.86,75.86,81.19,74.10,64.17
76.02,76.02,80.90,72.51,65.30
76.36,76.36,76.55,63.21,62.39
77.28,77.28,80.46,57.30,59.25
78.55,78.55,79.57,69.29,66.84
79.15,79.15,76.00,74.00,65.52
79.49,79.49,79.63,74.01,67.82
80.38,80.38,78.30,72.75,71.01
79.58,79.58,75.57,72.92,64.40
79.49,79.49,77.95,73.66,67.72
79.40,79.40,77.07,74.10,69.40
77.70,77.70,74.23,74.01,68.33
74.90,74.90,75.64,72.95,70.38
72.47,72.47,75.23,71.00,69.37
72.85,72.85,83.13,73.41,66.20
72.16,72.16,81.43,76.31,65.82
71.23,71.23,76.48,75.14,56.81
65.93,65.93,74.49,73.65,60.58
67.58,67.58,74.80,73.57,58.14
70.39,70.39,72.03,72.36,65.45
68.57,68.57,70.06,70.65,69.05
68.60,68.60,71.11,70.99,67.28
69.54,69.54,70.46,72.36,68.87
70.21,70.21,69.32,71.76,64.54
68.10,68.10,70.76,71.05,67.61
68.43,68.43,69.27,70.20,66.19
70.09,70.09,68.77,68.27,66.10
71.22,71.22,68.91,58.75,64.93
72.94,72.94,67.40,55.00,67.14
72.93,72.93,69.02,53.26,62.97
74.14,74.14,67.58,50.79,61.74
71.49,71.49,67.34,59.08,58.21
70.17,70.17,66.25,69.73,65.09
68.82,68.82,63.80,76.10,60.21
65.87,65.87,63.45,74.47,63.59
67.25,67.25,63.11,74.58,62.75
69.07,69.07,61.68,74.67,64.96
63.46,63.46,51.21,73.97,62.46
65.05,65.05,38.57,73.86,63.52
68.51,68.51,50.08,73.41,62.05
69.64,69.64,52.80,72.93,62.19
71.65,71.65,64.25,72.93,62.75
72.87,72.87,57.64,73.23,64.51
71.91,71.91,54.41,72.34,65.55
71.05,71.05,49.18,71.08,65.28
70.10,70.10,47.55,70.92,67.94
67.59,67.59,42.67,70.62,66.11
67.23,67.23,36.99,71.18,65.90
65.16,65.16,41.04,71.71,66.33
61.95,61.95,42.71,70.96,67.71
63.25,63.25,37.48,71.25,67.41
59.21,59.21,39.42,71.62,67.38
58.94,58.94,45.57,70.90,69.17
58.28,58.28,43.11,72.26,74.35
52.86,52.86,67.80,70.67,74.69
50.75,50.75,63.67,66.88,74.43
53.98,53.98,59.36,73.91,74.65
56.09,56.09,55.52,69.09,75.14
54.05,54.05,53.60,76.19,75.40
53.42,53.42,53.13,78.31,74.46
53.15,53.15,51.43,76.34,74.47
50.75,50.75,51.16,75.78,73.73
51.13,51.13,45.87,77.28,74.85
51.34,51.34,41.75,75.64,72.53
50.56,50.56,50.14,75.82,73.52
45.89,45.89,61.23,73.85,71.42
36.44,36.44,71.83,70.56,69.50
38.45,38.45,85.65,68.42,68.16
34.42,34.42,91.07,63.64,67.91
41.18,41.18,90.97,58.65,69.30
45.09,45.09,88.67,58.21,68.15
48.30,48.30,84.61,59.28,74.40
48.32,48.32,91.81,63.08,73.32
48.91,48.91,86.50,61.66,73.86
49.65,49.65,89.95,68.91,73.82
48.40,48.40,84.78,71.64,71.49
50.73,50.73,85.45,73.65,72.69
51.13,51.13,82.46,72.81,71.12
50.31,50.31,81.25,72.98,70.50
49.28,49.28,81.86,70.31,70.49
43.51,43.51,78.21,69.31,71.52
40.33,40.33,79.89,70.80,73.89
34.12,34.12,80.09,68.63,75.91
34.64,34.64,76.33,73.54,72.72
38.05,38.05,77.63,72.58,74.64
39.28,39.28,78.34,74.00,73.33
42.21,42.21,74.96,72.80,72.86
44.09,44.09,76.38,73.79,73.51
44.79,44.79,77.01,72.47,72.55
45.87,45.87,73.75,72.41,73.43
45.53,45.53,74.67,71.20,73.28
44.48,44.48,76.01,69.05,73.29
47.07,47.07,72.14,67.88,72.26
61.71,61.71,76.24,63.50,72.92
71.19,71.19,92.81,63.31,72.39
76.71,76.71,86.70,59.89,72.01
80.75,80.75,89.26,59.75,70.59
73.63,73.63,87.61,57.57,70.87
79.41,79.41,93.67,59.00,69.17
77.34,77.34,89.25,59.51,70.38
67.43,67.43,89.63,58.24,70.30
77.78,77.78,83.66,63.55,71.10
81.28,81.28,81.02,69.84,69.30
82.13,82.13,81.20,66.04,68.55
78.99,78.99,78.74,64.95,68.04
72.98,72.98,77.03,69.29,67.97
80.59,80.59,79.53,71.09,67.27
74.67,74.67,78.61,70.78,68.13
80.90,80.90,76.30,70.15,69.93
76.95,76.95,79.40,71.65,68.82
74.19,74.19,77.35,79.23,66.76
82.30,82.30,75.68,75.89,68.80
80.46,80.46,78.87,76.26,70.68
71.92,71.92,76.91,76.67,65.01
75.64,75.64,74.91,77.74,68.26
79.81,79.81,77.34,77.86,68.06
82.20,82.20,75.67,77.31,66.73
83.13,83.13,73.12,77.50,65.42
81.94,81.94,76.21,77.69,69.13
81.07,81.07,74.61,77.47,67.00
79.46,79.46,73.04,74.32,69.88
78.13,78.13,83.00,73.41,70.77
78.90,78.90,80.76,72.04,69.97
77.94,77.94,76.61,68.50,67.94
76.99,76.99,73.02,67.17,68.06
72.34,72.34,72.02,73.57,68.82
72.36,72.36,70.57,76.30,69.45
71.13,71.13,72.13,77.34,70.37
69.37,69.37,71.51,77.53,67.50
70.95,70.95,66.17,77.52,69.24
75.43,75.43,69.08,76.80,69.53
77.76,77.76,70.36,76.03,67.45
74.13,74.13,65.56,75.98,67.83
71.29,71.29,66.25,75.88,68.44
69.93,69.93,68.08,75.11,68.47
68.03,68.03,62.96,73.45,68.12
72.09,72.09,63.08,59.87,65.57
67.65,67.65,67.50,58.73,65.30
67.95,67.95,63.95,66.88,67.58
67.04,67.04,60.93,71.11,65.34
72.79,72.79,65.41,71.56,64.22
72.15,72.15,55.57,71.99,64.46
65.43,65.43,43.40,71.75,64.90
55.85,55.85,43.90,71.25,62.26
53.80,53.80,48.37,71.94,61.74
59.47,59.47,42.71,72.13,62.74
55.65,55.65,47.47,72.03,64.08
57.87,57.87,50.07,70.82,62.53
60.17,60.17,51.96,66.72,62.97
61.50,61.50,64.66,59.28,63.66
70.39,70.39,59.45,56.05,63.16
70.36,70.36,54.48,67.03,65.85
67.47,67.47,47.79,71.55,64.29
64.68,64.68,46.27,74.89,65.20
64.34,64.34,45.19,75.05,64.76
57.43,57.43,43.56,75.32,64.83
60.94,60.94,43.85,74.63,62.97
64.94,64.94,48.28,75.10,66.27
68.16,68.16,55.36,73.66,66.21
65.92,65.92,63.62,73.01,65.40
62.87,62.87,74.74,74.64,64.94
60.12,60.12,91.24,72.76,62.84
59.63,59.63,83.55,67.41,64.64
59.79,59.79,89.15,64.66,64.94
66.64,66.64,84.38,67.10,67.62
70.57,70.57,87.80,67.21,66.65
69.50,69.50,85.65,70.81,68.00
68.55,68.55,84.11,72.46,63.84
69.11,69.11,79.26,71.84,65.26
69.32,69.32,75.61,71.30,65.33
71.29,71.29,71.52,71.95,67.58
71.64,71.64,69.45,72.07,65.39
72.84,72.84,67.49,70.30,66.80
73.76,73.76,55.03,56.54,65.50
72.22,72.22,61.53,48.73,66.92
71.61,71.61,51.23,52.51,64.81
72.88,72.88,56.81,50.87,62.25
73.07,73.07,53.86,70.27,62.95
72.50,72.50,52.05,76.48,63.92
73.34,73.34,43.61,76.80,64.12
73.83,73.83,44.32,76.89,61.38
73.24,73.24,41.99,76.11,65.89
69.93,69.93,46.98,76.24,61.76
70.08,70.08,41.82,75.46,62.08
71.85,71.85,46.02,75.09,61.92
73.24,73.24,46.91,74.80,62.49
74.20,74.20,50.84,74.23,61.18
74.03,74.03,53.85,73.98,64.21
73.35,73.35,67.67,73.94,70.90
72.90,72.90,60.63,64.02,69.05
74.15,74.15,55.97,63.56,61.87
73.35,73.35,49.67,71.38,63.48
73.30,73.30,46.38,74.10,63.70
72.36,72.36,43.13,74.09,64.65
69.64,69.64,40.04,74.56,65.60
72.01,72.01,40.57,74.80,66.21
73.53,73.53,41.24,74.31,65.06
72.59,72.59,47.76,73.96,65.41
72.28,72.28,60.07,73.68,65.92
70.98,70.98,67.73,72.77,66.84
71.57,71.57,82.17,73.94,65.89
74.08,74.08,91.23,67.47,63.35
74.57,74.57,86.80,71.77,66.56
75.08,75.08,89.49,74.48,65.19
74.44,74.44,89.19,74.81,65.28
73.18,73.18,92.80,73.83,64.92
74.70,74.70,88.91,73.28,65.65
74.97,74.97,86.95,73.80,65.30
74.68,74.68,84.31,73.61,64.57
74.17,74.17,77.98,72.91,63.23
70.02,70.02,80.29,72.79,62.95
67.80,67.80,79.75,72.58,62.26
74.40,74.40,77.51,72.63,61.59
74.57,74.57,77.44,70.64,64.35
72.43,72.43,79.32,62.80,61.76
71.43,71.43,77.25,56.96,62.89
64.89,64.89,77.03,60.13,55.89
61.97,61.97,79.18,68.81,61.77
62.22,62.22,75.85,71.58,60.18
61.83,61.83,76.55,72.85,59.69
68.87,68.87,78.14,72.15,60.23
72.69,72.69,75.18,71.84,59.36
72.91,72.91,75.17,70.92,60.76
71.14,71.14,76.71,70.15,57.93
69.04,69.04,74.72,70.13,55.17
68.42,68.42,72.52,70.23,57.48
67.08,67.08,73.52,70.29,59.19
66.04,66.04,83.61,67.93,56.32
63.05,63.05,80.24,58.91,58.55
60.17,60.17,73.34,55.19,61.31
64.72,64.72,73.97,59.04,64.52
68.27,68.27,71.35,60.74,65.53
65.65,65.65,71.18,61.17,63.28
66.84,66.84,71.23,65.21,63.48
58.26,58.26,67.92,65.39,64.41
58.00,58.00,69.47,66.72,59.60
54.57,54.57,71.13,68.21,69.54
54.08,54.08,66.31,67.62,72.69
55.26,55.26,67.47,65.20,70.73
52.58,52.58,69.38,59.77,70.28
51.03,51.03,65.52,55.61,73.18
48.05,48.05,67.93,53.32,74.81
49.96,49.96,69.71,51.13,74.13
51.90,51.90,63.99,47.85,74.51
49.06,49.06,64.29,60.05,74.40
41.75,41.75,65.96,67.14,74.22
43.04,43.04,58.75,74.36,74.54
44.73,44.73,51.87,73.76,75.70
45.08,45.08,52.21,74.54,73.80
45.62,45.62,41.01,74.25,74.23
43.28,43.28,46.84,73.72,73.65
48.79,48.79,40.59,74.17,72.26
44.16,44.16,46.40,74.24,73.57
45.40,45.40,54.63,73.38,70.81
49.03,49.03,62.73,73.85,73.83
43.33,43.33,55.85,73.96,76.38
42.05,42.05,51.93,72.25,76.78
43.21,43.21,46.95,72.84,76.76
42.00,42.00,42.67,73.12,77.94
40.80,40.80,41.19,71.60,77.75
37.88,37.88,36.99,71.96,77.13
39.40,39.40,39.84,71.97,78.08
35.78,35.78,34.56,70.08,76.04
38.53,38.53,36.67,70.45,72.19
42.26,42.26,49.03,70.42,68.45
45.30,45.30,56.65,69.74,67.62
60.07,60.07,65.58,69.49,73.05
64.62,64.62,70.02,66.16,75.05
69.94,69.94,64.81,63.19,74.82
69.87,69.87,58.94,74.48,74.10
68.19,68.19,52.97,71.23,71.31
68.73,68.73,50.84,69.67,65.60
72.72,72.72,46.57,71.37,66.27
75.10,75.10,43.33,70.65,67.32
76.11,76.11,38.68,71.91,66.26
75.71,75.71,33.70,72.24,68.85
63.78,63.78,36.33,72.15,68.23
66.17,66.17,49.19,72.03,67.88
63.01,63.01,64.44,68.07,69.29
57.74,57.74,70.86,62.65,66.60
57.94,57.94,86.51,62.06,69.36
56.87,56.87,91.15,57.02,66.54
64.52,64.52,89.94,58.68,73.59
65.15,65.15,86.10,58.97,73.03
69.30,69.30,86.80,61.50,74.76
67.51,67.51,86.30,70.29,74.58
66.97,66.97,79.74,72.82,76.23
66.02,66.02,79.74,75.24,75.93
67.33,67.33,82.59,74.66,77.52
67.30,67.30,78.95,75.77,75.88
67.39,67.39,80.03,77.08,77.08
68.82,68.82,78.52,77.55,76.01
68.80,68.80,80.33,74.45,78.50
66.76,66.76,80.89,76.03,77.22
68.20,68.20,77.42,74.31,74.75
66.74,66.74,79.77,73.82,75.17
68.20,68.20,79.33,70.14,76.38
69.05,69.05,75.81,73.37,73.95
70.17,70.17,78.52,73.16,75.80
73.63,73.63,77.92,72.50,76.24
74.13,74.13,74.57,74.31,73.06
71.78,71.78,77.27,73.31,78.49
73.48,73.48,76.70,74.10,79.11
72.95,72.95,73.48,72.03,76.47
70.72,70.72,76.03,72.77,73.83
71.13,71.13,72.30,68.11,73.56
71.89,71.89,74.86,65.30,73.98
71.88,71.88,92.37,64.07,72.21
71.27,71.27,88.50,60.21,76.19
71.73,71.73,91.88,58.43,75.25
73.95,73.95,83.46,59.75,73.73
72.04,72.04,92.35,59.82,75.15
72.70,72.70,91.07,59.75,73.57
72.15,72.15,89.61,61.93,72.17
77.36,77.36,87.21,61.08,72.78
79.29,79.29,85.59,64.51,71.14
79.79,79.79,82.20,67.41,75.91
74.39,74.39,82.90,69.41,79.00
71.00,71.00,81.64,66.60,79.60
70.59,70.59,78.08,65.73,73.33
73.41,73.41,80.23,66.44,73.99
70.14,70.14,80.18,65.76,75.24
67.71,67.71,76.78,66.61,76.19
69.01,69.01,78.66,65.14,73.44
71.97,71.97,79.29,73.47,70.15
74.81,74.81,74.85,69.42,77.27
75.12,75.12,77.45,71.31,81.37
74.78,74.78,77.65,71.11,81.59
74.75,74.75,74.13,70.02,80.14
75.45,75.45,76.30,67.26,75.77
75.80,75.80,76.45,68.31,73.20
74.65,74.65,72.41,66.70,75.50
75.13,75.13,75.10,59.35,72.11
74.80,74.80,74.95,55.85,72.63
73.30,73.30,82.92,61.47,73.23
74.64,74.64,79.38,67.71,70.73
74.92,74.92,76.12,67.25,72.34
73.68,73.68,72.69,68.41,76.76
72.26,72.26,72.96,69.85,77.11
69.44,69.44,72.95,73.39,75.53
71.20,71.20,69.28,74.32,73.18
72.22,72.22,68.61,73.89,69.95
73.38,73.38,73.25,75.59,71.64
75.29,75.29,67.76,74.54,73.52
73.95,73.95,66.33,73.42,65.40
73.72,73.72,71.01,71.63,68.74
70.57,70.57,66.86,72.10,68.03
71.98,71.98,63.62,73.49,64.91
73.86,73.86,66.24,68.88,69.44
73.02,73.02,63.42,61.60,72.06
75.42,75.42,61.19,63.92,74.96
78.25,78.25,65.03,66.64,73.74
77.43,77.43,65.08,73.92,72.55
76.46,76.46,60.99,73.35,74.12
74.29,74.29,62.37,72.51,72.18
74.70,74.70,47.96,73.12,75.22
73.96,73.96,47.45,72.54,73.94
75.68,75.68,39.24,70.14,69.40
73.26,73.26,42.63,71.74,70.87
71.52,71.52,46.56,73.15,69.10
64.64,64.64,45.09,70.59,71.51
58.69,58.69,51.34,71.19,72.01
53.66,53.66,64.85,62.31,69.97
60.04,60.04,58.53,65.94,68.86
64.80,64.80,51.98,67.66,70.84
66.03,66.03,47.76,69.77,69.50
62.88,62.88,48.24,72.49,66.12
62.47,62.47,42.86,73.42,70.50
59.29,59.29,44.44,72.75,71.13
56.70,56.70,43.53,73.67,70.32
60.08,60.08,50.48,74.88,67.85
58.40,58.40,59.22,73.41,67.96
54.01,54.01,65.27,72.53,66.15
50.22,50.22,78.49,72.60,62.68
51.79,51.79,90.79,70.37,65.89
57.61,57.61,84.26,63.73,63.72
62.11,62.11,85.22,66.51,62.54
68.14,68.14,81.47,64.74,64.57
72.66,72.66,88.63,66.36,65.41
69.39,69.39,82.93,63.65,62.90
64.30,64.30,85.70,61.23,63.46
63.06,63.06,77.82,62.17,66.76
61.21,61.21,75.19,66.28,65.59
65.32,65.32,72.25,66.41,67.74
62.88,62.88,69.41,67.45,68.64
63.79,63.79,66.33,66.04,65.29
63.19,63.19,57.36,68.15,63.18
56.47,56.47,62.86,67.27,64.19
64.05,64.05,50.82,67.34,66.72
67.43,67.43,57.33,68.03,70.24
67.58,67.58,53.04,66.97,64.55
66.61,66.61,47.93,71.99,69.05
66.48,66.48,43.39,72.04,68.11
64.43,64.43,43.48,72.60,65.84
67.54,67.54,37.09,73.34,68.10
66.07,66.07,38.95,72.61,69.79
62.44,62.44,43.59,74.89,63.78
64.95,64.95,45.85,73.45,65.78
60.57,60.57,49.86,74.62,65.84
58.07,58.07,63.48,75.12,70.49
67.14,67.14,60.98,73.66,69.95
67.23,67.23,61.87,72.74,71.64
65.65,65.65,58.27,66.54,67.51
65.18,65.18,52.64,60.17,69.89
59.16,59.16,48.90,59.52,64.96
63.25,63.25,52.23,65.74,64.03
59.98,59.98,50.19,72.12,69.67
59.73,59.73,50.43,73.62,64.21
59.31,59.31,48.24,73.15,64.97
60.06,60.06,45.53,74.24,65.23
58.94,58.94,51.32,75.07,62.92
55.01,55.01,58.75,73.23,62.36
57.09,57.09,73.14,67.44,66.18
59.38,59.38,84.78,70.68,62.72
55.31,55.31,91.82,74.39,60.93
60.63,60.63,89.11,76.07,62.72
66.58,66.58,88.93,73.89,58.45
65.92,65.92,87.73,73.21,60.99
67.06,67.06,93.17,73.93,60.98
66.67,66.67,88.36,74.34,63.51
65.95,65.95,90.65,73.26,63.22
63.82,63.82,84.13,72.29,62.09
62.99,62.99,84.11,73.83,63.69
64.45,64.45,84.14,73.38,64.08
64.77,64.77,79.37,73.12,62.19
65.87,65.87,80.36,73.20,65.18
64.77,64.77,81.03,72.05,62.59
64.83,64.83,77.31,70.10,63.47
66.46,66.46,79.57,62.23,63.68
65.65,65.65,79.80,62.15,61.33
66.51,66.51,75.80,67.72,64.78
66.72,66.72,78.36,72.34,62.74
69.08,69.08,78.17,71.94,67.08
67.72,67.72,74.70,70.86,66.28
64.22,64.22,77.32,71.37,63.41
63.83,63.83,77.19,72.65,64.00
63.88,63.88,73.75,73.25,66.76
61.72,61.72,76.06,73.23,64.40
54.98,54.98,76.28,71.82,65.04
54.16,54.16,73.52,69.99,65.89
55.74,55.74,83.85,72.87,63.18
62.64,62.64,80.07,75.78,61.82
62.45,62.45,74.42,73.87,60.43
66.11,66.11,73.74,72.95,61.11
67.39,67.39,74.97,72.34,67.18
69.18,69.18,68.88,71.12,68.74
63.90,63.90,71.24,69.56,67.28
65.77,65.77,71.52,71.14,70.25
64.51,64.51,67.73,71.43,66.81
62.09,62.09,68.27,71.39,71.26
63.38,63.38,70.75,70.98,70.56
64.33,64.33,67.54,70.29,69.26
68.84,68.84,67.28,65.29,67.95
66.99,66.99,70.53,59.70,68.85
64.05,64.05,66.95,58.12,69.27
66.33,66.33,66.11,54.57,69.70
66.98,66.98,67.92,54.68,70.26
64.11,64.11,65.84,59.84,68.85
63.99,63.99,63.26,75.65,72.26
61.71,61.71,62.67,75.89,71.73
61.39,61.39,62.30,75.86,69.53
60.53,60.53,59.88,74.32,70.13
57.57,57.57,54.87,75.31,68.82
50.35,50.35,45.80,74.70,68.73
45.50,45.50,42.71,74.02,68.51
41.76,41.76,49.05,74.16,67.52
42.21,42.21,58.56,73.04,67.07
37.27,37.27,62.68,71.00,66.03
34.17,34.17,56.09,71.62,66.99
40.88,40.88,52.62,72.08,67.73
36.56,36.56,48.58,71.52,71.01
34.20,34.20,44.90,72.42,69.58
36.95,36.95,42.42,71.86,70.74
35.41,35.41,39.64,71.72,69.04
30.86,30.86,35.60,72.29,66.61
33.37,33.37,38.31,71.73,65.73
32.82,32.82,34.91,72.56,66.48
29.54,29.54,48.17,71.70,66.64
32.07,32.07,57.40,71.56,66.75
33.92,33.92,62.94,71.21,70.50
33.08,33.08,70.53,68.43,73.23
30.51,30.51,64.26,61.83,69.99
34.47,34.47,63.35,69.24,70.02
30.60,30.60,62.78,64.90,70.15
31.97,31.97,56.36,66.26,69.61
34.34,34.34,53.61,66.69,68.68
38.22,38.22,52.62,64.35,68.45
40.49,40.49,43.80,56.41,68.46
42.44,42.44,46.70,61.52,69.02
44.78,44.78,43.21,58.86,67.26
44.85,44.85,52.56,56.95,66.56
41.57,41.57,60.18,49.61,66.98
29.64,29.64,67.01,44.47,67.46
19.64,19.64,87.34,50.57,66.42
22.56,22.56,91.77,54.27,65.67
31.27,31.27,89.85,52.80,66.22
36.73,36.73,84.02,57.44,70.86
40.19,40.19,88.32,58.43,73.79
42.31,42.31,82.84,58.71,74.84
43.85,43.85,81.73,63.00,73.10
45.65,45.65,79.03,66.30,74.73
47.07,47.07,82.27,73.61,73.46
47.17,47.17,78.50,72.72,72.25
45.38,45.38,80.76,74.14,72.51
45.10,45.10,77.92,74.59,70.95
43.82,43.82,81.15,74.96,72.27
35.36,35.36,80.15,74.95,71.57
33.80,33.80,77.18,75.53,74.28
29.86,29.86,79.88,76.74,74.58
31.22,31.22,78.79,75.29,74.86
36.30,36.30,76.24,76.09,75.00
40.44,40.44,78.70,73.24,74.61
42.16,42.16,76.97,75.23,74.81
40.85,40.85,74.97,72.93,74.91
42.53,42.53,77.39,76.00,74.45
43.53,43.53,75.86,76.02,74.31
44.68,44.68,73.82,75.46,74.71
44.80,44.80,76.77,76.53,73.97
51.30,51.30,74.24,73.99,73.88
57.80,57.80,77.32,71.31,73.02
66.25,66.25,92.92,65.10,73.24
76.26,76.26,87.32,63.59,72.20
77.53,77.53,94.02,63.13,71.79
79.58,79.58,85.52,59.55,71.05
78.54,78.54,91.48,58.37,71.39
76.90,76.90,86.42,63.77,72.65
78.80,78.80,83.92,68.58,71.60
75.99,75.99,74.10,65.70,71.09
74.82,74.82,73.24,69.50,69.56
75.21,75.21,78.00,67.35,69.14
78.35,78.35,77.93,70.23,68.47
76.16,76.16,75.76,70.12,68.00
76.85,76.85,79.94,70.99,68.88
77.67,77.67,79.37,68.89,65.71
76.74,76.74,76.68,70.49,68.81
76.01,76.01,80.74,72.68,67.63
75.77,75.77,78.57,68.88,65.50
75.19,75.19,75.82,68.55,67.44
74.43,74.43,78.39,67.72,67.93
73.78,73.78,77.49,69.94,66.43
74.34,74.34,75.28,67.50,66.11
73.83,73.83,77.38,67.05,67.14
74.13,74.13,76.06,66.91,64.69
72.74,72.74,73.94,66.21,67.11
74.08,74.08,75.89,63.87,65.59
73.72,73.72,74.30,65.35,66.64
72.62,72.62,74.61,67.56,64.71
72.45,72.45,83.04,68.87,63.65
69.33,69.33,79.77,65.26,64.88
73.41,73.41,75.91,65.48,66.22
72.89,72.89,73.68,72.48,66.96
72.59,72.59,73.02,72.81,66.30
74.22,74.22,69.41,75.56,70.70
75.20,75.20,70.84,75.84,68.80
74.20,74.20,72.09,75.69,67.38
75.07,75.07,66.52,75.70,70.41
75.57,75.57,69.92,75.40,69.28
76.93,76.93,70.62,75.30,66.44
74.22,74.22,66.07,75.24,70.37
75.90,75.90,69.35,75.11,70.87
76.46,76.46,69.43,74.96,68.18
74.83,74.83,65.19,68.99,65.78
74.14,74.14,65.06,62.26,67.65
73.35,73.35,68.17,61.26,65.53
72.92,72.92,65.31,69.16,65.96
72.59,72.59,62.50,71.09,66.11
72.63,72.63,66.26,71.31,65.66
71.90,71.90,60.63,71.05,65.64
73.22,73.22,54.47,71.07,64.63
73.78,73.78,53.54,71.36,64.37
74.08,74.08,48.83,70.98,66.55
74.29,74.29,44.24,70.83,65.75
74.29,74.29,51.84,70.37,63.27
74.83,74.83,54.66,70.36,67.08
74.63,74.63,58.30,66.66,67.83
72.47,72.47,63.74,56.47,65.40
70.77,70.77,58.11,54.07,63.83
70.66,70.66,53.90,62.68,65.29
73.21,73.21,49.90,74.72,67.27
69.66,69.66,43.08,75.15,64.74
61.40,61.40,41.76,76.06,63.69
62.26,62.26,39.44,75.65,65.53
60.41,60.41,44.05,75.67,65.10
53.57,53.57,45.96,75.20,64.85
58.02,58.02,59.07,72.81,66.39
65.04,65.04,68.07,68.71,60.21
59.49,59.49,81.60,70.86,61.40
59.09,59.09,89.66,66.34,60.82
67.22,67.22,85.05,57.14,61.80
76.89,76.89,86.51,59.83,64.52
77.46,77.46,84.91,62.30,67.44
77.70,77.70,88.78,63.17,67.53
76.58,76.58,83.27,64.71,66.03
74.34,74.34,85.63,62.90,65.74
73.75,73.75,78.03,64.29,66.09
77.78,77.78,74.68,63.36,66.56
79.17,79.17,69.87,64.77,63.20
80.16,80.16,69.95,64.31,65.37
77.06,77.06,62.31,66.05,65.56
72.80,72.80,56.55,59.79,66.27
77.97,77.97,63.34,46.97,63.79
79.09,79.09,53.24,47.45,61.22
79.33,79.33,57.88,60.71,61.23
80.19,80.19,54.69,67.77,63.72
80.63,80.63,53.05,63.26,60.42
76.37,76.37,50.83,64.20,62.06
69.73,69.73,43.92,64.88,62.92
74.57,74.57,49.52,64.57,61.15
76.00,76.00,43.80,66.95,64.17
63.72,63.72,49.61,65.96,60.51
64.24,64.24,46.54,66.92,65.97
66.13,66.13,45.88,67.32,65.35
67.69,67.69,46.04,66.33,62.49
74.42,74.42,53.33,65.41,64.19
78.90,78.90,63.83,58.32,70.04
74.47,74.47,57.01,59.12,63.81
76.23,76.23,51.10,63.67,64.66
77.68,77.68,45.08,70.99,64.38
76.96,76.96,41.56,72.62,67.31
75.72,75.72,32.21,72.66,67.43
76.14,76.14,40.34,73.15,66.50
77.04,77.04,40.39,72.65,66.60
75.57,75.57,40.16,72.83,68.08
77.92,77.92,49.25,73.81,67.79
76.60,76.60,63.11,72.04,65.67
74.26,74.26,71.52,67.05,62.91
73.44,73.44,86.90,63.15,62.49
77.20,77.20,91.38,67.20,66.86
79.74,79.74,89.61,74.44,64.55
79.51,79.51,86.31,74.36,65.97
79.53,79.53,87.99,72.99,64.77
78.63,78.63,92.08,72.06,66.25
79.17,79.17,88.67,71.82,66.96
78.95,78.95,90.50,72.44,66.90
77.52,77.52,84.11,72.48,64.56
73.39,73.39,84.85,71.41,66.28
74.49,74.49,83.87,71.70,64.00
71.25,71.25,79.83,71.73,65.16
71.71,71.71,81.14,71.57,65.18
71.91,71.91,80.18,69.97,62.76
70.15,70.15,76.92,59.44,64.61
69.75,69.75,80.32,53.57,57.49
67.00,67.00,79.01,58.37,62.63
72.04,72.04,76.05,68.30,61.12
66.79,66.79,79.35,71.23,63.35
70.40,70.40,77.05,69.81,64.46
72.77,72.77,75.45,70.08,63.56
74.70,74.70,77.86,70.13,62.94
75.95,75.95,75.98,69.29,62.37
74.77,74.77,73.35,69.03,58.59
73.80,73.80,76.28,68.92,59.35
72.73,72.73,74.59,68.72,56.88
68.90,68.90,75.50,68.80,56.10
63.04,63.04,83.44,68.74,58.27
60.77,60.77,79.36,66.65,59.85
64.55,64.55,72.91,60.42,62.12
66.75,66.75,74.75,58.13,63.46
69.02,69.02,73.48,58.10,64.98
70.09,70.09,68.56,60.99,63.02
72.05,72.05,71.83,63.03,62.37
68.97,68.97,71.44,63.84,61.00
71.85,71.85,65.90,63.59,63.38
73.28,73.28,70.55,65.46,67.54
72.18,72.18,69.98,66.76,67.98
67.68,67.68,65.77,61.86,70.41
67.20,67.20,69.83,56.69,71.97
67.07,67.07,69.43,45.47,68.91
68.84,68.84,65.46,47.57,69.35
64.62,64.62,67.70,45.08,69.01
68.17,68.17,68.04,48.36,70.11
68.39,68.39,64.51,58.67,71.77
71.41,71.41,62.90,71.55,74.38
71.33,71.33,63.84,73.72,73.28
69.33,69.33,62.24,73.74,72.14
66.87,66.87,59.06,74.36,73.49
66.98,66.98,52.30,74.24,72.99
66.61,66.61,49.67,73.13,74.61
65.19,65.19,41.02,73.75,74.03
62.76,62.76,47.47,73.69,75.72
63.72,63.72,55.07,72.36,76.60
62.76,62.76,62.10,73.33,77.96
72.90,72.90,54.35,73.26,73.89
75.66,75.66,51.49,72.03,75.01
73.40,73.40,47.05,72.18,79.44
73.10,73.10,44.58,72.65,79.93
73.24,73.24,38.47,71.03,75.15
71.83,71.83,39.27,71.88,80.22
70.42,70.42,35.50,71.97,77.78
72.17,72.17,34.01,70.63,80.06
78.08,78.08,34.34,70.76,77.79
77.97,77.97,37.83,69.08,77.76
63.69,63.69,42.50,66.45,78.48
64.24,64.24,51.60,69.47,77.25
62.00,62.00,67.17,64.96,77.49
74.02,74.02,61.69,57.55,77.15
75.05,75.05,55.52,68.16,74.30
74.14,74.14,50.17,76.14,72.17
71.59,71.59,46.61,75.20,71.95
70.48,70.48,40.21,75.37,69.66
73.04,73.04,38.44,74.39,67.85
76.55,76.55,40.79,73.94,69.62
76.88,76.88,36.64,73.23,67.69
76.86,76.86,39.01,72.52,69.74
81.74,81.74,52.89,71.22,70.40
83.07,83.07,63.24,66.91,66.10
81.86,81.86,68.64,60.21,65.88
78.65,78.65,89.20,58.71,69.74
74.37,74.37,91.78,52.93,68.02
72.63,72.63,89.21,55.32,68.01
68.72,68.72,85.29,60.54,72.45
66.79,66.79,91.19,63.62,74.84
63.51,63.51,89.89,62.15,75.36
62.21,62.21,90.90,65.26,78.69
56.86,56.86,88.00,65.44,78.64
59.21,59.21,85.66,66.06,76.18
62.33,62.33,84.61,67.80,73.31
63.73,63.73,81.01,69.00,73.49
72.12,72.12,81.66,67.68,70.62
74.28,74.28,81.15,70.72,73.27
74.48,74.48,77.66,70.59,71.95
71.84,71.84,80.03,73.00,74.18
73.75,73.75,80.24,72.47,73.63
75.32,75.32,76.43,72.55,74.90
74.04,74.04,78.66,70.95,73.59
75.77,75.77,78.68,71.51,74.82
74.30,74.30,75.18,70.57,74.24
74.03,74.03,77.54,69.05,74.12
73.24,73.24,77.30,70.23,78.84
75.40,75.40,73.63,70.13,78.71
76.59,76.59,76.14,72.55,76.32
76.25,76.25,76.11,70.33,75.05
76.17,76.17,73.86,71.10,78.05
77.31,77.31,77.72,69.55,76.40
75.23,75.23,93.37,70.16,76.72
72.87,72.87,88.81,67.10,79.19
73.07,73.07,91.88,65.79,77.48
71.82,71.82,80.85,65.64,78.28
70.44,70.44,90.33,64.75,80.23
73.95,73.95,92.80,70.21,76.52
76.16,76.16,88.29,70.64,80.05
76.44,76.44,88.25,70.08,82.13
70.50,70.50,84.85,67.26,82.96
66.96,66.96,81.37,73.07,84.24
61.91,61.91,83.63,71.97,82.32
61.30,61.30,81.48,73.07,80.28
61.05,61.05,78.51,72.20,78.28
69.98,69.98,81.37,73.37,80.21
77.94,77.94,79.69,74.66,80.01
79.83,79.83,77.52,73.83,78.75
81.63,81.63,79.59,75.14,81.35
78.13,78.13,78.06,70.84,77.60
78.59,78.59,75.47,77.75,79.57
78.88,78.88,78.48,76.35,81.91
78.22,78.22,75.95,75.78,82.60
77.74,77.74,74.76,75.11,80.42
77.87,77.87,77.59,75.16,74.30
70.92,70.92,76.08,75.61,72.14
60.33,60.33,73.61,66.63,73.23
58.98,58.98,76.61,55.08,73.35
54.85,54.85,76.04,63.25,71.63
60.33,60.33,83.58,66.18,75.17
70.72,70.72,78.44,68.97,67.39
73.73,73.73,75.92,65.13,72.84
71.69,71.69,71.82,67.81,77.11
72.01,72.01,73.42,70.06,77.05
72.70,72.70,73.84,73.14,75.67
72.89,72.89,68.69,73.95,69.99
73.02,73.02,72.43,73.82,71.28
73.21,73.21,73.08,74.12,69.69
72.76,72.76,67.82,74.13,70.26
72.67,72.67,70.04,73.05,66.44
72.12,72.12,70.52,72.40,66.29
71.02,71.02,66.71,72.67,66.98
70.69,70.69,66.42,71.56,67.51
72.32,72.32,68.07,67.91,69.51
72.18,72.18,64.47,64.62,69.53
71.76,71.76,63.64,64.84,74.20
72.05,72.05,65.94,67.52,71.45
73.45,73.45,63.80,70.39,71.91
76.03,76.03,63.90,74.60,71.39
76.52,76.52,66.24,72.65,67.12
76.28,76.28,61.73,71.58,72.33
75.88,75.88,58.30,73.88,70.69
74.31,74.31,53.92,71.39,70.89
62.76,62.76,37.51,73.49,69.43
66.46,66.46,48.75,73.16,66.00
66.81,66.81,45.99,70.74,72.18
75.79,75.79,59.15,68.75,69.48
77.70,77.70,63.83,63.51,70.34
73.69,73.69,58.79,64.38,69.77
71.13,71.13,52.50,70.46,67.81
68.67,68.67,50.54,73.04,69.26
69.18,69.18,44.38,73.30,67.33
70.99,70.99,48.51,73.53,66.53
70.79,70.79,45.20,73.94,70.38
70.96,70.96,48.19,75.76,68.67
71.29,71.29,52.77,75.72,67.00
69.57,69.57,61.61,73.69,64.69
68.51,68.51,66.66,71.47,64.47
67.53,67.53,84.86,69.76,63.07
67.62,67.62,87.74,64.55,71.83
63.41,63.41,86.42,56.21,75.43
54.80,54.80,84.67,67.50,74.95
56.33,56.33,87.80,72.51,76.24
55.61,55.61,88.30,74.39,73.83
53.44,53.44,82.61,72.45,66.71
51.40,51.40,85.15,74.10,72.16
48.05,48.05,76.60,74.13,70.46
46.51,46.51,74.46,72.65,72.18
46.51,46.51,65.62,70.97,71.19
44.73,44.73,70.14,70.22,65.15
48.72,48.72,61.53,70.72,66.79
57.93,57.93,56.04,71.68,67.90
56.61,56.61,61.21,71.04,66.57
70.05,70.05,54.48,70.81,68.59
75.37,75.37,57.25,70.37,69.62
73.69,73.69,52.72,69.94,67.05
72.07,72.07,47.59,69.97,68.90
72.51,72.51,42.63,66.64,67.70
73.36,73.36,40.37,66.08,65.22
69.51,69.51,41.41,68.59,66.96
65.84,65.84,38.98,67.42,67.68
65.90,65.90,36.41,65.94,68.44
64.79,64.79,38.39,68.46,67.26
64.07,64.07,44.86,63.55,65.94
62.48,62.48,53.22,65.89,66.72
63.45,63.45,62.87,63.25,67.22
62.52,62.52,69.39,67.21,67.56
57.87,57.87,59.97,65.62,63.97
59.60,59.60,54.76,62.02,64.19
60.24,60.24,47.12,62.95,66.78
58.69,58.69,44.00,68.02,65.17
57.72,57.72,45.54,72.12,66.25
57.78,57.78,50.59,74.06,63.73
63.08,63.08,44.14,74.53,64.92
61.52,61.52,47.89,75.27,66.38
57.09,57.09,45.16,74.82,62.38
57.47,57.47,62.83,73.56,62.60
58.81,58.81,69.54,72.94,61.46
64.79,64.79,88.26,73.79,61.56
68.00,68.00,91.98,73.03,61.16
71.66,71.66,91.17,71.29,62.91
75.63,75.63,83.31,71.46,61.79
75.84,75.84,89.48,74.26,63.28
75.70,75.70,91.36,74.53,63.21
75.04,75.04,89.83,74.06,62.43
74.41,74.41,89.49,74.24,65.42
77.00,77.00,82.84,75.28,61.78
78.49,78.49,84.17,74.70,63.43
77.68,77.68,83.34,74.94,62.34
79.02,79.02,79.58,74.59,64.92
79.08,79.08,81.34,74.14,64.37
78.10,78.10,80.60,74.48,60.05
78.95,78.95,78.15,70.61,63.30
78.97,78.97,80.53,62.36,56.94
79.22,79.22,79.12,60.04,61.71
78.41,78.41,77.60,73.56,67.46
79.59,79.59,79.99,74.95,63.68
80.11,80.11,77.18,74.71,68.95
80.13,80.13,76.89,73.39,68.08
79.96,79.96,78.76,73.32,62.67
81.30,81.30,76.26,74.31,69.17
81.05,81.05,75.20,74.88,66.89
76.82,76.82,77.00,74.79,62.01
72.91,72.91,74.95,73.80,64.86
70.38,70.38,78.62,72.51,61.90
68.38,68.38,83.20,74.44,59.28
64.43,64.43,79.44,76.15,58.96
66.83,66.83,74.78,74.94,54.45
67.59,67.59,74.46,74.83,60.26
67.02,67.02,73.95,73.94,55.56
72.61,72.61,70.65,71.75,68.51
70.57,70.57,72.84,71.84,67.68
67.56,67.56,70.67,71.95,69.22
70.68,70.68,67.58,71.51,67.62
70.47,70.47,71.88,70.95,68.09
68.92,68.92,70.56,70.50,66.77
66.79,66.79,66.07,70.24,68.40
69.03,69.03,70.92,64.99,66.22
71.10,71.10,69.59,52.19,66.50
72.18,72.18,66.60,53.96,63.64
70.41,70.41,68.36,49.87,62.26
68.06,68.06,69.18,52.92,61.39
67.74,67.74,64.67,64.60,61.72
69.28,69.28,65.10,71.33,64.39
66.16,66.16,66.29,75.64,63.53
67.20,67.20,60.84,75.23,63.35
66.99,66.99,61.02,74.92,63.57
59.47,59.47,64.14,75.02,62.58
61.86,61.86,44.88,74.58,61.27
65.27,65.27,45.60,74.42,62.42
65.88,65.88,53.10,74.25,62.72
67.87,67.87,62.86,73.64,60.53
70.20,70.20,62.03,73.14,62.78
70.08,70.08,56.27,73.31,60.92
69.24,69.24,52.50,72.67,64.72
64.51,64.51,49.35,73.16,66.54
66.35,66.35,47.81,72.12,66.00
69.49,69.49,43.14,71.62,67.37
66.47,66.47,39.30,72.18,65.83
63.88,63.88,42.12,71.63,66.84
60.90,60.90,36.44,71.65,67.57
56.14,56.14,41.87,72.22,66.60
59.65,59.65,37.96,71.26,66.79
62.07,62.07,47.61,71.40,71.45
63.99,63.99,54.64,72.52,74.14
60.86,60.86,68.07,70.22,73.17
60.96,60.96,62.37,66.45,73.62
54.70,54.70,60.16,72.86,73.32
54.49,54.49,56.24,69.32,74.67
57.57,57.57,56.73,76.29,73.90
56.74,56.74,55.08,74.77,72.78
50.89,50.89,49.18,75.45,72.46
50.13,50.13,48.92,74.16,73.06
52.60,52.60,43.86,76.26,73.57
56.35,56.35,46.51,76.05,72.16
54.84,54.84,57.77,75.36,71.81
47.36,47.36,68.47,71.58,71.17
37.92,37.92,75.71,63.64,69.66
34.53,34.53,91.96,67.34,66.10
35.12,35.12,91.01,61.06,57.23
39.58,39.58,90.53,58.50,57.78
41.84,41.84,80.24,70.51,64.41
40.49,40.49,89.48,73.49,73.85
43.62,43.62,89.59,75.22,72.05
45.88,45.88,88.83,75.62,73.47
44.67,44.67,86.77,74.95,71.94
48.47,48.47,86.79,73.94,72.92
48.30,48.30,81.74,75.47,71.37
47.25,47.25,83.22,75.62,71.47
44.97,44.97,82.61,74.48,71.05
44.10,44.10,78.02,75.12,71.18
42.26,42.26,80.59,76.33,70.28
41.84,41.84,80.43,74.29,71.31
43.28,43.28,76.18,74.72,70.55
41.85,41.85,78.73,75.17,72.59
42.78,42.78,78.37,74.99,69.32
41.82,41.82,74.89,73.09,72.09
43.05,43.05,77.46,75.09,68.54
42.11,42.11,77.10,75.18,68.52
41.89,41.89,73.56,72.80,68.76
40.91,40.91,76.24,74.06,68.95
41.61,41.61,75.68,74.32,70.79
43.56,43.56,73.52,71.46,68.20
45.16,45.16,72.69,68.18,68.14
53.11,53.11,80.31,68.08,67.61
60.87,60.87,94.50,67.10,64.06
68.08,68.08,82.63,58.70,65.59
72.16,72.16,90.84,61.56,65.32
74.21,74.21,89.23,67.33,68.07
71.86,71.86,90.42,66.83,67.58
69.38,69.38,91.30,70.12,66.98
68.73,68.73,85.70,71.51,67.06
64.62,64.62,85.58,71.63,67.92
56.55,56.55,80.52,70.12,67.29
54.44,54.44,78.01,71.41,67.01
50.43,50.43,79.64,66.51,67.64
46.33,46.33,79.24,64.07,64.26
47.72,47.72,76.44,59.84,65.67
51.84,51.84,78.35,51.85,67.78
55.94,55.94,79.26,56.62,69.61
64.00,64.00,76.16,68.87,67.78
71.19,71.19,77.35,75.93,70.15
69.63,69.63,78.80,73.37,65.91
70.04,70.04,75.43,73.67,66.68
71.37,71.37,77.00,73.50,68.14
72.97,72.97,77.35,72.82,68.46
71.45,71.45,73.78,73.94,68.78
64.97,64.97,75.59,74.19,67.16
55.79,55.79,76.14,74.28,66.69
60.64,60.64,73.08,74.69,65.40
69.47,69.47,74.11,74.21,65.69
69.45,69.45,77.98,70.86,65.99
65.44,65.44,84.07,70.93,65.08
65.83,65.83,78.17,75.02,62.75
69.94,69.94,75.70,77.40,62.54
75.51,75.51,71.11,74.56,59.52
74.62,74.62,71.78,74.90,61.20
74.95,74.95,72.68,76.76,60.36
72.92,72.92,69.70,76.24,63.16
69.73,69.73,68.19,75.87,61.29
69.67,69.67,69.26,75.80,67.45
69.76,69.76,69.15,75.77,62.55
72.62,72.62,66.84,75.28,62.60
73.72,73.72,67.04,75.97,64.86
75.13,75.13,68.01,75.34,66.19
74.05,74.05,66.12,74.62,63.60
75.78,75.78,62.25,72.89,67.77
76.28,76.28,68.10,74.21,64.30
69.42,69.42,64.95,71.85,64.96
69.17,69.17,62.67,72.27,68.14
70.51,70.51,64.25,71.59,64.50
69.96,69.96,61.78,71.21,68.19
71.81,71.81,52.27,69.11,69.71
70.54,70.54,49.09,70.51,63.62
69.82,69.82,43.89,71.08,67.10
68.81,68.81,45.93,65.02,69.09
69.75,69.75,44.85,59.18,60.25
70.02,70.02,48.41,57.72,64.97
75.12,75.12,51.64,56.79,64.19
75.38,75.38,60.42,60.42,60.57
72.23,72.23,64.32,75.78,64.26
75.63,75.63,59.74,74.67,59.74
75.47,75.47,55.59,75.94,62.60
71.05,71.05,49.75,72.87,67.08
69.20,69.20,46.89,75.72,65.54
67.99,67.99,44.03,73.25,61.79
67.88,67.88,41.45,75.46,61.06
66.05,66.05,38.07,73.06,61.90
70.05,70.05,47.52,74.68,62.59
65.90,65.90,60.05,71.76,65.20
66.41,66.41,67.83,72.17,59.38
63.67,63.67,85.07,72.10,58.78
66.09,66.09,84.36,66.01,59.91
67.65,67.65,85.87,61.03,61.97
66.63,66.63,82.49,55.91,59.82
65.59,65.59,87.72,70.07,63.30
65.54,65.54,85.00,73.39,64.03
61.98,61.98,86.35,71.96,61.56
62.93,62.93,82.29,71.91,62.78
63.68,63.68,78.92,73.39,63.76
62.42,62.42,73.99,73.95,66.54
60.71,60.71,69.06,70.67,64.62
53.57,53.57,69.62,73.38,61.53
51.82,51.82,60.83,73.27,64.17
50.52,50.52,58.60,69.77,62.86
51.09,51.09,59.05,72.36,65.02
57.60,57.60,58.20,73.09,60.65
66.47,66.47,59.38,71.95,61.66
71.47,71.47,54.20,70.09,60.32
68.51,68.51,49.96,72.69,61.66
70.89,70.89,44.03,72.53,61.06
68.30,68.30,40.11,69.10,62.88
64.39,64.39,37.03,72.70,60.16
58.20,58.20,32.94,72.11,63.71
54.56,54.56,29.58,69.88,60.12
52.40,52.40,34.03,69.03,60.28
51.88,51.88,45.73,72.80,56.98
51.47,51.47,53.94,69.89,54.90
55.64,55.64,64.90,69.54,61.44
60.13,60.13,68.97,72.73,57.94
60.12,60.12,64.09,67.01,63.58
62.24,62.24,64.29,68.77,61.82
68.01,68.01,58.30,61.57,57.39
70.22,70.22,56.01,60.13,58.38
72.68,72.68,46.68,55.28,62.12
73.23,73.23,54.10,63.38,58.95
72.42,72.42,49.85,55.26,58.15
69.10,69.10,49.76,52.06,54.90
61.86,61.86,52.46,43.92,56.65
51.92,51.92,64.01,44.07,57.49
46.10,46.10,72.91,47.53,59.85
48.72,48.72,90.77,56.75,55.75
54.03,54.03,89.03,56.20,56.88
52.98,52.98,90.42,59.20,54.94
59.96,59.96,89.19,64.68,56.23
65.01,65.01,91.62,64.08,60.48
63.79,63.79,88.90,65.12,61.87
65.90,65.90,89.92,63.01,57.83
70.28,70.28,86.28,68.54,61.79
69.91,69.91,79.52,71.60,59.24
70.20,70.20,80.28,71.15,58.69
68.73,68.73,80.47,71.17,59.33
68.30,68.30,75.76,70.10,58.93
71.44,71.44,78.79,70.25,58.60
76.23,76.23,79.61,73.81,59.90
76.19,76.19,76.16,77.05,65.48
74.98,74.98,78.44,75.83,66.70
75.34,75.34,78.64,76.16,65.45
72.19,72.19,75.63,76.03,65.94
73.46,73.46,77.82,76.99,65.65
74.57,74.57,77.95,76.40,66.39
72.41,72.41,74.25,76.40,63.66
71.98,71.98,76.50,76.27,67.10
74.40,74.40,76.52,76.02,61.89
71.57,71.57,72.88,75.72,62.17
69.20,69.20,75.54,72.51,62.28
73.49,73.49,75.05,54.52,53.29
68.99,68.99,75.88,55.28,52.89
64.45,64.45,82.86,68.34,58.90
69.91,69.91,79.30,77.88,63.50
67.69,67.69,72.45,78.02,59.73
72.45,72.45,71.67,78.49,64.02
71.45,71.45,73.21,78.63,63.49
76.66,76.66,70.56,78.19,64.17
70.42,70.42,70.03,76.58,62.47
68.44,68.44,69.32,75.83,63.01
68.93,68.93,69.63,76.20,63.55
68.97,68.97,67.71,77.07,64.77
70.44,70.44,69.12,77.32,65.66
69.08,69.08,67.71,76.81,62.93
71.26,71.26,66.03,76.94,65.13
70.81,70.81,69.27,77.00,65.01
71.54,71.54,69.04,77.50,65.19
71.75,71.75,65.58,78.43,66.16
69.25,69.25,66.23,78.18,67.51
68.78,68.78,65.86,77.62,69.34
69.46,69.46,62.24,77.06,71.28
71.69,71.69,60.85,76.57,71.05
73.54,73.54,56.18,76.36,70.89
72.22,72.22,50.81,76.38,70.58
71.19,71.19,50.88,76.45,68.99
70.80,70.80,51.69,76.14,66.75
67.37,67.37,44.75,75.82,65.51
67.79,67.79,49.73,76.02,66.82
68.85,68.85,59.82,75.42,69.07
64.18,64.18,61.56,74.95,65.53
65.37,65.37,57.58,74.89,69.56
66.93,66.93,54.42,74.82,67.03
62.52,62.52,52.84,74.31,68.05
64.84,64.84,49.30,72.37,68.10
67.43,67.43,46.68,70.86,66.96
64.88,64.88,41.75,68.96,72.55
60.35,60.35,36.32,60.04,70.40
62.14,62.14,37.94,54.03,69.21
63.34,63.34,38.34,54.06,67.89
60.43,60.43,48.98,54.29,68.39
60.48,60.48,57.97,60.02,67.10
56.56,56.56,65.82,72.56,69.74
56.79,56.79,68.66,71.39,67.72
53.50,53.50,65.82,76.27,69.04
51.70,51.70,62.61,75.78,65.43
57.67,57.67,61.53,75.20,66.55
54.32,54.32,60.46,73.13,63.25
59.37,59.37,59.96,72.78,68.81
55.99,55.99,57.92,73.76,69.40
55.59,55.59,56.81,73.86,66.35
56.35,56.35,52.29,73.31,64.98
61.11,61.11,49.78,73.36,64.31
67.51,67.51,55.41,71.75,61.44
61.29,61.29,67.04,68.41,58.35
59.66,59.66,72.72,67.93,61.07
59.31,59.31,92.52,63.34,58.12
62.86,62.86,90.11,56.65,57.32
72.52,72.52,92.22,62.08,62.72
76.81,76.81,84.69,69.68,66.06
75.81,75.81,85.04,72.87,73.11
75.64,75.64,84.76,74.69,71.64
74.75,74.75,77.76,77.01,73.61
71.12,71.12,82.98,74.04,72.58
72.26,72.26,79.50,74.20,73.47
71.04,71.04,81.77,74.56,72.87
75.34,75.34,77.85,74.98,73.06
72.42,72.42,80.91,74.04,72.48
74.21,74.21,81.23,75.35,72.67
73.98,73.98,77.59,76.16,70.53
75.96,75.96,80.44,73.64,71.26
75.78,75.78,79.34,75.22,69.78
74.72,74.72,76.63,74.44,70.33
74.27,74.27,79.33,73.87,70.05
74.91,74.91,77.83,73.08,69.60
74.81,74.81,75.14,74.75,67.25
75.09,75.09,77.84,73.37,67.75
74.65,74.65,76.50,71.90,67.58
74.56,74.56,73.59,73.80,66.22
72.71,72.71,75.64,74.15,65.87
74.00,74.00,76.41,69.60,65.36
75.25,75.25,73.76,67.33,64.73
73.54,73.54,79.48,64.20,64.38
70.30,70.30,92.69,61.43,64.55
73.22,73.22,88.44,60.60,65.81
72.97,72.97,90.66,63.48,65.54
73.15,73.15,84.85,63.38,65.09
72.16,72.16,90.85,65.66,67.03
72.83,72.83,91.58,70.33,65.35
73.37,73.37,88.39,71.70,65.16
71.64,71.64,88.45,70.87,64.42
73.62,73.62,81.78,71.05,65.89
75.43,75.43,84.25,73.17,63.48
73.30,73.30,82.80,68.78,62.38
72.07,72.07,78.36,64.14,64.52
71.94,71.94,80.89,57.74,62.54
75.90,75.90,80.28,55.94,64.18
75.61,75.61,77.10,59.23,63.39
73.47,73.47,79.88,69.07,67.62
77.54,77.54,78.56,74.43,68.16
76.94,76.94,75.15,73.57,67.15
76.73,76.73,78.60,73.14,67.55
77.59,77.59,77.78,72.51,65.66
75.09,75.09,74.42,72.68,66.05
74.47,74.47,77.24,74.03,66.28
73.66,73.66,76.12,74.50,65.30
72.68,72.68,72.99,74.93,65.18
73.94,73.94,75.90,74.39,64.23
74.17,74.17,75.35,74.28,63.26
72.69,72.69,76.78,72.55,62.88
72.10,72.10,82.68,71.84,62.15
71.22,71.22,78.19,74.65,62.49
70.76,70.76,73.93,76.63,61.11
74.17,74.17,72.04,74.17,59.71
71.99,71.99,73.30,75.47,60.99
68.00,68.00,69.46,76.35,63.16
65.29,65.29,69.53,76.10,62.84
62.58,62.58,72.46,76.09,61.74
59.33,59.33,69.37,76.55,64.51
49.79,49.79,68.09,75.99,66.85
51.84,51.84,70.27,75.31,65.84
52.73,52.73,67.07,75.71,66.80
54.97,54.97,65.51,75.66,66.72
58.38,58.38,67.20,75.70,66.98
54.40,54.40,64.39,72.63,64.80
49.50,49.50,62.67,73.63,66.13
53.59,53.59,66.27,72.67,66.42
54.87,54.87,65.14,72.86,67.01
60.32,60.32,60.27,72.69,61.10
58.30,58.30,65.41,72.45,64.86
54.76,54.76,60.22,71.11,66.38
53.40,53.40,47.28,69.35,67.43
57.41,57.41,44.62,69.93,66.89
59.97,59.97,43.94,65.33,64.92
65.96,65.96,44.96,55.51,60.41
63.51,63.51,48.91,55.26,63.15
65.84,65.84,57.54,55.57,64.60
68.90,68.90,64.95,63.36,62.56
69.53,69.53,64.29,75.25,65.33
68.05,68.05,59.66,76.51,59.67
69.32,69.32,55.60,72.95,62.13
69.99,69.99,51.36,75.06,64.36
69.52,69.52,47.75,74.59,58.51
68.80,68.80,44.99,74.32,60.21
67.17,67.17,42.75,76.30,63.69
68.00,68.00,40.35,72.87,61.54
70.29,70.29,49.88,75.80,57.22
69.05,69.05,62.93,71.94,61.27
68.53,68.53,69.40,73.34,57.78
71.53,71.53,88.76,71.53,61.25
72.55,72.55,83.39,66.82,59.36
72.86,72.86,85.65,59.53,61.96
71.22,71.22,82.38,57.56,60.22
70.52,70.52,88.08,71.05,62.89
70.31,70.31,84.18,72.79,63.01
70.47,70.47,86.67,70.95,62.91
72.63,72.63,80.63,71.95,67.07
73.18,73.18,79.61,72.71,64.25
72.05,72.05,72.57,71.56,65.42
71.25,71.25,69.61,71.45,65.70
69.97,69.97,69.21,73.46,69.14
70.99,70.99,60.31,72.75,67.43
71.46,71.46,57.58,70.46,62.86
72.82,72.82,57.66,73.24,71.17
73.58,73.58,56.39,73.95,60.83
73.02,73.02,57.19,70.23,63.11
71.67,71.67,54.05,72.60,63.84
72.30,72.30,49.24,72.85,63.91
73.13,73.13,43.77,71.26,61.39
74.36,74.36,38.38,69.74,63.37
74.47,74.47,37.73,72.46,60.64
73.62,73.62,36.79,71.70,60.67
73.26,73.26,35.55,68.02,61.00
72.03,72.03,37.46,71.66,61.91
71.80,71.80,45.62,73.18,59.45
69.71,69.71,55.37,69.14,60.35
61.71,61.71,65.60,71.78,61.25
52.25,52.25,69.24,72.47,60.89
53.49,53.49,64.84,66.48,59.71
54.17,54.17,65.08,70.86,62.26
56.24,56.24,59.70,61.57,58.07
57.82,57.82,57.20,62.73,56.13
58.54,58.54,53.84,61.56,60.20
56.24,56.24,55.17,63.19,57.85
53.96,53.96,52.49,54.58,58.02
51.19,51.19,49.40,52.92,56.16
50.38,50.38,49.61,42.95,56.79
48.42,48.42,62.72,42.18,55.17
47.20,47.20,73.72,45.58,55.78
53.76,53.76,92.04,54.12,59.62
65.12,65.12,90.90,55.44,64.16
71.70,71.70,90.63,60.37,60.91
74.86,74.86,82.59,62.54,54.37
74.00,74.00,93.03,64.88,59.69
74.39,74.39,89.11,69.51,59.66
73.71,73.71,91.43,68.73,59.99
72.70,72.70,86.53,69.75,62.60
70.90,70.90,85.60,71.22,59.78
71.02,71.02,84.10,70.38,63.41
71.37,71.37,80.46,70.53,59.96
68.67,68.67,82.18,70.15,58.27
62.86,62.86,80.30,71.15,68.62
56.44,56.44,77.74,74.27,66.25
55.43,55.43,80.67,77.62,65.80
53.29,53.29,79.13,76.03,67.39
55.41,55.41,76.63,77.08,62.08
52.55,52.55,79.06,76.15,62.94
50.21,50.21,77.73,76.93,60.93
52.17,52.17,75.75,76.79,64.45
50.63,50.63,78.12,76.87,64.01
48.91,48.91,76.26,77.10,63.61
49.30,49.30,74.30,75.68,61.76
50.57,50.57,77.00,75.26,60.69
53.38,53.38,74.34,71.05,60.91
49.23,49.23,72.61,51.74,46.41
51.75,51.75,79.71,55.53,58.23
59.61,59.61,82.16,69.86,58.10
65.02,65.02,77.27,73.79,60.06
70.89,70.89,74.16,72.77,62.56
72.88,72.88,73.16,76.98,63.72
79.43,79.43,70.09,75.05,63.22
78.33,78.33,71.80,76.27,64.54
75.00,75.00,72.53,76.28,62.84
74.16,74.16,67.42,75.79,62.98
74.08,74.08,68.31,75.42,61.26
73.94,73.94,71.03,76.25,62.25
75.54,75.54,67.10,76.01,61.34
76.99,76.99,68.41,76.33,59.88
78.07,78.07,70.29,76.44,66.05
76.50,76.50,67.56,75.95,66.39
73.52,73.52,64.98,75.68,65.25
76.84,76.84,69.12,76.47,63.42
78.61,78.61,64.68,76.78,63.58
78.65,78.65,62.17,76.97,62.24
79.23,79.23,66.91,76.06,63.28
77.84,77.84,60.92,75.62,61.69
76.76,76.76,59.30,75.73,61.61
78.04,78.04,54.63,75.78,63.51
78.67,78.67,50.63,75.89,59.83
77.68,77.68,49.80,75.86,60.33
77.63,77.63,47.37,75.63,59.71
77.80,77.80,50.94,75.26,55.90
79.13,79.13,62.66,74.57,64.29
78.49,78.49,63.61,76.53,66.09
79.04,79.04,57.99,75.58,62.53
77.98,77.98,54.23,73.03,59.85
77.96,77.96,49.83,75.22,61.90
77.67,77.67,43.99,75.68,62.14
76.94,76.94,39.14,75.41,59.30
77.52,77.52,37.97,74.60,58.28
77.08,77.08,35.98,74.07,60.01
77.33,77.33,34.65,75.78,60.11
76.03,76.03,35.38,75.37,62.60
77.06,77.06,42.67,76.71,57.72
77.48,77.48,50.51,67.67,59.62
77.42,77.42,60.77,73.91,57.29
77.27,77.27,67.53,66.14,61.78
72.44,72.44,64.50,70.52,67.37
73.57,73.57,61.33,75.92,65.46
69.29,69.29,59.26,74.56,63.72
71.13,71.13,58.07,73.97,62.66
70.71,70.71,58.02,76.28,63.50
69.52,69.52,56.20,72.85,61.17
68.54,68.54,54.92,75.41,60.91
68.48,68.48,51.67,73.89,62.98
66.90,66.90,51.49,74.53,62.31
64.83,64.83,56.31,74.01,63.51
63.22,63.22,64.01,71.49,64.33
60.86,60.86,70.61,68.13,62.65
59.87,59.87,92.70,62.94,62.99
62.65,62.65,90.15,60.08,64.08
63.46,63.46,92.69,61.42,61.66
64.88,64.88,83.45,69.84,70.41
61.39,61.39,86.66,68.71,73.24
66.60,66.60,84.67,73.24,72.50
68.23,68.23,76.85,72.69,71.84
68.63,68.63,82.75,69.91,71.62
71.39,71.39,79.59,69.24,70.05
73.51,73.51,81.45,72.53,68.03
78.72,78.72,77.35,68.21,68.94
78.58,78.58,81.79,71.82,69.00
75.01,75.01,79.78,71.73,67.81
73.28,73.28,77.89,70.85,66.82
75.41,75.41,80.26,69.05,66.96
79.77,79.77,77.39,72.58,66.89
82.46,82.46,78.08,72.53,66.28
82.01,82.01,79.20,69.01,67.41
81.26,81.26,75.73,71.80,65.48
81.53,81.53,77.05,73.13,67.18
81.74,81.74,77.79,69.25,64.91
81.06,81.06,74.33,72.57,65.33
82.51,82.51,75.58,72.15,65.08
80.14,80.14,76.38,72.39,66.02
77.08,77.08,74.40,72.04,63.45
75.66,75.66,74.36,68.90,63.42
78.41,78.41,81.13,63.37,66.48
78.61,78.61,91.66,64.55,64.92
78.17,78.17,91.56,61.29,67.70
78.40,78.40,87.55,63.67,68.54
78.18,78.18,90.41,63.15,63.67
81.80,81.80,89.14,64.12,61.99
80.14,80.14,86.80,65.76,66.04
78.35,78.35,77.74,64.92,62.67
78.67,78.67,77.13,64.09,63.92
79.18,79.18,77.47,67.02,60.35
80.25,80.25,76.01,62.06,66.81
79.33,79.33,76.11,63.17,65.37
79.62,79.62,79.74,56.06,67.48
80.89,80.89,78.45,57.12,67.84
78.75,78.75,77.69,61.79,68.78
79.46,79.46,80.02,63.46,65.47
79.59,79.59,76.81,69.76,65.77
77.46,77.46,78.16,75.97,66.87
77.93,77.93,79.46,77.19,67.28
77.91,77.91,75.96,77.04,68.46
74.43,74.43,77.51,76.16,67.73
71.59,71.59,77.88,76.71,66.07
69.59,69.59,74.26,78.21,65.77
64.25,64.25,75.97,79.70,66.51
64.29,64.29,76.67,78.29,61.73
68.53,68.53,73.63,77.39,65.76
69.93,69.93,74.58,72.67,64.47
71.51,71.51,79.52,67.56,67.26
67.35,67.35,82.79,71.46,64.91
67.73,67.73,77.82,75.21,62.97
69.89,69.89,73.77,76.95,62.94
70.51,70.51,73.17,73.35,60.07
68.59,68.59,72.10,74.77,57.87
70.64,70.64,72.61,76.48,58.88
69.45,69.45,70.67,76.66,61.39
66.10,66.10,69.10,75.99,63.20
63.47,63.47,69.18,75.61,62.41
65.02,65.02,71.29,75.39,65.18
64.41,64.41,67.00,75.42,62.38
66.66,66.66,67.33,75.99,65.89
67.70,67.70,69.37,75.82,65.59
67.16,67.16,66.64,74.67,65.94
69.01,69.01,66.63,71.16,68.76
71.38,71.38,69.80,72.85,60.11
74.23,74.23,64.39,73.36,63.78
70.46,70.46,63.11,72.77,66.22
70.66,70.66,67.03,72.66,58.32
69.65,69.65,61.91,70.66,65.30
68.65,68.65,59.68,70.77,65.76
71.49,71.49,54.60,71.56,61.77
70.60,70.60,42.05,70.81,63.84
72.36,72.36,43.94,64.13,65.05
74.06,74.06,49.55,57.60,58.39
73.94,73.94,47.03,58.07,65.18
76.05,76.05,51.24,54.39,64.16
75.07,75.07,63.23,66.60,62.12
69.09,69.09,64.01,74.52,63.71
70.99,70.99,59.19,75.72,59.22
72.60,72.60,54.12,73.85,62.67
71.12,71.12,50.11,75.69,64.26
71.68,71.68,46.08,73.39,59.69
72.35,72.35,42.87,75.98,60.89
72.20,72.20,41.06,74.90,63.90
62.99,62.99,36.44,74.46,62.32
67.61,67.61,50.99,76.10,59.95
64.95,64.95,59.72,71.08,63.67
62.69,62.69,70.75,73.76,59.18
69.16,69.16,90.34,70.82,59.15
69.29,69.29,82.40,65.69,61.42
66.95,66.95,84.97,59.43,60.90
69.19,69.19,82.04,59.87,61.31
67.86,67.86,88.65,71.74,62.65
68.24,68.24,84.56,72.86,61.61
66.98,66.98,86.40,71.21,63.22
65.72,65.72,80.79,72.60,62.06
64.46,64.46,79.00,73.86,63.21
60.73,60.73,70.85,71.69,64.36
59.10,59.10,71.29,73.49,61.43
55.08,55.08,67.61,74.45,63.36
59.10,59.10,60.68,73.28,64.56
59.11,59.11,58.53,72.31,60.84
57.23,57.23,57.18,73.08,64.79
63.28,63.28,58.48,72.76,61.26
73.67,73.67,56.99,69.71,61.84
70.64,70.64,52.97,72.89,60.04
70.37,70.37,47.34,72.86,60.77
68.21,68.21,40.46,69.38,60.92
66.95,66.95,38.06,71.56,62.56
64.11,64.11,36.34,72.15,61.25
58.67,58.67,31.25,69.13,60.85
55.48,55.48,30.07,69.08,61.57
55.49,55.49,33.76,71.33,60.40
53.43,53.43,46.45,71.92,59.27
51.25,51.25,57.31,66.93,55.25
53.17,53.17,63.84,71.10,53.40
54.23,54.23,70.94,71.58,56.33
51.97,51.97,66.67,66.13,60.23
53.21,53.21,62.76,69.47,58.29
58.22,58.22,57.52,60.18,57.74
61.03,61.03,55.21,59.28,61.11
67.56,67.56,50.89,56.39,61.63
68.87,68.87,54.81,64.27,59.70
59.38,59.38,48.59,54.02,60.62
54.04,54.04,49.42,49.73,59.80
52.61,52.61,59.25,42.10,58.85
48.83,48.83,66.74,38.90,54.94
50.61,50.61,72.78,53.95,53.03
55.84,55.84,92.87,61.37,52.59
59.64,59.64,89.99,61.87,55.44
68.37,68.37,91.38,69.39,58.13
72.76,72.76,81.86,71.86,56.64
71.71,71.71,92.58,69.79,60.71
69.43,69.43,90.20,67.79,61.15
71.93,71.93,90.94,68.72,60.94
70.68,70.68,86.51,68.71,58.67
68.81,68.81,85.45,69.68,59.21
69.35,69.35,82.80,67.94,58.02
70.13,70.13,81.68,69.21,61.39
65.00,65.00,82.12,65.92,58.61
59.70,59.70,78.49,71.15,59.09
63.62,63.62,79.65,75.55,60.04
70.16,70.16,80.53,77.34,65.20
74.49,74.49,76.99,76.16,63.27
70.65,70.65,78.55,76.42,62.23
72.68,72.68,79.01,76.28,60.56
73.05,73.05,75.98,76.80,62.56
74.77,74.77,77.68,77.39,61.12
73.85,73.85,78.03,76.45,63.28
73.86,73.86,74.18,76.33,61.12
73.58,73.58,76.32,75.78,60.03
72.82,72.82,77.06,75.55,60.30
66.25,66.25,73.47,69.89,59.80
63.98,63.98,74.38,52.79,54.99
60.76,60.76,80.65,56.87,61.60
67.51,67.51,83.09,72.52,63.94
68.18,68.18,77.24,79.44,64.64
68.55,68.55,73.81,77.87,60.85
69.10,69.10,72.75,78.09,62.02
71.18,71.18,70.66,78.68,61.94
72.16,72.16,72.60,77.94,62.57
71.63,71.63,70.02,76.88,61.39
72.02,72.02,68.78,76.40,60.54
71.47,71.47,70.00,76.80,61.89
72.14,72.14,70.92,77.26,60.38
71.85,71.85,65.75,78.16,63.28
69.41,69.41,67.44,77.54,62.84
68.06,68.06,70.36,77.31,64.71
69.53,69.53,66.23,77.07,65.41
70.14,70.14,65.80,77.43,62.50
69.83,69.83,69.49,77.85,62.64
69.89,69.89,63.64,77.26,62.53
76.38,76.38,64.33,76.76,64.93
70.87,70.87,66.95,76.29,64.14
73.96,73.96,59.47,76.00,64.13
79.26,79.26,61.46,76.12,64.10
77.11,77.11,60.31,76.82,65.52
71.73,71.73,50.96,76.43,64.09
68.11,68.11,52.61,76.09,62.20
75.15,75.15,47.00,75.68,65.19
74.11,74.11,51.41,75.57,61.38
72.94,72.94,63.12,75.39,61.54
72.51,72.51,61.64,75.37,68.68
71.36,71.36,56.61,75.52,67.41
72.08,72.08,53.12,74.45,63.80
75.55,75.55,52.57,73.98,64.77
70.93,70.93,47.45,72.16,62.11
72.02,72.02,45.06,70.54,64.49
68.69,68.69,39.55,68.37,63.50
69.39,69.39,35.66,58.66,66.42
66.42,66.42,36.29,48.45,64.65
65.16,65.16,38.36,50.16,66.79
68.44,68.44,44.94,52.02,66.85
69.75,69.75,54.61,61.83,65.76
68.76,68.76,66.19,73.89,67.65
69.90,69.90,70.68,71.06,66.33
65.47,65.47,65.61,75.23,64.80
63.54,63.54,61.99,75.30,61.57
62.79,62.79,61.21,74.16,61.31
66.03,66.03,67.34,73.58,62.86
66.31,66.31,65.32,73.02,57.91
64.92,64.92,59.22,72.79,63.27
63.97,63.97,60.78,73.31,61.85
65.20,65.20,59.80,72.88,60.27
72.43,72.43,56.36,73.46,63.92
71.13,71.13,60.52,71.35,61.88
60.80,60.80,67.44,68.85,54.66
61.02,61.02,76.49,67.74,60.25
62.31,62.31,91.84,66.51,59.80
71.16,71.16,87.86,60.52,62.01
78.55,78.55,91.30,64.30,61.42
77.90,77.90,84.00,72.80,69.30
74.46,74.46,90.15,74.49,70.53
72.98,72.98,92.94,74.97,71.84
72.64,72.64,87.74,75.66,74.06
71.96,71.96,88.84,73.79,73.89
72.83,72.83,85.50,74.07,72.26
74.65,74.65,81.41,75.20,71.40
73.46,73.46,83.78,74.62,70.86
73.78,73.78,81.24,75.38,70.95
76.72,76.72,78.28,76.16,72.74
76.27,76.27,80.90,73.97,72.66
76.26,76.26,79.60,75.70,70.08
75.78,75.78,77.23,75.46,68.75
75.82,75.82,79.46,74.47,72.12
75.04,75.04,77.98,73.63,67.48
75.03,75.03,75.93,75.50,68.44
75.84,75.84,78.39,75.27,68.74
75.95,75.95,76.86,72.62,69.48
74.72,74.72,74.68,74.22,69.11
74.76,74.76,77.00,74.03,68.40
73.91,73.91,75.80,73.10,67.44
63.47,63.47,71.30,69.73,66.76
66.48,66.48,75.11,67.21,64.75
67.26,67.26,83.70,65.87,65.36
63.26,63.26,92.70,64.36,65.78
68.62,68.62,89.91,60.26,63.66
73.50,73.50,87.69,64.89,61.71
71.90,71.90,86.64,66.78,63.85
70.87,70.87,92.83,70.37,63.90
74.35,74.35,89.54,71.88,64.52
76.95,76.95,89.47,70.65,64.41
77.72,77.72,87.25,68.71,65.38
76.49,76.49,81.56,73.35,62.52
75.78,75.78,84.50,72.50,63.92
71.89,71.89,81.47,66.22,64.62
70.43,70.43,79.91,62.73,66.71
69.89,69.89,81.43,56.31,68.23
73.73,73.73,78.88,56.99,66.65
72.98,72.98,79.40,62.44,66.25
73.88,73.88,80.61,71.68,67.33
77.17,77.17,76.85,75.07,66.51
76.54,76.54,78.08,73.69,66.40
74.41,74.41,79.44,73.16,65.10
73.92,73.92,75.99,72.37,67.74
73.92,73.92,77.37,71.08,67.00
72.22,72.22,77.95,73.41,65.79
73.33,73.33,74.63,74.03,65.24
74.49,74.49,76.14,74.52,67.43
73.89,73.89,76.51,73.94,65.16
72.36,72.36,74.33,73.65,66.10
71.31,71.31,79.85,71.78,65.04
70.34,70.34,82.73,72.79,65.60
72.79,72.79,77.44,76.03,64.34
72.61,72.61,74.33,77.69,62.78
69.58,69.58,73.03,72.94,60.29
70.96,70.96,72.75,75.55,58.48
69.45,69.45,71.44,76.01,61.72
69.62,69.62,71.45,76.11,62.33
65.88,65.88,72.62,76.09,62.94
64.35,64.35,69.74,76.29,64.67
64.97,64.97,69.90,76.16,65.57
65.77,65.77,70.14,75.14,65.11
65.38,65.38,66.81,75.43,62.94
63.12,63.12,67.80,75.74,64.17
61.63,61.63,67.61,75.80,61.90
57.98,57.98,64.39,73.16,63.39
53.55,53.55,65.77,73.85,62.43
52.93,52.93,67.82,74.03,64.39
52.38,52.38,62.63,72.85,65.80
56.14,56.14,64.40,72.13,62.74
60.62,60.62,66.66,71.43,64.92
60.95,60.95,62.36,70.92,65.50
59.12,59.12,60.81,69.90,63.27
56.72,56.72,59.58,70.67,65.28
55.28,55.28,48.30,64.05,61.99
58.28,58.28,48.11,55.34,60.50
73.88,73.88,48.31,56.91,62.69
79.82,79.82,51.94,55.28,63.02
79.48,79.48,63.91,66.06,61.63
78.55,78.55,63.45,74.88,64.20
74.18,74.18,58.47,76.78,60.90
71.12,71.12,53.57,72.32,61.34
71.16,71.16,48.27,75.51,64.54
71.60,71.60,45.32,73.76,58.76
72.45,72.45,42.62,75.49,60.99
73.64,73.64,40.64,73.77,62.44
74.86,74.86,39.26,75.68,62.84
74.93,74.93,49.90,73.66,58.62
72.51,72.51,61.29,72.99,62.01
71.24,71.24,68.25,72.32,59.80
71.05,71.05,90.91,70.41,60.60
68.04,68.04,81.95,65.61,60.23
63.78,63.78,86.91,61.60,61.47
73.43,73.43,80.18,59.63,61.54
78.12,78.12,88.93,71.96,62.73
79.99,79.99,85.66,71.71,62.40
79.21,79.21,84.94,72.42,62.31
78.91,78.91,81.62,72.91,63.33
78.37,78.37,77.81,72.99,60.97
78.57,78.57,70.32,71.66,63.66
77.82,77.82,71.85,73.65,62.61
77.64,77.64,65.86,75.10,66.23
78.71,78.71,61.09,71.53,63.13
79.16,79.16,58.64,73.21,61.41
79.60,79.60,56.86,73.22,62.31
80.10,80.10,57.91,71.91,63.57
76.51,76.51,55.36,70.81,63.42
76.50,76.50,50.50,73.04,62.90
75.67,75.67,45.77,72.00,61.46
76.73,76.73,39.98,69.32,62.32
75.39,75.39,36.40,72.37,62.56
73.27,73.27,35.55,72.97,62.82
73.25,73.25,31.34,68.89,60.38
72.53,72.53,29.34,70.87,63.26
72.35,72.35,30.84,71.82,59.27
65.74,65.74,42.66,70.79,59.90
55.20,55.20,57.07,69.05,58.71
54.19,54.19,62.21,71.44,56.46
58.13,58.13,71.62,70.00,59.50
59.50,59.50,66.72,66.81,60.09
56.99,56.99,63.87,68.93,56.38
52.10,52.10,57.93,62.14,56.87
51.60,51.60,55.33,62.79,59.40
55.03,55.03,48.25,61.52,59.26
51.96,51.96,55.75,61.21,58.64
51.02,51.02,49.74,56.26,57.09
52.42,52.42,48.79,50.37,54.86
59.29,59.29,53.23,45.32,51.96
61.59,61.59,67.35,41.25,53.32
59.19,59.19,76.28,53.08,53.89
55.42,55.42,92.13,59.50,55.70
57.46,57.46,89.52,57.97,52.06
57.67,57.67,91.73,65.14,51.18
63.97,63.97,82.69,66.11,51.90
70.21,70.21,92.11,66.73,58.11
70.57,70.57,90.90,66.52,56.07
70.39,70.39,89.93,69.03,58.64
70.46,70.46,85.37,72.06,57.47
69.61,69.61,83.63,72.63,59.99
72.05,72.05,81.96,70.97,57.52
73.15,73.15,80.24,69.29,58.14
71.47,71.47,81.34,68.36,56.22
72.69,72.69,78.88,71.47,57.05
74.57,74.57,78.89,74.52,60.25
74.08,74.08,80.87,77.27,63.00
74.05,74.05,77.70,76.27,62.65
73.09,73.09,78.70,76.32,60.59
73.29,73.29,79.64,76.57,61.05
74.57,74.57,76.69,76.99,57.32
73.70,73.70,78.30,76.77,60.46
67.75,67.75,78.63,76.64,58.52
67.23,67.23,75.11,76.26,59.57
66.90,66.90,76.96,76.55,56.48
65.93,65.93,77.19,75.27,58.13
67.89,67.89,73.84,67.85,58.43
62.71,62.71,75.40,54.14,48.31
57.86,57.86,81.19,58.56,54.55
60.57,60.57,82.07,73.06,61.90
58.47,58.47,77.09,79.67,61.47
76.76,76.76,74.34,78.35,64.72
80.04,80.04,72.45,78.97,61.95
78.36,78.36,71.42,78.68,60.49
75.24,75.24,72.70,77.60,63.27
74.18,74.18,70.60,76.71,57.61
76.67,76.67,68.76,76.43,58.71
78.38,78.38,71.24,76.78,62.22
79.40,79.40,71.40,76.77,60.86
79.82,79.82,66.89,77.22,61.74
79.58,79.58,69.09,77.37,62.85
79.36,79.36,70.74,77.44,62.27
77.74,77.74,66.92,77.80,64.08
78.88,78.88,67.29,77.31,65.58
79.15,79.15,69.62,77.43,67.60
79.57,79.57,64.26,77.11,69.30
79.62,79.62,66.26,77.09,70.47
79.62,79.62,66.94,76.80,70.78
78.35,78.35,60.11,76.29,71.87
77.21,77.21,62.46,76.16,69.53
77.75,77.75,66.45,76.34,69.15
77.74,77.74,58.15,76.51,66.38
77.87,77.87,47.83,76.58,62.42
78.87,78.87,54.39,75.97,63.73
79.62,79.62,58.97,75.69,67.64
79.39,79.39,63.91,75.19,66.08
80.63,80.63,61.12,74.60,67.55
81.57,81.57,58.73,75.73,70.52
81.32,81.32,53.64,74.15,67.99
80.97,80.97,52.60,74.14,66.93
80.08,80.08,47.35,71.03,66.70
79.12,79.12,44.17,71.36,65.56
77.31,77.31,41.51,68.50,64.55
76.04,76.04,39.08,59.89,66.56
74.31,74.31,39.38,50.09,63.48
71.28,71.28,39.69,53.53,68.58
69.05,69.05,43.62,53.98,65.31
70.15,70.15,49.33,63.71,68.18
70.13,70.13,64.43,73.48,65.93
74.42,74.42,67.85,71.49,64.48
68.94,68.94,64.36,74.60,65.83
70.80,70.80,62.45,74.17,63.32
73.07,73.07,61.82,74.22,62.16
72.76,72.76,60.69,74.57,63.34
72.56,72.56,58.57,74.09,62.22
74.45,74.45,59.77,73.54,60.87
73.69,73.69,58.41,73.49,65.01
72.01,72.01,57.11,72.71,62.39
71.57,71.57,55.98,73.14,63.47
72.99,72.99,59.68,71.40,62.47
69.39,69.39,68.80,69.03,53.84
68.19,68.19,81.19,68.99,58.04
67.80,67.80,91.76,64.97,60.75
67.35,67.35,88.46,64.60,57.52
70.74,70.74,91.89,65.40,61.03
69.84,69.84,78.58,72.41,67.48
66.34,66.34,87.71,73.63,72.93
67.84,67.84,91.94,75.71,72.14
67.12,67.12,86.17,75.08,72.28
66.07,66.07,89.11,75.20,72.26
69.67,69.67,82.70,74.49,72.43
70.93,70.93,83.95,75.12,72.04
71.01,71.01,83.44,74.84,71.57
72.72,72.72,79.27,75.23,72.03
71.93,71.93,81.21,75.24,70.92
70.49,70.49,79.80,74.16,71.01
68.35,68.35,77.54,75.74,70.72
65.95,65.95,79.50,75.39,71.57
66.04,66.04,77.97,73.72,69.90
67.94,67.94,75.64,74.66,70.99
67.47,67.47,78.21,75.11,69.67
67.69,67.69,76.79,73.87,69.16
68.13,68.13,74.25,72.60,68.67
69.72,69.72,76.92,74.32,67.39
70.58,70.58,75.56,74.68,69.27
71.61,71.61,72.41,71.64,68.05
71.91,71.91,76.77,70.68,66.81
70.60,70.60,71.59,66.04,67.13
67.95,67.95,87.36,68.23,67.67
64.98,64.98,89.92,62.79,64.86
75.91,75.91,87.74,64.07,65.24
78.50,78.50,89.46,61.22,64.88
75.19,75.19,90.33,64.00,67.08
75.19,75.19,92.41,71.61,67.54
70.65,70.65,88.00,72.17,65.32
70.21,70.21,87.23,71.23,67.04
71.77,71.77,83.99,71.07,65.57
74.14,74.14,78.15,73.80,65.72
73.72,73.72,80.99,70.55,66.86
68.50,68.50,79.93,65.56,64.40
71.87,71.87,75.86,63.00,62.60
69.21,69.21,79.18,59.12,66.39
69.53,69.53,79.05,53.64,64.62
70.03,70.03,75.99,60.21,64.71
73.05,73.05,78.73,71.30,68.41
69.57,69.57,78.16,76.22,68.11
68.43,68.43,75.22,74.92,68.51
64.35,64.35,78.06,73.50,65.99
69.83,69.83,77.40,72.17,67.20
70.49,70.49,73.65,73.03,65.72
66.04,66.04,76.41,72.69,65.45
58.67,58.67,76.37,73.36,65.13
60.62,60.62,72.09,74.14,65.17
64.53,64.53,75.22,74.04,66.29
61.57,61.57,76.34,75.12,64.87
61.05,61.05,82.05,72.54,65.59
67.48,67.48,82.53,73.56,64.69
65.40,65.40,78.35,77.30,61.23
62.25,62.25,73.02,76.80,60.42
70.12,70.12,71.46,73.18,64.12
68.19,68.19,73.83,75.75,60.49
73.81,73.81,69.79,76.53,61.40
75.44,75.44,69.77,76.51,60.87
75.89,75.89,71.00,75.91,63.71
76.32,76.32,67.68,75.71,63.89
77.14,77.14,67.56,75.39,62.93
76.02,76.02,69.14,75.43,64.25
75.46,75.46,66.22,75.79,65.05
75.48,75.48,66.64,75.72,64.17
77.24,77.24,65.65,75.54,65.45
73.74,73.74,65.06,71.29,65.60
69.02,69.02,65.36,72.25,64.48
71.55,71.55,66.45,73.73,62.66
73.45,73.45,62.68,73.55,60.89
73.63,73.63,62.24,72.49,60.16
69.88,69.88,62.20,71.23,67.24
71.67,71.67,44.98,69.38,66.20
69.99,69.99,49.92,71.36,63.18
70.38,70.38,39.76,70.53,64.24
67.17,67.17,43.71,63.40,62.09
69.64,69.64,45.64,54.57,59.12
69.05,69.05,47.01,58.36,64.81
71.15,71.15,49.84,52.92,61.24
72.76,72.76,65.79,68.77,57.98
74.52,74.52,62.61,75.09,63.84
70.48,70.48,58.24,75.94,60.30
70.31,70.31,53.57,72.89,60.75
71.22,71.22,48.79,75.98,62.16
69.09,69.09,45.72,72.28,58.92
67.49,67.49,42.18,75.38,64.02
68.79,68.79,39.42,73.09,69.77
66.47,66.47,39.49,74.97,64.97
69.65,69.65,51.68,73.04,59.87
64.08,64.08,65.10,73.15,61.73
66.55,66.55,69.99,72.36,59.58
64.87,64.87,91.83,70.59,58.32
69.44,69.44,80.65,64.69,61.39
71.77,71.77,89.13,60.45,60.01
66.88,66.88,80.05,57.84,62.26
69.47,69.47,87.20,71.86,64.62
71.56,71.56,87.57,72.90,60.37
69.77,69.77,83.58,73.09,65.47
65.36,65.36,83.08,73.33,62.18
60.50,60.50,75.96,72.50,63.41
53.80,53.80,71.31,72.22,63.28
50.77,50.77,71.96,73.17,62.04
47.53,47.53,65.48,73.71,64.31
50.19,50.19,60.87,70.54,64.35
48.12,48.12,58.15,73.14,62.88
54.23,54.23,58.22,73.43,60.70
68.05,68.05,57.77,67.11,62.98
74.68,74.68,54.92,71.06,57.80
75.31,75.31,50.37,71.79,62.67
73.23,73.23,43.47,68.59,59.46
68.74,68.74,37.82,68.14,62.15
62.09,62.09,35.11,71.24,60.62
58.17,58.17,33.15,71.51,62.55
57.34,57.34,31.37,68.36,61.56
55.14,55.14,31.77,71.36,61.71
51.23,51.23,44.49,71.81,63.61
50.11,50.11,55.57,69.35,67.46
50.07,50.07,61.00,70.21,61.41
56.90,56.90,72.24,71.61,59.42
59.01,59.01,65.47,69.16,63.49
57.77,57.77,62.65,69.37,63.48
66.60,66.60,60.07,68.97,56.04
74.29,74.29,54.57,58.54,57.43
75.46,75.46,51.95,60.20,62.23
77.08,77.08,48.79,55.01,59.68
76.74,76.74,52.68,62.38,57.88
74.16,74.16,46.76,54.75,55.49
71.62,71.62,50.60,49.75,57.33
62.85,62.85,55.35,43.56,54.81
51.47,51.47,68.71,44.16,56.92
52.33,52.33,77.87,56.77,55.29
60.68,60.68,92.82,60.61,52.17
65.30,65.30,88.57,60.05,53.54
61.73,61.73,90.47,68.19,56.28
71.27,71.27,87.30,69.11,60.49
77.80,77.80,91.14,64.34,60.65
78.12,78.12,91.20,65.44,55.00
78.80,78.80,88.00,69.20,59.13
77.68,77.68,84.73,67.94,56.80
76.80,76.80,81.66,70.05,59.38
76.98,76.98,80.12,69.58,56.22
77.25,77.25,77.33,69.66,56.65
77.47,77.47,78.95,67.87,57.00
76.86,76.86,79.36,71.17,56.90
76.54,76.54,76.31,76.05,64.87
76.64,76.64,79.40,76.41,66.99
74.72,74.72,78.28,76.14,65.24
72.03,72.03,75.24,76.44,63.23
73.64,73.64,78.58,76.37,63.64
71.89,71.89,77.72,76.99,62.14
73.93,73.93,74.72,76.71,64.12
72.14,72.14,77.27,77.30,61.98
72.49,72.49,76.30,76.14,62.81
72.58,72.58,73.46,75.73,59.84
70.20,70.20,75.66,75.37,61.53
68.06,68.06,75.61,67.42,56.46
59.49,59.49,72.85,50.92,49.86
61.30,61.30,81.90,61.32,54.66
62.82,62.82,82.03,73.84,58.50
68.44,68.44,75.94,78.32,61.12
70.62,70.62,72.90,77.94,62.89
73.36,73.36,72.20,77.95,62.62
72.34,72.34,69.66,78.20,60.91
76.65,76.65,71.18,77.61,62.62
73.47,73.47,71.88,75.77,62.87
73.15,73.15,67.80,74.91,58.03
71.59,71.59,68.67,75.88,59.86
68.89,68.89,70.39,76.18,60.58
68.03,68.03,67.61,76.77,62.39
66.13,66.13,66.46,76.52,62.46
68.88,68.88,68.70,76.60,61.97
66.18,66.18,67.81,77.42,65.80
69.25,69.25,67.29,77.70,63.99
68.58,68.58,67.39,78.70,63.53
60.74,60.74,65.35,78.00,64.43
68.57,68.57,63.82,77.74,69.68
72.23,72.23,62.69,76.91,70.95
71.80,71.80,59.24,76.29,68.86
70.01,70.01,51.01,76.15,69.75
70.14,70.14,50.33,76.26,68.31
70.20,70.20,49.49,76.09,66.28
68.32,68.32,47.79,75.81,64.06
64.96,64.96,45.14,75.56,63.51
63.32,63.32,48.77,75.83,64.82
63.35,63.35,64.42,75.38,67.14
66.07,66.07,60.87,76.31,65.97
67.23,67.23,56.64,76.09,70.22
69.21,69.21,52.26,75.12,69.34
69.07,69.07,50.02,73.16,66.89
66.23,66.23,46.28,70.94,65.85
66.65,66.65,43.10,70.67,67.52
69.04,69.04,37.14,67.31,65.33
67.72,67.72,35.36,56.60,64.49
69.37,69.37,34.97,45.77,65.03
62.52,62.52,37.67,54.30,66.39
62.98,62.98,41.76,56.31,66.73
61.58,61.58,48.01,64.63,66.57
57.64,57.64,64.41,73.61,66.32
61.77,61.77,67.13,72.21,67.13
61.90,61.90,64.75,76.81,63.41
60.53,60.53,61.75,76.77,63.68
61.94,61.94,60.46,75.39,62.09
65.05,65.05,60.35,74.36,66.37
64.61,64.61,58.90,72.71,65.48
63.47,63.47,58.87,72.86,58.27
70.69,70.69,58.21,74.59,60.97
73.18,73.18,56.42,73.55,60.39
77.25,77.25,56.92,74.88,63.51
79.17,79.17,59.55,72.78,60.58
80.91,80.91,69.81,66.51,62.08
76.72,76.72,81.43,66.31,58.27
77.58,77.58,92.90,62.36,60.06
77.66,77.66,89.93,62.98,60.38
75.54,75.54,89.80,68.35,63.91
76.25,76.25,83.84,71.42,68.82
75.42,75.42,84.31,73.78,73.73
76.59,76.59,83.12,75.77,73.52
76.04,76.04,82.50,75.53,72.15
73.24,73.24,81.01,74.90,71.79
73.09,73.09,82.55,75.13,71.63
71.27,71.27,78.51,74.00,70.52
72.91,72.91,81.15,75.52,70.53
73.05,73.05,81.44,74.71,69.66
72.48,72.48,78.12,74.76,69.36
74.43,74.43,80.49,74.56,70.81
77.23,77.23,78.98,76.07,68.68
78.15,78.15,77.16,75.31,69.71
75.95,75.95,79.61,73.24,69.01
73.83,73.83,77.02,75.10,70.08
73.58,73.58,76.52,74.78,69.34
72.72,72.72,78.07,73.02,69.17
74.35,74.35,75.52,73.37,70.23
74.92,74.92,75.22,74.07,68.91
72.23,72.23,76.86,73.27,68.43
71.71,71.71,74.11,70.92,68.06
72.70,72.70,73.51,70.93,67.07
72.38,72.38,76.38,66.49,65.79
67.06,67.06,87.21,69.59,64.70
62.07,62.07,91.84,62.44,61.83
69.96,69.96,88.17,63.18,62.78
69.36,69.36,85.94,60.09,64.08
66.61,66.61,89.47,65.07,64.65
63.56,63.56,90.53,70.77,61.82
62.05,62.05,90.23,70.07,63.71
58.34,58.34,89.65,69.89,64.36
51.38,51.38,84.42,71.57,65.99
53.75,53.75,84.63,74.14,64.70
58.30,58.30,83.11,70.43,64.96
52.78,52.78,80.03,66.83,66.00
55.02,55.02,81.59,60.88,61.72
59.10,59.10,79.21,57.73,66.37
60.85,60.85,78.44,57.98,67.04
60.17,60.17,80.39,60.53,67.64
67.53,67.53,77.43,73.16,66.16
72.14,72.14,77.34,73.00,68.00
74.81,74.81,78.81,73.95,66.64
75.55,75.55,76.27,73.91,64.66
76.29,76.29,76.55,73.31,65.73
76.59,76.59,77.72,72.95,65.53
75.67,75.67,74.78,74.68,65.27
76.12,76.12,74.84,74.46,66.92
76.55,76.55,76.43,74.00,65.96
75.97,75.97,73.99,73.78,66.30
74.55,74.55,73.79,73.49,65.76
76.13,76.13,81.25,70.95,64.85
76.03,76.03,81.39,73.33,65.25
78.02,78.02,76.70,76.75,65.28
78.54,78.54,74.26,75.17,63.56
77.81,77.81,72.13,73.81,63.30
75.70,75.70,70.31,75.48,61.77
72.79,72.79,72.69,75.79,61.02
72.98,72.98,69.64,76.22,59.98
72.28,72.28,70.05,76.24,62.07
71.14,71.14,70.82,76.01,61.47
68.68,68.68,68.39,75.23,62.93
67.77,67.77,66.34,75.10,62.29
70.11,70.11,68.16,75.44,64.22
71.01,71.01,66.25,75.89,62.70
72.70,72.70,65.14,75.44,64.13
70.63,70.63,62.37,73.03,65.33
70.49,70.49,65.58,73.11,58.84
70.95,70.95,64.14,73.52,64.19
71.21,71.21,63.13,72.05,64.54
71.79,71.79,64.01,71.14,60.87
73.48,73.48,62.88,72.18,65.03
73.96,73.96,58.45,71.05,66.45
70.67,70.67,43.41,70.95,62.36
61.23,61.23,42.91,69.44,65.57
68.82,68.82,41.54,62.05,61.26
67.03,67.03,46.59,52.53,58.87
64.88,64.88,48.38,58.83,65.47
75.60,75.60,52.55,52.23,62.89
75.65,75.65,66.19,69.98,61.06
73.22,73.22,62.85,76.94,63.73
72.39,72.39,59.05,73.59,59.55
72.15,72.15,53.98,74.87,63.82
71.00,71.00,49.97,74.85,63.16
69.53,69.53,47.10,74.23,57.14
72.20,72.20,44.90,76.59,60.81
74.16,74.16,41.74,73.18,64.62
74.26,74.26,43.43,76.19,63.05
72.38,72.38,52.78,72.78,60.17
64.14,64.14,65.67,73.73,61.15
72.30,72.30,72.16,72.13,60.92
74.57,74.57,91.82,71.12,59.83
72.12,72.12,78.61,66.94,57.72
71.30,71.30,89.27,63.55,57.54
69.95,69.95,81.50,58.38,60.80
70.28,70.28,86.33,72.30,63.41
69.41,69.41,88.02,72.32,61.63
69.52,69.52,82.88,73.06,63.37
71.58,71.58,83.27,73.70,62.53
72.75,72.75,73.66,71.14,63.37
73.43,73.43,72.64,73.60,63.59
73.98,73.98,71.07,73.18,59.23
73.89,73.89,65.28,72.31,65.81
73.02,73.02,60.31,71.83,62.28
74.95,74.95,57.77,73.43,59.56
73.43,73.43,57.05,72.67,61.79
71.78,71.78,57.75,70.34,58.99
73.10,73.10,55.09,72.96,61.72
73.11,73.11,50.47,73.57,62.03
71.91,71.91,46.12,69.52,61.64
71.21,71.21,43.00,71.84,63.23
70.05,70.05,42.02,72.16,60.35
69.36,69.36,40.26,70.45,61.80
62.92,62.92,32.04,68.37,60.64
62.41,62.41,30.27,71.69,58.79
63.02,63.02,35.92,71.00,58.66
77.47,77.47,42.10,69.05,61.02
80.08,80.08,52.69,72.48,62.27
80.56,80.56,63.79,70.42,62.17
80.25,80.25,72.38,65.18,61.31
80.74,80.74,66.57,70.95,61.42
79.07,79.07,62.30,67.31,60.35
78.39,78.39,57.12,62.24,57.85
79.34,79.34,54.05,62.58,61.11
78.60,78.60,50.10,60.56,58.09
77.91,77.91,53.90,61.79,61.96
77.52,77.52,48.75,55.58,57.38
77.68,77.68,47.00,51.31,55.64
77.48,77.48,52.13,42.24,54.39
78.08,78.08,68.78,48.25,55.52
78.23,78.23,79.43,52.02,58.26
77.40,77.40,92.85,56.17,54.16
77.05,77.05,86.04,61.86,55.22
73.64,73.64,91.38,70.31,56.36
68.43,68.43,81.33,68.00,55.83
69.33,69.33,88.09,68.09,56.45
70.09,70.09,88.84,70.55,59.02
70.40,70.40,84.59,70.08,60.44
70.38,70.38,83.65,71.66,58.84
70.91,70.91,74.13,72.78,60.17
69.77,69.77,73.65,71.47,58.08
67.47,67.47,70.96,71.14,56.32
67.89,67.89,67.36,70.89,57.26
62.25,62.25,58.86,71.54,55.06
58.08,58.08,55.81,76.86,60.14
56.52,56.52,62.40,76.54,60.23
52.48,52.48,59.04,76.27,61.76
53.98,53.98,53.78,76.48,60.65
51.74,51.74,47.27,75.90,61.88
51.52,51.52,43.07,77.61,57.69
52.39,52.39,43.55,76.70,59.85
50.23,50.23,45.63,76.76,59.08
50.86,50.86,43.58,76.41,56.72
50.73,50.73,40.39,75.88,58.69
52.75,52.75,43.31,76.03,57.85
57.44,57.44,55.95,65.81,54.70
51.40,51.40,57.53,55.76,45.42
63.49,63.49,77.74,61.65,52.17
69.44,69.44,81.09,72.92,55.42
68.70,68.70,74.16,70.39,59.88
70.95,70.95,68.77,76.82,59.84
72.32,72.32,63.27,76.73,60.52
72.70,72.70,58.09,75.97,59.90
72.98,72.98,52.81,76.23,63.60
72.55,72.55,49.84,76.81,59.52
70.75,70.75,52.76,76.34,62.33
73.32,73.32,49.08,75.78,60.94
73.48,73.48,44.62,76.37,58.55
75.27,75.27,44.02,76.61,63.38
75.15,75.15,46.44,77.65,63.90
77.31,77.31,50.18,76.75,65.47
75.13,75.13,55.60,75.93,66.81
72.92,72.92,59.51,76.20,66.50
77.08,77.08,53.66,76.70,65.35
78.70,78.70,48.82,77.32,65.68
79.37,79.37,47.13,76.52,65.27
77.83,77.83,49.60,76.12,64.92
76.94,76.94,49.73,76.06,65.06
77.05,77.05,38.09,76.01,65.72
78.65,78.65,45.91,75.89,64.43
78.35,78.35,47.39,76.07,64.89
77.32,77.32,47.28,75.48,65.07
78.20,78.20,47.95,75.70,61.49
78.85,78.85,52.50,75.22,61.12
78.78,78.78,64.74,76.21,57.05
78.31,78.31,61.95,75.17,54.89
77.65,77.65,57.09,76.48,60.31
78.58,78.58,52.85,71.77,59.86
77.29,77.29,48.02,75.22,55.40
77.73,77.73,45.87,75.56,60.01
76.72,76.72,43.46,75.33,57.97
77.31,77.31,40.32,74.01,58.59
76.07,76.07,38.69,75.18,57.92
77.18,77.18,38.08,75.18,59.25
77.69,77.69,45.38,76.49,57.45
78.12,78.12,55.29,74.80,56.25
76.99,76.99,63.36,68.19,55.92
76.06,76.06,72.74,72.48,60.50
72.11,72.11,67.40,65.81,59.45
69.85,69.85,63.80,71.84,63.28
69.78,69.78,61.21,75.66,63.50
69.79,69.79,58.92,74.01,62.81
68.25,68.25,57.72,75.79,63.99
69.35,69.35,56.58,73.77,64.57
70.92,70.92,54.46,75.27,64.27
72.29,72.29,52.61,73.34,64.87
72.98,72.98,50.62,74.90,64.96
73.46,73.46,49.59,74.84,64.95
72.09,72.09,56.95,73.71,66.73
70.57,70.57,66.44,68.57,61.62
67.12,67.12,80.76,68.00,62.94
61.04,61.04,92.76,65.77,60.87
69.46,69.46,89.05,66.44,64.05
67.94,67.94,89.82,66.87,64.49
74.09,74.09,85.85,73.99,68.85
76.74,76.74,84.25,74.27,70.72
70.85,70.85,81.23,76.66,68.21
73.45,73.45,81.54,72.44,71.18
74.71,74.71,80.17,76.30,68.26
73.78,73.78,81.55,74.41,71.20
76.60,76.60,77.51,71.91,68.23
81.61,81.61,81.37,74.35,70.36
78.17,78.17,79.02,76.94,68.43
74.03,74.03,79.78,72.19,69.72
74.72,74.72,80.32,75.03,69.20
79.64,79.64,76.83,73.90,67.02
80.72,80.72,79.43,73.88,68.18
82.10,82.10,79.32,71.83,69.60
80.38,80.38,75.75,76.10,68.84
83.63,83.63,78.29,74.88,65.82
85.45,85.45,78.10,70.37,66.37
83.65,83.65,74.34,74.75,66.21
84.81,84.81,76.99,75.30,66.77
82.84,82.84,76.74,72.15,67.12
80.91,80.91,74.31,75.30,64.43
77.12,77.12,74.41,74.56,65.33
77.22,77.22,73.57,70.03,66.37
79.46,79.46,88.43,68.11,68.08
79.18,79.18,92.97,64.86,69.30
81.41,81.41,91.96,63.86,66.44
81.48,81.48,84.81,66.18,65.30
80.06,80.06,92.62,65.23,65.22
83.52,83.52,89.14,68.33,63.28
82.74,82.74,84.02,69.43,65.27
80.82,80.82,79.76,68.79,63.74
81.81,81.81,74.99,73.09,64.44
82.31,82.31,76.53,71.41,65.31
80.24,80.24,77.60,64.60,67.83
80.77,80.77,78.68,67.89,69.72
80.82,80.82,77.25,56.95,68.45
82.10,82.10,79.63,64.15,70.10
79.09,79.09,79.68,66.25,68.78
81.90,81.90,76.77,63.70,67.42
82.70,82.70,79.00,76.05,65.65
81.62,81.62,79.43,76.92,69.99
83.36,83.36,76.13,75.86,68.06
82.45,82.45,78.81,76.46,69.93
78.04,78.04,78.37,75.44,68.85
79.60,79.60,74.49,76.10,68.63
80.55,80.55,77.11,74.28,71.44
80.08,80.08,77.12,75.69,64.71
81.14,81.14,73.62,75.30,68.39
79.20,79.20,75.54,73.86,66.03
77.36,77.36,75.07,72.88,66.34
76.61,76.61,81.43,70.27,64.05
66.19,66.19,81.32,70.00,63.54
65.57,65.57,77.86,75.23,61.49
65.96,65.96,72.02,75.42,62.29
75.50,75.50,73.15,73.69,58.07
76.43,76.43,73.85,76.05,56.36
73.79,73.79,69.92,76.15,59.69
73.10,73.10,70.44,75.76,59.82
75.18,75.18,71.05,75.38,62.76
75.91,75.91,68.51,75.66,64.60
70.65,70.65,68.85,75.55,65.23
64.45,64.45,69.27,75.28,65.28
67.26,67.26,67.34,74.98,67.16
65.23,65.23,67.68,75.56,63.94
63.01,63.01,67.14,74.71,65.12
65.33,65.33,68.25,72.56,66.40
64.81,64.81,66.15,72.00,62.54
71.03,71.03,66.22,73.73,64.99
71.47,71.47,63.71,72.62,62.37
67.59,67.59,63.01,70.49,62.67
71.75,71.75,64.41,71.37,64.63
69.88,69.88,58.65,69.78,62.66
72.00,72.00,48.19,70.66,61.82
71.29,71.29,40.39,69.25,65.95
68.47,68.47,43.29,62.67,59.99
69.17,69.17,47.41,56.16,61.86
68.28,68.28,48.94,58.61,66.73
69.93,69.93,51.99,52.12,61.58
69.28,69.28,66.55,71.00,61.54
71.33,71.33,62.63,76.58,64.46
71.62,71.62,57.66,73.80,59.83
73.60,73.60,52.68,75.96,62.83
73.32,73.32,48.12,73.07,62.16
69.17,69.17,45.78,75.74,58.96
70.41,70.41,42.05,75.70,63.30
71.07,71.07,39.17,74.23,63.85
66.68,66.68,41.05,76.42,60.38
67.79,67.79,52.63,72.58,61.40
65.29,65.29,67.09,73.69,62.08
65.08,65.08,73.08,71.19,61.80
64.42,64.42,92.24,71.02,60.45
68.17,68.17,77.37,64.13,65.79
66.94,66.94,88.90,60.13,61.41
68.35,68.35,82.36,59.56,63.16
67.06,67.06,86.02,71.46,65.91
67.11,67.11,88.02,72.98,63.14
66.95,66.95,82.84,72.96,62.50
62.36,62.36,82.87,73.28,64.41
59.12,59.12,73.31,71.52,63.70
55.82,55.82,72.91,74.08,63.94
58.76,58.76,69.16,73.61,60.88
58.96,58.96,65.80,69.39,64.87
57.22,57.22,59.38,72.98,62.40
58.08,58.08,57.46,73.34,62.58
61.93,61.93,57.78,71.23,61.88
72.44,72.44,58.39,69.67,60.46
73.21,73.21,55.47,71.70,61.29
71.83,71.83,50.72,71.26,61.72
71.84,71.84,48.16,66.38,60.85
68.19,68.19,51.20,71.18,63.00
66.57,66.57,64.00,71.79,67.10
58.34,58.34,56.44,67.86,67.19
56.08,56.08,48.10,70.60,61.97
51.53,51.53,42.72,71.79,60.34
51.82,51.82,42.09,70.36,60.89
49.42,49.42,49.73,69.65,60.07
52.81,52.81,59.81,72.01,61.25
55.78,55.78,67.87,72.14,60.43
57.12,57.12,64.66,68.01,61.34
58.51,58.51,64.35,69.86,60.18
62.89,62.89,59.79,66.59,59.23
68.26,68.26,53.59,56.28,59.99
66.19,66.19,51.55,57.49,63.01
61.35,61.35,47.87,56.31,60.24
68.22,68.22,53.37,63.29,60.75
69.99,69.99,49.98,56.80,57.47
69.34,69.34,50.30,50.70,56.98
60.98,60.98,58.24,43.40,57.96
50.82,50.82,68.19,46.06,55.19
47.84,47.84,79.40,58.01,55.43
50.45,50.45,92.46,58.00,55.63
56.16,56.16,86.78,58.54,56.46
61.80,61.80,91.33,66.31,53.55
68.57,68.57,84.91,65.31,59.52
72.77,72.77,90.96,65.67,60.43
72.66,72.66,91.84,66.39,57.29
71.99,71.99,88.41,68.02,56.92
69.56,69.56,88.16,68.45,60.22
71.54,71.54,80.85,69.52,56.82
71.24,71.24,83.46,71.16,59.02
73.39,73.39,82.91,70.58,58.38
76.80,76.80,77.89,69.41,57.47
76.37,76.37,80.68,70.88,57.89
75.43,75.43,80.52,77.05,64.47
75.71,75.71,77.08,77.09,66.31
73.42,73.42,79.74,75.93,64.90
74.76,74.76,79.08,77.05,63.61
71.58,71.58,75.37,76.02,63.16
72.07,72.07,78.53,76.71,62.58
74.27,74.27,78.23,76.72,62.32
73.92,73.92,74.30,76.84,62.13
73.39,73.39,77.11,76.69,59.11
74.51,74.51,76.88,75.46,60.00
70.89,70.89,73.75,74.35,59.55
67.14,67.14,75.26,65.21,56.78
63.90,63.90,75.38,51.80,49.68
64.43,64.43,80.96,61.98,53.98
61.01,61.01,81.79,75.29,57.88
63.90,63.90,76.36,78.51,61.71
70.98,70.98,71.90,77.57,60.77
74.32,74.32,72.25,78.76,60.09
72.05,72.05,72.30,78.42,61.51
69.97,69.97,70.40,77.60,63.50
72.27,72.27,69.79,76.41,61.11
72.47,72.47,69.93,76.20,62.30
72.77,72.77,70.31,77.06,64.59
73.02,73.02,67.87,77.73,62.91
72.46,72.46,68.82,77.44,62.71
71.51,71.51,67.84,77.23,62.80
69.75,69.75,67.07,77.16,62.65
70.91,70.91,67.11,77.65,62.38
73.57,73.57,67.90,77.76,64.92
74.61,74.61,65.33,77.81,65.46
70.20,70.20,65.35,77.27,67.45
72.26,72.26,66.01,77.04,67.69
71.32,71.32,62.30,76.98,69.86
71.56,71.56,60.37,77.10,69.26
71.35,71.35,63.17,76.62,68.70
71.46,71.46,54.70,76.64,66.60
72.21,72.21,53.14,76.33,66.84
71.59,71.59,49.04,75.80,63.76
74.39,74.39,48.93,75.72,64.09
73.35,73.35,53.13,75.75,63.48
72.06,72.06,63.48,74.71,66.09
77.12,77.12,60.03,75.14,65.76
78.80,78.80,57.78,75.46,67.28
76.79,76.79,54.64,74.82,66.55
74.72,74.72,52.11,73.11,69.95
76.71,76.71,48.57,70.62,65.99
77.04,77.04,46.95,71.35,67.31
75.08,75.08,46.54,65.93,68.73
76.11,76.11,45.43,58.63,65.58
78.27,78.27,45.29,48.64,64.22
77.43,77.43,47.15,54.10,65.67
76.36,76.36,50.06,57.24,66.68
73.62,73.62,53.48,66.76,62.40
72.97,72.97,67.47,69.90,62.81
66.21,66.21,68.33,72.83,64.63
68.21,68.21,64.48,75.05,64.81
75.83,75.83,61.27,73.55,61.34
79.76,79.76,59.21,72.69,61.56
79.56,79.56,59.39,73.10,61.74
80.36,80.36,59.36,72.60,58.64
78.17,78.17,66.76,73.54,61.74
79.73,79.73,58.93,72.77,60.09
79.49,79.49,55.49,72.31,59.25
79.36,79.36,56.28,72.48,60.03
79.70,79.70,62.22,69.71,54.92
80.22,80.22,69.39,67.24,51.76
79.89,79.89,82.16,67.33,60.60
79.05,79.05,91.91,61.17,59.89
77.30,77.30,89.46,59.87,61.04
76.39,76.39,89.86,68.14,63.83
75.04,75.04,85.81,71.49,68.76
75.73,75.73,92.55,74.33,70.59
78.77,78.77,88.67,75.08,71.12
77.23,77.23,90.24,76.27,72.50
78.81,78.81,86.79,73.71,71.81
77.66,77.66,82.40,74.77,72.45
75.07,75.07,84.27,74.27,71.46
74.93,74.93,80.75,76.24,71.46
75.61,75.61,79.73,75.16,70.62
76.22,76.22,81.01,74.53,70.47
76.45,76.45,78.00,75.67,70.27
72.96,72.96,78.95,76.05,71.16
72.16,72.16,79.76,73.62,69.41
76.31,76.31,76.56,74.65,69.93
76.76,76.76,77.66,74.83,70.28
75.50,75.50,78.78,74.21,69.17
78.15,78.15,75.58,72.22,69.10
75.95,75.95,76.51,74.82,68.44
74.21,74.21,77.44,74.25,68.53
75.13,75.13,74.49,71.55,67.36
75.53,75.53,75.16,72.53,67.54
75.18,75.18,74.38,70.36,67.24
73.59,73.59,74.85,66.91,66.77
71.13,71.13,89.88,69.68,67.15
69.68,69.68,92.68,63.79,64.92
71.46,71.46,90.48,63.02,65.59
64.14,64.14,83.69,61.33,62.77
64.08,64.08,91.05,66.49,65.43
74.18,74.18,89.36,69.34,65.14
70.03,70.03,91.26,68.93,64.35
73.69,73.69,87.20,69.39,65.04
75.82,75.82,84.05,72.77,66.91
72.66,72.66,83.87,72.72,65.68
73.11,73.11,81.12,69.09,65.36
72.99,72.99,81.53,67.44,64.26
70.74,70.74,81.36,56.88,64.41
68.95,68.95,78.13,59.66,64.11
70.00,70.00,80.34,59.68,65.76
70.86,70.86,80.69,63.92,67.10
72.74,72.74,76.80,74.73,67.15
76.62,76.62,78.92,72.52,67.52
74.33,74.33,79.39,73.62,67.38
73.91,73.91,75.83,73.05,67.07
74.90,74.90,78.39,72.29,66.29
74.80,74.80,78.07,72.04,65.98
73.34,73.34,74.33,74.50,64.94
73.17,73.17,77.04,75.19,64.99
75.42,75.42,76.87,74.69,64.38
76.56,76.56,73.66,74.48,65.90
75.80,75.80,75.19,73.80,65.21
74.54,74.54,83.10,71.97,65.83
72.21,72.21,80.60,72.69,63.97
75.83,75.83,76.17,78.49,63.74
72.25,72.25,74.31,73.70,61.06
70.82,70.82,72.18,75.00,59.83
68.57,68.57,72.66,75.34,60.84
71.44,71.44,73.38,76.05,61.54
69.40,69.40,69.44,76.16,61.62
70.65,70.65,71.73,75.95,62.33
67.40,67.40,71.30,76.26,66.38
66.19,66.19,69.64,75.01,66.24
62.91,62.91,68.05,74.95,63.95
60.92,60.92,68.60,75.13,67.66
59.75,59.75,66.75,75.63,62.42
64.81,64.81,65.12,74.03,67.42
65.39,65.39,64.79,72.24,67.57
66.44,66.44,67.71,73.26,60.64
68.95,68.95,64.52,73.66,66.61
68.47,68.47,64.64,72.28,62.87
70.03,70.03,66.13,71.67,62.44
69.53,69.53,63.10,72.14,64.99
69.70,69.70,61.96,71.72,63.08
71.83,71.83,62.43,68.27,59.86
71.89,71.89,54.49,68.86,64.68
72.40,72.40,47.99,64.03,60.62
72.76,72.76,48.92,56.78,59.77
70.46,70.46,48.87,59.03,63.15
69.81,69.81,52.05,53.55,61.02
70.95,70.95,66.06,71.39,63.10
69.92,69.92,61.61,77.90,61.35
70.90,70.90,56.58,72.23,62.57
70.04,70.04,52.35,76.32,62.43
70.43,70.43,48.15,73.22,61.12
72.93,72.93,45.27,75.65,57.25
74.06,74.06,44.63,75.08,61.52
74.40,74.40,42.72,75.40,62.79
74.02,74.02,44.56,73.64,57.27
71.65,71.65,55.73,74.21,58.83
67.17,67.17,66.63,73.18,62.04
69.79,69.79,75.40,73.29,61.80
74.23,74.23,91.24,72.20,61.55
75.22,75.22,78.54,64.23,61.23
74.24,74.24,88.53,61.02,58.56
72.01,72.01,82.75,62.03,61.31
72.25,72.25,85.59,73.18,64.04
71.11,71.11,87.43,72.73,60.46
66.32,66.32,82.85,72.62,62.84
60.28,60.28,81.82,71.22,63.19
55.66,55.66,73.37,72.15,62.18
55.38,55.38,73.09,73.95,62.43
55.05,55.05,68.23,73.06,60.76
59.42,59.42,66.64,71.81,64.09
57.13,57.13,59.18,73.82,60.73
57.27,57.27,57.42,74.11,61.26
64.28,64.28,57.79,71.17,62.94
71.57,71.57,58.77,72.90,58.62
71.44,71.44,55.59,72.82,60.50
69.75,69.75,51.64,71.34,61.94
68.80,68.80,45.83,70.49,61.43
70.44,70.44,41.80,72.70,61.26
70.37,70.37,38.18,71.39,62.03
70.77,70.77,35.46,69.02,60.83
71.43,71.43,34.33,71.84,59.99
71.87,71.87,36.05,72.47,60.28
72.32,72.32,42.10,69.15,60.29
70.95,70.95,53.26,70.82,57.21
69.19,69.19,60.41,72.22,58.23
69.03,69.03,72.45,69.97,62.99
67.64,67.64,67.69,68.09,61.22
68.21,68.21,64.13,66.94,58.70
68.89,68.89,59.95,67.37,57.63
66.70,66.70,55.36,63.61,58.99
61.65,61.65,49.85,57.85,58.93
62.28,62.28,52.50,59.56,54.70
64.10,64.10,54.47,60.09,54.59
73.70,73.70,51.51,52.42,52.76
77.96,77.96,48.70,46.76,56.31
79.19,79.19,55.53,40.78,55.79
79.42,79.42,69.55,48.70,53.39
68.45,68.45,83.46,57.36,55.01
61.64,61.64,90.62,61.16,56.92
68.62,68.62,88.79,56.07,53.86
70.90,70.90,89.06,66.81,53.31
72.14,72.14,86.45,66.69,55.77
68.48,68.48,90.96,68.61,58.12
70.27,70.27,91.15,67.64,56.66
70.26,70.26,87.71,69.46,56.50
72.06,72.06,86.91,70.79,57.94
72.98,72.98,80.23,71.33,55.73
73.21,73.21,82.68,68.78,58.96
73.37,73.37,82.24,68.64,57.52
71.86,71.86,77.76,68.42,56.95
72.01,72.01,80.48,71.12,55.02
73.59,73.59,80.51,77.44,58.95
73.28,73.28,77.48,77.69,58.89
73.49,73.49,80.07,75.25,61.63
72.73,72.73,79.63,76.88,59.45
72.66,72.66,76.30,76.47,59.80
73.07,73.07,79.31,76.54,60.24
71.42,71.42,78.93,77.50,59.65
67.39,67.39,75.18,76.95,59.49
71.41,71.41,77.93,76.31,55.02
74.73,74.73,77.50,75.85,58.14
75.50,75.50,73.65,75.11,57.21
75.05,75.05,75.63,60.97,56.14
72.38,72.38,75.72,54.33,54.55
67.84,67.84,82.76,62.94,55.50
67.93,67.93,81.76,76.21,59.50
73.30,73.30,75.86,78.38,57.14
78.96,78.96,71.79,78.68,62.11
80.01,80.01,73.78,78.57,63.17
79.79,79.79,72.32,77.78,61.18
79.39,79.39,70.48,77.31,63.14
78.77,78.77,71.25,76.22,59.75
79.87,79.87,70.33,75.64,58.76
79.53,79.53,69.87,76.27,64.46
78.83,78.83,70.13,76.96,59.19
78.55,78.55,69.33,77.07,61.59
77.85,77.85,67.86,77.48,64.46
78.85,78.85,68.66,77.64,63.99
79.38,79.38,68.05,77.40,64.25
78.90,78.90,69.15,76.93,65.98
79.04,79.04,66.62,77.43,66.22
79.55,79.55,65.98,77.14,67.90
78.46,78.46,67.09,77.24,68.74
78.46,78.46,62.74,76.54,68.38
78.66,78.66,61.28,75.94,68.95
77.67,77.67,64.85,76.01,67.10
78.14,78.14,63.21,76.54,65.35
79.06,79.06,53.10,76.85,64.12
77.53,77.53,46.74,75.92,62.51
76.03,76.03,49.68,75.59,61.26
77.12,77.12,55.37,75.44,63.21
77.43,77.43,63.16,74.93,66.26
78.55,78.55,60.28,75.13,69.02
78.56,78.56,55.43,75.62,70.66
77.10,77.10,51.96,74.02,66.38
75.24,75.24,51.45,73.78,65.53
77.32,77.32,47.57,70.36,64.67
77.24,77.24,45.85,71.08,68.26
77.80,77.80,46.71,66.42,65.15
78.04,78.04,44.55,57.76,67.29
78.31,78.31,44.76,50.43,66.02
76.61,76.61,45.20,56.31,66.06
76.94,76.94,50.40,60.09,68.53
77.99,77.99,53.26,68.91,65.32
79.04,79.04,68.83,71.76,66.29
80.01,80.01,68.76,72.77,66.56
78.34,78.34,65.47,75.11,63.34
79.44,79.44,61.44,74.19,59.70
78.26,78.26,61.12,74.45,59.10
79.54,79.54,59.59,75.10,61.28
79.62,79.62,56.06,73.28,61.61
70.41,70.41,52.20,73.70,62.00
73.27,73.27,61.89,71.76,61.70
74.78,74.78,52.48,72.09,61.77
75.65,75.65,50.37,72.37,59.41
74.45,74.45,64.25,68.99,56.10
70.41,70.41,69.96,66.45,54.92
73.09,73.09,86.25,69.73,57.86
77.54,77.54,91.32,65.36,58.89
76.48,76.48,90.41,63.80,58.51
76.88,76.88,88.08,68.71,60.98
76.11,76.11,80.04,72.46,69.01
74.39,74.39,91.04,74.60,72.59
75.52,75.52,87.08,75.28,71.41
74.76,74.76,90.22,76.14,73.05
74.56,74.56,84.37,74.37,71.03
73.20,73.20,85.60,73.81,72.70
71.03,71.03,82.26,75.90,70.60
72.30,72.30,81.17,75.58,71.71
73.64,73.64,81.81,74.47,71.31
75.07,75.07,78.06,74.48,70.36
73.89,73.89,79.70,75.40,70.43
75.12,75.12,80.15,75.16,70.24
75.11,75.11,76.05,73.53,69.65
76.06,76.06,77.72,75.21,71.78
73.24,73.24,78.29,75.10,69.76
75.50,75.50,74.86,73.27,70.81
74.19,74.19,76.36,73.76,68.23
74.12,74.12,76.94,74.83,67.22
73.23,73.23,73.73,73.29,67.61
72.17,72.17,74.54,72.22,67.68
71.58,71.58,75.14,72.58,65.81
69.77,69.77,72.70,71.62,65.01
73.00,73.00,73.99,65.33,62.77
72.94,72.94,92.51,68.00,59.60
70.34,70.34,87.44,62.50,61.07
72.49,72.49,86.83,60.90,64.20
73.13,73.13,87.83,61.86,65.57
75.40,75.40,94.07,67.83,66.44
73.68,73.68,88.22,68.66,67.49
73.92,73.92,90.41,70.88,64.88
74.12,74.12,83.15,72.33,64.95
73.15,73.15,81.17,73.36,65.74
72.09,72.09,80.88,72.08,66.46
71.55,71.55,78.97,67.45,63.86
70.84,70.84,76.92,67.84,62.28
76.12,76.12,79.16,61.45,61.39
76.39,76.39,78.47,57.54,64.05
74.99,74.99,76.41,58.48,63.44
73.03,73.03,79.34,65.84,64.72
72.53,72.53,77.67,75.86,66.49
71.24,71.24,75.53,72.76,63.47
68.77,68.77,78.80,72.96,62.53
67.36,67.36,77.03,72.93,64.87
66.25,66.25,74.62,73.16,64.40
67.14,67.14,76.99,73.51,67.26
67.27,67.27,75.61,73.63,64.40
67.93,67.93,73.20,73.21,66.55
69.16,69.16,75.87,73.35,66.39
70.17,70.17,74.16,73.38,64.70
66.23,66.23,72.80,71.78,63.72
66.46,66.46,83.09,71.55,61.95
75.59,75.59,80.77,73.19,61.06
76.84,76.84,75.67,77.47,66.09
74.12,74.12,73.07,74.42,63.59
72.87,72.87,72.75,75.16,59.47
73.20,73.20,70.50,76.09,59.37
73.32,73.32,70.69,76.27,61.67
73.63,73.63,71.81,75.87,62.44
72.99,72.99,66.90,75.82,62.48
73.39,73.39,68.28,76.01,66.29
72.66,72.66,70.95,75.35,65.88
71.61,71.61,65.29,75.71,62.85
68.38,68.38,66.13,75.23,67.53
70.74,70.74,68.68,75.60,64.85
71.50,71.50,64.06,74.44,67.64
72.55,72.55,64.24,73.13,66.09
72.42,72.42,68.12,73.14,61.65
74.53,74.53,63.80,73.37,64.51
74.28,74.28,61.06,71.93,63.01
74.06,74.06,65.63,72.23,62.44
72.20,72.20,56.03,72.73,64.05
71.83,71.83,46.83,71.81,62.01
61.84,61.84,44.48,70.40,62.88
62.75,62.75,43.16,67.68,65.02
65.20,65.20,39.92,60.94,60.75
60.10,60.10,49.01,55.75,60.94
66.31,66.31,51.97,56.86,64.77
72.68,72.68,58.38,54.05,64.75
74.86,74.86,65.57,72.19,64.12
76.11,76.11,61.61,77.30,59.71
76.98,76.98,56.69,72.80,60.75
77.45,77.45,53.35,76.20,61.14
74.41,74.41,48.54,71.61,59.93
72.90,72.90,46.27,76.62,55.25
70.05,70.05,42.71,74.45,59.87
70.17,70.17,40.69,74.90,61.20
65.13,65.13,43.27,73.78,52.38
61.33,61.33,56.92,74.55,58.74
55.84,55.84,66.23,72.21,58.32
65.42,65.42,78.76,74.23,56.96
73.86,73.86,89.68,70.58,61.71
78.00,78.00,80.25,63.54,65.28
74.75,74.75,87.80,61.37,66.77
74.66,74.66,83.06,62.98,66.79
77.10,77.10,86.50,72.96,63.97
74.87,74.87,85.75,73.02,61.31
73.50,73.50,84.08,73.09,61.40
74.60,74.60,79.83,70.68,64.06
74.55,74.55,74.69,74.06,64.29
73.77,73.77,73.24,73.77,61.53
74.41,74.41,67.85,72.30,61.60
73.26,73.26,66.42,72.71,63.07
71.16,71.16,57.58,73.69,62.17
70.67,70.67,56.85,73.28,62.59
72.51,72.51,56.74,70.97,62.79
76.02,76.02,56.89,73.45,60.81
75.17,75.17,52.03,73.65,63.14
74.24,74.24,46.47,70.35,62.92
73.03,73.03,39.58,72.43,60.76
72.67,72.67,35.74,72.92,61.01
72.42,72.42,34.07,70.87,64.11
72.24,72.24,32.97,69.97,61.26
71.36,71.36,32.21,72.07,61.88
71.86,71.86,31.59,71.63,62.35
71.14,71.14,38.06,68.61,61.68
71.99,71.99,49.39,71.50,61.12
73.11,73.11,58.21,73.45,63.77
73.78,73.78,68.86,70.41,61.29
71.31,71.31,66.51,68.76,63.15
71.67,71.67,62.86,69.97,59.41
71.53,71.53,59.27,65.82,61.16
73.68,73.68,54.43,64.43,59.72
72.02,72.02,47.72,63.66,60.53
71.18,71.18,48.79,63.04,60.81
71.29,71.29,50.80,60.57,58.46
69.69,69.69,48.58,56.44,56.12
69.50,69.50,47.43,48.29,56.48
66.74,66.74,56.71,40.26,53.85
62.99,62.99,71.19,46.69,51.40
61.84,61.84,82.67,58.25,60.56
54.71,54.71,91.74,52.92,63.81
54.35,54.35,89.39,60.09,62.16
54.82,54.82,89.67,65.56,56.29
55.10,55.10,88.63,67.03,53.77
56.26,56.26,92.33,68.72,57.21
56.53,56.53,88.68,68.04,60.67
54.44,54.44,87.45,68.97,58.16
54.64,54.64,83.92,70.58,59.78
57.18,57.18,78.00,72.14,58.00
56.79,56.79,79.98,72.05,59.91
57.57,57.57,79.41,70.54,59.43
57.57,57.57,77.44,70.35,62.04
56.12,56.12,77.59,71.36,61.79
57.11,57.11,79.44,77.23,64.00
54.10,54.10,76.72,77.07,64.78
53.41,53.41,77.12,76.26,63.43
51.23,51.23,78.79,75.74,58.23
49.78,49.78,76.18,76.78,62.30
43.58,43.58,76.57,76.70,63.53
42.24,42.24,78.05,76.80,60.88
49.68,49.68,74.72,76.85,61.17
54.89,54.89,75.15,75.91,58.35
56.06,56.06,76.64,76.20,58.95
58.99,58.99,74.31,74.75,54.17
59.30,59.30,72.91,63.48,56.78
59.01,59.01,75.31,61.16,55.34
73.48,73.48,81.61,69.44,58.24
75.52,75.52,80.03,76.79,57.56
74.58,74.58,74.28,78.06,61.65
72.48,72.48,72.73,77.92,62.26
72.18,72.18,71.80,78.38,64.43
72.59,72.59,71.49,78.36,62.87
72.44,72.44,71.47,76.75,64.11
70.29,70.29,67.33,75.57,62.44
69.61,69.61,69.33,75.86,62.08
70.77,70.77,70.97,76.78,64.05
71.31,71.31,66.67,77.62,62.86
71.43,71.43,67.30,76.99,62.47
70.93,70.93,69.24,76.68,62.25
71.24,71.24,66.11,76.77,62.75
76.86,76.86,67.57,77.36,63.02
75.54,75.54,69.45,77.81,65.14
73.38,73.38,64.37,77.66,65.83
71.15,71.15,64.86,77.12,67.46
74.52,74.52,66.68,76.72,67.04
73.82,73.82,60.22,76.40,67.17
72.69,72.69,55.08,76.35,68.96
76.25,76.25,52.72,76.17,68.27
77.48,77.48,46.71,76.34,66.09
78.06,78.06,47.93,76.15,63.79
77.68,77.68,42.18,75.95,62.05
76.22,76.22,46.93,75.86,60.60
72.90,72.90,52.82,76.16,62.52
74.65,74.65,63.57,75.79,64.13
72.60,72.60,59.43,75.82,66.10
71.83,71.83,53.85,75.04,67.19
73.34,73.34,50.67,74.72,66.34
73.48,73.48,49.59,72.51,64.21
69.96,69.96,45.11,70.07,64.22
67.97,67.97,48.20,70.98,66.33
65.59,65.59,44.32,63.74,66.65
71.27,71.27,39.55,57.00,66.13
62.40,62.40,34.77,47.50,65.64
66.02,66.02,36.80,54.94,65.01
68.47,68.47,37.83,60.10,65.83
67.84,67.84,47.94,69.35,65.94
72.51,72.51,69.29,71.93,67.73
80.31,80.31,66.68,74.07,66.69
79.68,79.68,63.25,74.72,62.79
79.81,79.81,61.42,73.68,63.02
75.02,75.02,59.89,73.97,62.69
72.72,72.72,59.71,73.96,61.66
74.06,74.06,62.42,73.62,63.63
73.20,73.20,58.55,74.02,61.16
72.27,72.27,55.42,73.27,61.99
74.46,74.46,53.41,73.53,62.26
72.88,72.88,53.87,72.50,59.43
71.03,71.03,65.23,68.82,58.18
72.55,72.55,72.61,66.71,56.12
71.63,71.63,87.90,68.81,60.64
72.78,72.78,91.03,65.37,56.41
70.71,70.71,90.27,61.53,60.60
72.51,72.51,86.40,70.48,67.05
72.37,72.37,85.00,72.19,69.88
71.29,71.29,85.27,75.54,72.33
72.50,72.50,81.09,75.84,71.11
71.19,71.19,80.14,76.33,73.14
71.65,71.65,83.38,74.13,71.54
74.85,74.85,78.63,73.80,72.48
74.21,74.21,80.80,75.96,71.12
73.12,73.12,79.60,76.58,72.23
71.32,71.32,80.01,73.84,71.16
70.37,70.37,80.96,75.87,71.38
73.81,73.81,77.44,75.32,70.78
72.58,72.58,79.41,75.06,72.54
70.16,70.16,79.65,73.56,71.76
70.91,70.91,76.10,75.80,71.21
71.59,71.59,78.44,75.02,70.47
71.62,71.62,78.17,72.49,69.72
70.46,70.46,74.57,74.14,69.32
69.83,69.83,77.15,74.77,67.16
73.26,73.26,76.97,72.73,68.02
71.53,71.53,72.84,72.48,67.78
70.35,70.35,76.50,72.46,67.68
72.23,72.23,76.10,69.26,66.01
72.26,72.26,73.71,66.12,64.31
70.94,70.94,91.80,66.18,62.32
73.76,73.76,89.73,64.95,64.66
72.57,72.57,90.58,64.21,65.70
70.52,70.52,82.88,64.11,68.27
71.07,71.07,92.05,68.50,68.17
73.62,73.62,91.27,65.99,67.97
73.63,73.63,90.60,70.08,67.29
73.99,73.99,86.70,72.29,67.17
73.11,73.11,86.07,73.91,65.45
73.07,73.07,81.81,71.50,67.18
73.72,73.72,82.76,69.57,64.72
72.02,72.02,82.09,67.22,62.51
70.04,70.04,78.17,59.50,59.96
69.33,69.33,80.05,56.60,64.44
71.13,71.13,80.51,61.89,69.15
72.68,72.68,76.98,64.98,66.95
71.78,71.78,78.84,75.47,67.97
73.95,73.95,78.32,73.50,64.81
70.86,70.86,75.59,73.42,61.98
66.32,66.32,77.84,73.05,61.59
64.96,64.96,77.82,72.44,61.99
63.34,63.34,74.11,71.50,62.63
62.67,62.67,76.25,75.47,62.38
60.38,60.38,76.40,75.37,64.46
58.15,58.15,73.17,74.42,62.76
58.01,58.01,74.79,74.29,61.20
58.37,58.37,76.80,73.29,60.07
69.61,69.61,83.01,71.20,59.06
73.72,73.72,80.37,75.16,60.89
76.11,76.11,76.46,77.28,66.01
73.76,73.76,72.66,74.83,63.49
70.89,70.89,70.56,74.96,60.61
71.36,71.36,73.54,75.58,59.33
71.04,71.04,69.63,76.56,61.93
71.17,71.17,69.62,76.22,62.06
72.44,72.44,73.16,76.06,63.85
72.24,72.24,68.98,75.79,66.70
71.96,71.96,65.81,74.96,66.20
70.45,70.45,70.23,75.25,63.35
74.69,74.69,67.46,75.79,67.79
75.79,75.79,64.38,75.83,63.12
74.79,74.79,65.54,74.00,69.80
71.52,71.52,63.56,73.48,66.30
75.24,75.24,63.25,73.47,66.04
78.40,78.40,66.08,72.50,67.51
76.81,76.81,63.21,71.64,64.42
74.78,74.78,62.11,71.14,65.85
74.65,74.65,64.26,73.07,67.77
73.29,73.29,49.99,69.95,65.19
72.29,72.29,47.24,71.83,64.15
69.90,69.90,42.90,68.64,64.70
67.97,67.97,36.21,63.24,61.59
69.29,69.29,48.98,56.37,61.49
70.32,70.32,56.36,58.54,65.95
72.09,72.09,57.51,56.36,62.25
72.01,72.01,66.22,74.19,65.57
71.75,71.75,61.73,74.63,60.84
67.01,67.01,56.71,74.22,60.51
60.51,60.51,51.86,75.59,61.94
59.96,59.96,47.82,72.71,62.81
49.64,49.64,44.43,76.38,57.86
51.33,51.33,41.01,73.05,63.81
47.62,47.62,38.86,75.87,64.93
46.18,46.18,45.39,73.35,61.36
47.33,47.33,57.94,74.86,61.32
55.30,55.30,68.87,70.52,62.53
57.79,57.79,78.54,72.28,61.98
57.33,57.33,88.69,69.93,62.11
60.72,60.72,83.17,64.41,64.81
71.75,71.75,85.11,59.94,65.79
73.39,73.39,83.81,64.99,63.29
72.39,72.39,88.60,74.16,68.17
70.13,70.13,83.90,73.75,62.76
67.55,67.55,85.06,73.50,64.78
66.51,66.51,78.62,71.01,65.31
66.46,66.46,74.93,73.70,67.87
68.85,68.85,72.02,74.46,64.43
68.24,68.24,68.23,71.58,62.13
68.21,68.21,65.21,73.84,62.15
68.33,68.33,56.00,73.40,63.60
69.07,69.07,57.79,71.62,65.64
68.42,68.42,56.09,71.00,67.55
68.15,68.15,57.67,73.10,62.75
66.23,66.23,52.41,72.23,62.54
68.17,68.17,46.52,70.46,63.58
67.70,67.70,38.74,72.98,65.12
67.24,67.24,33.87,73.47,61.84
68.02,68.02,33.21,69.49,63.49
68.81,68.81,33.49,72.01,62.02
68.05,68.05,30.77,71.96,60.65
68.66,68.66,31.11,70.58,58.27
69.89,69.89,39.97,70.09,58.31
68.80,68.80,48.98,72.03,58.62
73.05,73.05,60.00,69.40,58.57
68.68,68.68,65.21,71.48,59.93
69.95,69.95,61.30,63.84,61.48
69.36,69.36,60.75,70.91,63.35
67.23,67.23,55.12,66.83,59.64
66.87,66.87,52.39,63.48,59.10
66.68,66.68,45.41,64.82,63.01
67.89,67.89,45.52,63.16,62.83
68.96,68.96,45.67,60.39,62.92
69.72,69.72,44.63,56.95,61.41
68.56,68.56,48.65,49.39,61.97
64.53,64.53,60.37,41.16,56.66
58.00,58.00,73.59,46.13,59.24
58.47,58.47,83.69,57.38,62.34
54.01,54.01,91.88,55.14,57.35
55.57,55.57,88.60,61.64,55.32
53.71,53.71,88.05,67.85,50.99
49.08,49.08,86.81,67.24,53.59
51.59,51.59,93.30,68.21,58.12
50.94,50.94,88.55,68.73,56.75
49.54,49.54,90.56,69.00,58.96
49.33,49.33,83.75,69.87,58.52
50.55,50.55,83.72,69.83,58.60
51.87,51.87,83.98,70.36,59.08
52.41,52.41,79.24,70.59,62.68
49.55,49.55,80.43,71.51,65.54
47.74,47.74,81.02,71.92,68.78
48.47,48.47,77.20,77.03,69.61
46.55,46.55,79.84,76.07,70.04
44.58,44.58,79.35,76.56,66.43
42.23,42.23,75.68,76.32,63.17
42.46,42.46,78.50,76.33,65.68
39.14,39.14,78.35,76.83,64.92
38.88,38.88,74.83,76.64,62.90
38.20,38.20,77.37,77.03,66.75
49.33,49.33,77.06,75.80,63.25
50.04,50.04,73.48,75.28,63.53
52.42,52.42,76.04,74.64,61.84
54.58,54.58,75.53,59.70,53.30
60.25,60.25,74.35,57.22,59.65
71.46,71.46,81.78,65.66,59.27
80.03,80.03,80.03,76.52,61.38
77.48,77.48,74.90,70.96,60.01
75.44,75.44,73.02,77.22,64.95
73.61,73.61,73.46,75.91,62.89
72.18,72.18,69.82,75.09,63.47
72.30,72.30,71.06,75.70,66.94
75.30,75.30,72.08,75.41,62.38
73.53,73.53,67.54,74.31,65.40
68.96,68.96,67.65,75.14,64.25
69.93,69.93,70.76,76.04,61.64
72.76,72.76,68.24,76.41,62.96
75.64,75.64,67.23,76.18,65.18
76.58,76.58,69.16,75.15,64.89
72.83,72.83,66.99,74.42,65.16
77.06,77.06,66.29,75.06,64.17
79.40,79.40,67.86,75.71,62.39
77.35,77.35,64.49,76.16,61.89
77.95,77.95,63.54,75.66,57.98
78.80,78.80,64.07,75.39,56.44
76.55,76.55,60.36,75.51,57.24
77.51,77.51,56.74,75.41,56.37
77.51,77.51,50.98,75.83,57.94
78.28,78.28,51.18,75.39,55.68
77.51,77.51,47.09,75.25,57.56
77.83,77.83,48.21,75.76,56.71
79.74,79.74,63.53,74.88,60.76
77.93,77.93,64.42,75.26,58.56
77.22,77.22,60.01,78.41,58.37
77.27,77.27,56.73,73.21,63.97
77.26,77.26,51.17,72.62,63.99
75.66,75.66,47.23,75.82,67.08
74.21,74.21,42.13,76.09,69.13
72.42,72.42,38.14,74.72,70.35
70.00,70.00,34.83,74.72,72.09
69.65,69.65,31.64,74.81,73.61
67.98,67.98,29.61,76.20,74.31
65.70,65.70,37.50,75.26,74.30
68.90,68.90,50.11,75.68,74.68
67.98,67.98,56.08,69.13,70.99
68.36,68.36,67.80,69.06,68.10
75.15,75.15,63.76,67.94,60.87
77.69,77.69,61.41,75.09,62.05
75.77,75.77,58.58,75.45,61.68
72.85,72.85,56.26,75.23,62.99
71.48,71.48,53.35,74.16,65.53
70.86,70.86,51.88,75.89,63.64
71.44,71.44,48.16,72.85,60.83
71.33,71.33,46.03,75.86,62.01
71.15,71.15,43.02,74.83,62.15
71.96,71.96,47.34,74.61,60.69
70.61,70.61,61.28,72.30,62.99
70.15,70.15,67.36,66.59,63.45
72.23,72.23,86.83,67.55,62.34
75.64,75.64,90.63,65.40,66.65
73.89,73.89,90.03,66.92,68.89
71.30,71.30,86.05,70.00,70.69
69.79,69.79,86.51,72.09,72.75
70.38,70.38,84.64,72.81,74.43
70.50,70.50,78.72,74.06,70.54
72.87,72.87,78.78,74.14,74.38
72.21,72.21,82.09,69.35,72.73
73.19,73.19,78.31,69.82,69.09
71.85,71.85,80.28,73.07,78.35
71.24,71.24,77.91,70.37,79.47
71.28,71.28,81.01,70.22,76.79
72.30,72.30,80.25,72.99,75.03
72.01,72.01,76.97,74.48,73.76
72.17,72.17,79.92,67.66,80.05
71.65,71.65,78.97,72.62,82.61
70.64,70.64,76.23,72.16,81.92
72.53,72.53,78.71,69.84,79.94
71.93,71.93,77.35,69.83,81.82
72.41,72.41,74.88,72.99,82.00
73.18,73.18,77.32,70.58,80.11
71.75,71.75,76.03,68.08,82.64
72.38,72.38,73.43,73.24,81.41
71.32,71.32,76.91,74.08,78.71
70.89,70.89,73.04,66.70,75.74
70.32,70.32,72.53,68.12,77.79
69.76,69.76,92.75,64.29,77.58
69.82,69.82,89.71,61.62,78.36
68.52,68.52,93.56,62.61,79.51
68.94,68.94,83.57,64.17,78.42
72.70,72.70,92.58,62.11,79.33
71.53,71.53,86.65,66.03,80.67
72.07,72.07,84.78,65.54,78.99
72.52,72.52,76.04,68.35,78.42
72.69,72.69,75.28,66.89,79.85
72.14,72.14,78.38,62.78,80.54
71.74,71.74,77.71,64.60,80.32
65.14,65.14,75.94,62.06,78.67
65.67,65.67,80.30,55.43,81.55
63.74,63.74,79.26,62.45,79.94
72.29,72.29,76.53,62.76,78.62
73.02,73.02,79.88,67.93,79.62
69.25,69.25,78.45,77.36,73.64
66.63,66.63,76.46,78.17,71.01
65.24,65.24,79.30,78.57,76.44
62.47,62.47,77.47,78.64,72.60
62.33,62.33,75.35,78.20,68.01
60.21,60.21,77.63,78.65,74.10
54.03,54.03,76.08,78.42,70.59
55.87,55.87,74.08,78.57,69.20
57.63,57.63,76.47,77.39,70.29
65.13,65.13,74.99,73.94,67.87
71.50,71.50,71.65,68.04,67.12
73.88,73.88,84.60,64.85,67.97
76.07,76.07,81.06,70.69,66.61
74.63,74.63,75.98,76.43,66.67
74.75,74.75,73.95,74.65,64.23
72.89,72.89,73.67,74.82,59.62
70.61,70.61,70.08,76.04,61.18
71.55,71.55,71.00,76.97,62.41
70.87,70.87,72.25,75.99,64.43
72.64,72.64,66.84,75.89,64.75
73.06,73.06,70.64,75.86,67.29
74.35,74.35,71.19,75.51,66.92
73.84,73.84,65.63,75.62,63.05
73.03,73.03,68.07,75.76,68.34
74.84,74.84,69.34,75.92,63.26
74.42,74.42,66.00,74.09,68.66
73.09,73.09,67.08,73.26,65.54
70.84,70.84,68.87,73.42,63.43
73.98,73.98,63.54,73.39,65.51
77.69,77.69,62.95,73.15,65.30
75.81,75.81,65.95,72.16,63.25
73.16,73.16,61.47,71.38,66.25
76.39,76.39,55.05,70.09,64.99
75.68,75.68,47.47,71.45,62.07
69.81,69.81,46.44,68.13,63.98
73.54,73.54,40.18,63.46,63.26
72.42,72.42,48.81,56.80,64.09
71.98,71.98,49.06,57.76,65.59
68.82,68.82,58.46,56.73,60.79
68.33,68.33,65.42,74.52,64.52
70.84,70.84,60.70,74.77,60.35
72.64,72.64,55.01,75.15,60.62
67.22,67.22,50.87,73.65,61.29
68.12,68.12,46.74,75.46,59.71
68.41,68.41,45.35,75.29,58.90
66.63,66.63,43.99,75.20,61.40
71.37,71.37,42.26,75.90,61.88
76.22,76.22,45.22,73.50,58.29
77.64,77.64,58.92,74.92,60.75
77.08,77.08,68.43,70.13,60.04
71.76,71.76,80.31,72.34,60.03
73.44,73.44,86.11,65.89,60.21
73.54,73.54,83.46,59.49,59.35
73.71,73.71,84.88,60.94,57.47
75.10,75.10,85.11,66.87,59.21
74.74,74.74,88.06,73.92,60.32
74.37,74.37,84.22,72.05,60.10
71.50,71.50,84.93,71.31,62.91
72.55,72.55,78.24,72.78,63.16
72.34,72.34,74.95,73.95,65.06
69.55,69.55,70.94,72.76,60.84
71.73,71.73,69.33,71.98,63.36
74.05,74.05,64.05,74.18,63.99
71.55,71.55,58.20,73.84,62.64
71.35,71.35,58.88,71.52,61.85
73.28,73.28,56.92,73.60,61.20
71.20,71.20,57.19,73.55,61.00
68.11,68.11,52.56,70.80,62.39
70.93,70.93,47.77,71.95,63.07
75.23,75.23,41.67,72.80,64.15
74.91,74.91,36.34,71.84,64.97
74.36,74.36,37.35,69.56,63.68
73.39,73.39,36.23,72.71,63.39
71.77,71.77,35.60,72.63,62.52
70.57,70.57,36.31,68.72,61.84
68.95,68.95,37.41,72.17,58.65
71.49,71.49,43.67,71.71,60.19
73.52,73.52,51.79,70.34,56.89
72.76,72.76,67.16,72.43,62.27
74.02,74.02,64.68,64.79,67.50
76.95,76.95,63.08,71.59,64.38
76.10,76.10,58.56,64.50,61.51
76.37,76.37,56.25,64.53,62.10
76.02,76.02,44.81,64.52,60.07
76.26,76.26,50.22,63.37,59.41
73.53,73.53,49.06,61.12,55.55
69.29,69.29,47.72,56.50,55.97
62.83,62.83,48.86,47.26,56.58
60.01,60.01,60.47,45.69,55.44
60.81,60.81,72.75,49.43,52.56
53.86,53.86,85.74,58.05,54.10
49.68,49.68,90.84,58.02,53.57
46.86,46.86,89.93,65.86,57.09
49.56,49.56,86.23,70.12,58.10
50.72,50.72,88.72,66.86,58.95
50.79,50.79,92.20,67.77,60.56
50.02,50.02,89.02,71.02,60.01
48.12,48.12,90.26,70.66,61.00
49.48,49.48,83.26,70.54,60.56
48.46,48.46,84.57,69.83,62.27
48.00,48.00,83.40,70.52,62.01
46.67,46.67,79.26,71.21,62.52
47.16,47.16,80.85,71.37,61.91
47.95,47.95,80.41,73.00,59.19
48.09,48.09,77.58,77.45,62.28
47.90,47.90,80.20,75.92,61.96
46.71,46.71,78.75,76.77,59.21
44.11,44.11,76.19,76.69,59.64
42.26,42.26,79.06,76.13,60.04
38.59,38.59,77.81,77.05,61.96
33.42,33.42,75.38,76.95,63.66
40.76,40.76,77.91,77.07,60.36
52.63,52.63,76.32,76.31,60.82
61.23,61.23,73.89,75.39,58.71
64.06,64.06,76.45,74.86,58.30
64.52,64.52,74.67,57.45,53.76
60.44,60.44,74.60,52.45,48.42
78.05,78.05,83.57,66.52,55.36
78.26,78.26,79.98,77.55,58.32
73.32,73.32,74.14,77.96,61.64
69.38,69.38,73.39,77.75,62.35
73.14,73.14,73.65,77.89,66.75
73.52,73.52,68.35,77.72,63.65
73.73,73.73,71.28,76.55,65.44
72.19,72.19,71.53,76.28,66.77
73.85,73.85,66.93,76.65,64.23
72.63,72.63,70.87,77.23,64.11
74.70,74.70,70.03,78.13,65.49
76.61,76.61,65.16,77.68,66.03
78.76,78.76,68.71,77.19,66.28
79.05,79.05,69.84,77.08,67.22
72.97,72.97,65.77,77.19,65.30
72.66,72.66,66.69,77.81,66.85
71.37,71.37,68.33,77.47,64.35
71.31,71.31,64.29,76.96,66.54
71.56,71.56,63.51,76.83,67.64
72.93,72.93,64.72,76.57,66.84
71.36,71.36,59.94,76.62,65.63
70.68,70.68,59.06,76.49,65.02
70.92,70.92,55.33,76.46,64.85
73.06,73.06,50.31,76.06,63.73
73.88,73.88,42.66,75.66,63.48
72.22,72.22,48.75,75.44,61.41
71.10,71.10,56.38,75.61,64.49
72.06,72.06,62.42,75.42,63.75
72.15,72.15,58.58,75.80,63.61
73.12,73.12,54.79,74.75,65.92
70.53,70.53,51.04,74.63,63.82
71.28,71.28,48.69,72.51,63.74
70.65,70.65,45.43,69.66,62.77
70.25,70.25,39.54,70.68,66.72
67.50,67.50,38.16,62.48,64.79
62.43,62.43,38.90,54.19,63.98
62.98,62.98,38.35,48.23,63.33
61.83,61.83,45.49,53.83,64.47
63.04,63.04,50.12,60.19,67.30
61.49,61.49,56.06,70.18,63.97
73.95,73.95,68.75,71.95,65.00
76.68,76.68,65.96,74.76,65.74
74.21,74.21,63.58,75.09,64.40
76.35,76.35,60.43,74.08,61.82
75.22,75.22,59.05,74.21,62.24
72.65,72.65,57.88,73.71,60.21
71.39,71.39,55.66,73.47,59.44
69.62,69.62,55.36,74.03,61.94
69.44,69.44,53.47,72.66,61.15
70.28,70.28,51.40,71.84,59.96
71.36,71.36,53.18,71.56,58.14
70.72,70.72,63.86,69.44,53.75
70.70,70.70,71.25,68.96,53.96
66.81,66.81,90.30,68.62,58.09
68.24,68.24,91.57,62.00,55.02
69.47,69.47,89.23,61.33,57.42
71.05,71.05,85.68,70.97,65.76
69.71,69.71,91.22,73.23,73.33
70.33,70.33,90.10,74.50,71.24
68.62,68.62,90.71,75.94,73.42
67.84,67.84,87.82,75.79,73.61
67.57,67.57,85.52,73.39,72.18
69.42,69.42,84.66,75.14,71.73
69.15,69.15,81.03,75.93,72.17
70.48,70.48,81.73,74.86,71.56
70.63,70.63,81.11,74.87,72.18
69.25,69.25,77.66,76.03,69.84
68.11,68.11,79.93,74.62,72.61
67.08,67.08,80.09,73.55,71.10
67.89,67.89,76.32,75.26,70.38
67.93,67.93,78.64,76.30,69.65
69.09,69.09,78.77,73.00,69.67
69.18,69.18,75.24,74.71,68.64
69.48,69.48,77.65,74.34,68.00
68.77,68.77,77.53,73.92,68.38
68.95,68.95,73.83,72.14,67.51
69.69,69.69,76.36,74.54,70.14
68.85,68.85,76.34,73.20,69.08
68.70,68.70,72.15,66.99,67.65
70.69,70.69,79.10,68.42,68.81
69.60,69.60,93.56,67.42,66.10
68.88,68.88,88.72,60.92,66.27
69.12,69.12,90.95,62.53,64.45
70.90,70.90,83.61,69.11,66.16
70.30,70.30,90.79,67.92,65.99
69.54,69.54,92.34,70.35,66.68
68.57,68.57,88.32,71.76,65.75
68.40,68.40,88.21,70.57,67.97
68.23,68.23,84.59,72.14,66.47
66.02,66.02,81.01,70.77,66.76
65.52,65.52,83.43,70.51,67.24
68.80,68.80,81.62,64.42,64.72
68.13,68.13,78.18,56.59,63.93
65.27,65.27,81.13,56.44,65.27
65.94,65.94,80.17,57.14,64.26
66.40,66.40,77.53,67.45,66.45
69.64,69.64,79.81,73.70,67.32
63.94,63.94,78.40,72.77,66.53
62.94,62.94,76.47,73.67,66.68
55.74,55.74,79.20,73.50,64.16
50.40,50.40,77.64,74.20,66.36
47.69,47.69,75.19,73.44,66.55
44.00,44.00,77.55,74.91,66.52
49.10,49.10,76.38,74.75,64.50
46.27,46.27,73.64,73.91,66.07
53.36,53.36,76.35,73.61,63.27
56.36,56.36,76.40,72.05,64.02
61.40,61.40,83.62,71.79,63.44
68.58,68.58,78.88,74.56,66.42
75.44,75.44,75.37,77.13,66.98
76.18,76.18,71.96,75.20,62.66
73.92,73.92,73.43,74.98,60.86
72.86,72.86,74.00,76.04,60.51
72.90,72.90,68.52,76.24,62.37
71.75,71.75,72.63,75.98,60.29
70.68,70.68,72.97,75.94,64.69
72.40,72.40,67.86,76.23,61.88
71.65,71.65,69.44,74.96,63.28
72.21,72.21,70.48,75.23,64.37
72.08,72.08,66.62,75.50,66.06
73.09,73.09,66.55,75.57,63.76
71.94,71.94,65.96,73.94,69.12
71.07,71.07,65.91,73.91,65.43
72.23,72.23,64.68,73.86,63.22
71.53,71.53,67.24,72.48,66.34
71.86,71.86,63.86,72.41,65.36
71.95,71.95,63.29,71.15,65.32
68.04,68.04,65.40,71.12,63.70
62.15,62.15,61.77,73.20,63.96
62.28,62.28,58.46,71.12,61.23
65.33,65.33,53.48,65.39,64.52
70.54,70.54,46.80,58.72,58.17
77.96,77.96,47.90,54.70,63.20
76.52,76.52,51.22,56.77,62.10
74.06,74.06,58.77,60.57,58.91
70.23,70.23,64.68,76.02,63.89
68.78,68.78,59.86,74.03,59.35
72.44,72.44,55.01,75.85,60.14
73.28,73.28,49.99,73.12,64.28
70.80,70.80,45.31,74.61,58.62
69.29,69.29,42.54,75.19,60.44
69.06,69.06,43.06,75.46,62.28
70.99,70.99,39.47,74.94,62.53
76.46,76.46,46.83,75.63,59.61
75.55,75.55,59.41,72.94,63.16
74.38,74.38,68.21,71.34,59.55
73.62,73.62,84.82,71.53,61.27
67.80,67.80,82.82,66.36,62.67
67.60,67.60,84.90,57.30,58.23
67.49,67.49,82.97,60.95,58.14
68.01,68.01,86.83,69.05,61.75
69.18,69.18,87.00,73.68,61.49
70.55,70.55,84.56,71.48,62.93
69.27,69.27,83.98,70.28,61.88
67.47,67.47,77.99,72.72,60.76
66.60,66.60,74.69,74.53,65.66
68.62,68.62,69.18,70.96,60.44
70.53,70.53,69.90,72.69,61.15
69.00,69.00,61.55,73.25,62.57
68.29,68.29,57.91,71.98,62.88
69.84,69.84,59.41,71.24,61.41
69.41,69.41,56.52,73.70,60.36
69.21,69.21,56.94,73.08,60.66
70.16,70.16,52.17,70.33,61.77
67.36,67.36,45.49,72.76,62.84
68.64,68.64,40.69,72.51,61.99
66.64,66.64,36.18,68.41,62.77
67.71,67.71,36.09,71.52,58.48
66.64,66.64,33.44,72.44,60.94
65.98,65.98,30.02,70.91,57.60
62.81,62.81,34.60,69.11,60.46
61.22,61.22,47.72,71.90,55.60
65.61,65.61,56.03,71.67,56.38
67.27,67.27,67.62,68.47,59.38
67.20,67.20,66.43,73.55,57.85
64.75,64.75,63.10,67.79,62.63
67.87,67.87,60.92,70.85,62.37
68.15,68.15,55.04,59.43,57.72
69.92,69.92,53.94,61.39,60.09
69.69,69.69,43.42,52.82,62.84
70.13,70.13,51.50,64.13,57.78
69.55,69.55,47.98,57.40,59.64
69.58,69.58,48.61,54.79,56.65
66.61,66.61,48.21,43.70,57.33
63.32,63.32,61.58,45.32,54.07
61.59,61.59,74.66,47.87,53.81
63.63,63.63,88.35,58.18,55.42
60.24,60.24,90.87,58.73,56.07
63.07,63.07,90.95,63.16,52.70
66.10,66.10,84.48,67.86,49.93
67.91,67.91,89.49,68.95,55.71
58.70,58.70,90.81,68.76,58.55
67.36,67.36,89.69,71.22,57.12
67.19,67.19,88.78,72.42,57.72
68.81,68.81,81.97,72.68,54.33
60.38,60.38,83.46,70.28,55.68
60.25,60.25,82.65,70.40,56.65
54.65,54.65,78.80,68.52,60.32
54.46,54.46,80.96,70.27,63.17
54.23,54.23,80.39,73.75,63.15
57.73,57.73,78.17,77.66,65.66
55.89,55.89,80.62,76.91,64.55
57.07,57.07,78.92,76.33,63.96
56.37,56.37,77.01,76.32,62.65
57.34,57.34,79.70,76.69,62.75
52.97,52.97,77.92,76.95,63.28
47.06,47.06,76.30,77.40,63.81
41.01,41.01,78.58,76.44,64.10
40.87,40.87,76.54,76.00,60.37
43.74,43.74,75.04,75.43,59.99
52.04,52.04,76.86,74.08,59.13
51.81,51.81,74.95,56.00,50.51
59.42,59.42,77.48,55.51,39.79
72.82,72.82,83.23,67.89,56.30
75.91,75.91,79.19,77.81,61.69
81.15,81.15,73.69,78.79,56.58
78.12,78.12,73.32,79.00,62.58
73.26,73.26,73.74,78.87,62.36
72.84,72.84,69.79,78.27,63.34
72.27,72.27,72.75,77.58,61.68
72.61,72.61,71.29,77.00,63.02
72.56,72.56,68.00,76.83,60.26
70.47,70.47,72.21,76.33,60.10
66.18,66.18,70.57,76.62,60.35
62.05,62.05,65.63,77.00,60.29
60.88,60.88,69.86,77.44,63.50
60.33,60.33,70.13,77.83,66.18
61.67,61.67,65.97,77.98,67.25
67.18,67.18,68.28,77.79,66.75
76.21,76.21,69.09,77.64,68.46
80.67,80.67,64.43,77.26,69.06
77.75,77.75,65.08,77.44,70.71
75.55,75.55,64.86,76.60,70.29
75.35,75.35,61.23,76.21,70.60
76.17,76.17,62.94,76.37,69.29
74.13,74.13,65.62,76.60,68.26
72.82,72.82,45.84,76.90,62.41
71.44,71.44,46.70,76.21,65.39
72.86,72.86,50.97,75.76,62.71
68.24,68.24,57.82,75.67,66.05
69.96,69.96,62.36,74.96,68.46
73.09,73.09,57.25,75.45,68.03
76.32,76.32,53.13,74.90,68.51
70.73,70.73,50.41,73.85,69.62
72.19,72.19,47.81,72.88,68.15
74.59,74.59,48.27,70.59,65.55
76.48,76.48,45.00,70.31,68.51
73.05,73.05,47.85,61.56,65.44
76.89,76.89,49.59,56.53,69.79
71.40,71.40,47.84,50.75,69.14
66.79,66.79,40.97,52.38,65.87
63.06,63.06,42.69,62.74,66.19
60.33,60.33,55.53,71.48,64.29
59.05,59.05,69.56,70.41,66.46
61.06,61.06,65.05,74.84,67.85
67.03,67.03,62.70,75.55,64.05
71.98,71.98,59.70,74.37,63.22
79.14,79.14,59.33,74.67,63.76
81.33,81.33,57.22,73.98,64.00
80.19,80.19,57.20,72.00,67.72
77.90,77.90,56.01,71.91,66.76
76.40,76.40,53.84,71.97,63.24
74.69,74.69,51.16,72.63,64.03
74.06,74.06,55.51,71.59,62.32
73.85,73.85,65.34,68.67,60.42
76.87,76.87,73.97,67.86,60.18
75.56,75.56,90.44,69.63,62.07
72.25,72.25,91.12,60.49,60.53
73.53,73.53,90.74,60.91,58.96
76.37,76.37,79.76,71.66,64.48
76.22,76.22,88.09,73.96,73.47
74.32,74.32,88.98,75.00,71.37
75.40,75.40,88.64,75.48,72.95
74.50,74.50,86.56,75.15,71.53
74.27,74.27,86.90,74.05,72.64
74.65,74.65,81.84,75.74,71.66
75.21,75.21,83.08,75.92,71.77
75.86,75.86,82.83,74.36,71.83
74.45,74.45,78.14,75.69,71.11
76.66,76.66,80.56,76.39,71.90
78.32,78.32,80.47,74.33,71.35
75.29,75.29,76.05,75.09,70.60
74.02,74.02,78.74,75.01,72.68
74.51,74.51,78.18,75.18,70.48
76.43,76.43,74.88,73.24,71.11
72.31,72.31,77.53,75.22,68.58
73.50,73.50,76.96,74.76,68.89
70.01,70.01,73.43,72.76,68.90
69.96,69.96,76.15,73.97,68.60
68.79,68.79,75.66,74.17,69.77
72.51,72.51,73.05,71.30,66.87
75.47,75.47,73.95,66.92,66.83
76.19,76.19,79.86,66.95,65.78
74.38,74.38,94.44,66.56,66.70
73.37,73.37,82.97,57.01,64.58
73.49,73.49,90.91,61.60,63.46
73.51,73.51,89.37,65.14,67.01
72.67,72.67,90.74,65.44,66.44
73.58,73.58,91.25,71.02,67.57
73.88,73.88,85.59,72.54,67.04
73.84,73.84,85.41,71.93,66.11
72.63,72.63,80.62,71.57,66.95
69.74,69.74,77.76,72.33,65.51
69.84,69.84,79.19,68.33,64.43
68.86,68.86,79.03,65.27,64.85
66.39,66.39,76.64,59.80,62.70
69.50,69.50,78.03,55.00,64.90
70.82,70.82,78.97,58.99,65.14
70.39,70.39,76.09,69.02,66.27
69.82,69.82,77.00,75.47,67.26
70.80,70.80,78.61,72.70,66.76
69.86,69.86,75.62,72.12,67.31
66.99,66.99,76.72,71.76,64.99
70.21,70.21,77.33,72.93,66.49
69.87,69.87,73.83,74.11,64.66
69.48,69.48,75.32,74.48,65.08
69.02,69.02,76.14,74.84,63.27
67.52,67.52,72.96,74.46,63.22
67.34,67.34,73.99,74.74,64.41
70.49,70.49,76.58,72.18,65.09
70.04,70.04,83.01,71.48,64.75
73.95,73.95,78.79,75.20,65.41
76.80,76.80,75.29,77.47,66.35
73.06,73.06,71.33,73.91,64.42
68.70,68.70,70.74,74.68,61.47
68.14,68.14,72.65,76.87,61.41
69.17,69.17,69.77,76.30,63.88
71.12,71.12,68.48,76.12,62.39
72.23,72.23,68.44,75.87,65.69
74.27,74.27,69.47,75.57,67.03
78.07,78.07,66.35,75.09,64.81
75.01,75.01,66.33,76.01,63.18
72.71,72.71,68.14,75.43,67.42
73.41,73.41,65.74,74.41,63.52
71.61,71.61,63.25,74.01,66.49
68.67,68.67,67.94,74.42,65.15
67.98,67.98,64.66,73.74,62.83
66.69,66.69,62.26,73.13,65.03
66.57,66.57,64.76,73.33,64.35
70.95,70.95,57.96,72.10,64.15
72.17,72.17,48.30,71.60,62.56
60.15,60.15,47.65,69.40,63.60
57.10,57.10,42.82,71.24,62.50
57.42,57.42,43.95,66.46,62.68
62.88,62.88,42.72,62.55,60.82
72.05,72.05,45.99,56.27,63.78
71.13,71.13,49.16,55.47,64.93
72.53,72.53,60.90,62.82,64.23
69.72,69.72,65.57,75.76,63.11
65.00,65.00,60.55,73.96,60.45
60.00,60.00,55.16,76.05,60.99
63.33,63.33,48.57,73.26,63.59
65.83,65.83,44.13,75.85,57.50
66.48,66.48,43.30,73.81,61.09
63.63,63.63,41.63,75.86,62.54
57.86,57.86,40.03,73.20,62.12
50.54,50.54,49.66,74.68,58.51
48.06,48.06,59.42,72.11,60.46
52.84,52.84,69.33,72.77,59.95
65.30,65.30,85.63,72.15,63.02
72.41,72.41,83.25,65.52,62.75
78.95,78.95,86.00,55.01,64.11
72.80,72.80,82.84,60.05,61.04
78.82,78.82,87.56,70.83,62.62
82.19,82.19,85.33,73.78,61.28
74.57,74.57,86.18,71.62,61.47
74.91,74.91,82.46,72.11,65.71
71.08,71.08,79.09,73.05,63.54
75.05,75.05,74.09,73.98,65.03
72.42,72.42,69.21,71.64,64.74
72.63,72.63,70.05,74.47,64.52
75.84,75.84,61.02,74.77,66.26
77.09,77.09,58.24,71.73,61.73
77.75,77.75,59.02,72.96,65.67
75.03,75.03,56.74,73.65,63.05
75.22,75.22,57.18,72.45,61.25
79.21,79.21,54.16,70.95,60.51
77.64,77.64,49.81,73.23,62.81
74.50,74.50,46.23,72.98,64.04
78.00,78.00,43.03,69.58,63.86
77.42,77.42,39.43,73.09,62.81
75.44,75.44,38.97,72.93,62.56
75.88,75.88,36.47,70.17,61.32
77.45,77.45,40.16,70.08,62.81
78.88,78.88,48.27,72.73,58.81
75.32,75.32,55.13,70.72,58.29
69.33,69.33,69.10,68.12,64.91
68.07,68.07,66.76,72.79,62.36
68.42,68.42,62.12,65.85,65.09
68.45,68.45,59.17,72.02,65.44
70.25,70.25,55.20,66.36,62.84
70.43,70.43,52.61,64.81,60.16
68.15,68.15,49.42,63.88,62.92
66.20,66.20,49.17,66.09,59.35
73.80,73.80,43.84,60.75,60.29
68.78,68.78,48.17,56.47,52.58
54.93,54.93,52.61,43.27,51.68
53.99,53.99,63.34,45.42,53.08
47.65,47.65,72.75,50.32,57.34
47.96,47.96,90.78,57.23,56.86
53.02,53.02,88.92,58.86,57.11
52.58,52.58,91.13,65.74,59.44
52.84,52.84,89.01,68.14,57.80
49.30,49.30,91.23,67.38,59.84
46.26,46.26,88.88,67.67,61.72
46.01,46.01,90.06,68.47,63.21
51.80,51.80,86.57,69.66,62.09
51.16,51.16,79.73,72.54,61.41
48.58,48.58,80.56,72.32,61.34
51.90,51.90,80.66,72.30,63.12
52.38,52.38,75.96,70.35,63.01
48.17,48.17,78.96,70.90,61.38
46.21,46.21,79.61,73.81,59.26
44.55,44.55,76.29,77.37,66.36
46.61,46.61,78.68,75.86,63.88
50.48,50.48,78.51,76.25,62.56
48.89,48.89,75.52,75.99,61.81
47.75,47.75,78.03,77.46,62.84
45.67,45.67,77.93,76.43,63.64
37.58,37.58,74.29,76.73,64.71
40.17,40.17,76.60,76.44,64.26
49.18,49.18,76.44,76.23,62.38
50.27,50.27,72.83,76.02,61.97
51.65,51.65,75.54,72.21,59.84
54.18,54.18,74.98,55.69,52.28
68.27,68.27,77.02,57.97,58.64
72.41,72.41,82.95,69.09,57.99
73.21,73.21,78.75,78.13,64.03
71.06,71.06,72.86,77.80,65.20
70.06,70.06,71.19,77.58,65.19
71.68,71.68,72.89,78.42,67.09
70.37,70.37,70.08,78.59,65.66
71.44,71.44,70.41,77.15,64.88
69.06,69.06,69.30,76.56,65.35
69.08,69.08,69.61,76.77,64.55
69.31,69.31,67.51,77.20,63.18
72.17,72.17,69.06,77.95,66.37
70.13,70.13,68.01,77.44,63.51
67.85,67.85,65.76,77.30,65.15
66.42,66.42,69.45,77.44,64.79
73.44,73.44,68.61,77.77,65.70
74.15,74.15,65.67,78.38,66.49
71.70,71.70,66.34,78.09,67.28
72.00,72.00,66.04,77.46,68.85
71.80,71.80,62.01,77.15,69.44
71.48,71.48,59.97,76.77,69.01
72.11,72.11,57.75,76.80,69.12
71.65,71.65,50.99,76.72,67.52
69.11,69.11,49.24,76.46,66.63
68.85,68.85,50.05,75.99,63.80
70.22,70.22,44.57,75.76,60.38
70.14,70.14,48.47,75.64,65.60
70.92,70.92,58.88,75.75,68.55
70.18,70.18,61.69,75.54,63.91
70.77,70.77,57.57,75.68,70.45
70.47,70.47,52.98,74.58,67.52
71.42,71.42,52.02,74.41,69.56
71.40,71.40,47.94,72.29,68.87
65.48,65.48,46.05,69.96,66.67
66.19,66.19,44.55,69.14,66.46
62.10,62.10,43.38,61.44,64.48
64.02,64.02,41.45,52.07,68.57
61.08,61.08,40.72,51.49,64.36
61.49,61.49,39.33,53.41,66.86
61.45,61.45,44.79,60.41,66.30
61.81,61.81,59.39,72.99,64.05
72.16,72.16,68.55,71.49,66.69
73.10,73.10,65.17,74.40,66.77
78.29,78.29,62.70,74.63,65.03
76.83,76.83,60.41,74.30,62.14
73.03,73.03,58.90,75.07,61.04
75.09,75.09,57.73,74.37,59.83
73.68,73.68,57.05,73.50,59.38
71.89,71.89,56.43,74.03,61.52
71.29,71.29,55.36,72.71,60.74
69.46,69.46,53.55,72.64,58.99
71.90,71.90,56.37,70.99,61.15
72.01,72.01,67.76,68.05,54.17
72.21,72.21,73.28,67.63,52.85
73.70,73.70,92.22,67.61,57.74
74.93,74.93,90.30,63.60,54.36
72.99,72.99,92.37,64.10,57.96
70.06,70.06,83.94,72.11,65.81
71.96,71.96,84.86,73.57,72.03
73.99,73.99,85.21,74.78,71.44
73.32,73.32,78.64,77.46,72.33
72.13,72.13,83.46,74.57,71.49
72.83,72.83,79.89,74.64,70.91
74.07,74.07,82.16,75.28,70.39
74.55,74.55,78.68,75.38,72.85
74.58,74.58,80.64,74.18,72.24
74.67,74.67,81.54,75.80,71.31
74.28,74.28,77.17,76.70,71.60
73.10,73.10,80.15,73.22,71.46
71.97,71.97,79.21,75.55,71.78
70.96,70.96,76.34,74.87,72.72
71.17,71.17,79.23,74.62,70.48
72.59,72.59,78.03,73.55,71.33
71.83,71.83,74.95,75.14,68.60
71.50,71.50,77.82,73.94,68.78
71.71,71.71,76.81,72.34,68.55
72.73,72.73,73.54,74.41,67.45
72.64,72.64,75.74,74.59,70.40
72.52,72.52,76.76,70.09,68.34
70.71,70.71,74.96,68.86,67.24
71.58,71.58,80.06,66.30,65.17
71.42,71.42,92.64,64.60,64.56
72.72,72.72,88.53,61.99,61.75
74.89,74.89,90.62,62.91,65.65
74.76,74.76,85.11,62.87,67.49
72.31,72.31,90.68,67.11,69.28
73.43,73.43,91.39,70.86,66.88
71.29,71.29,88.34,71.84,67.38
66.62,66.62,88.30,71.08,67.10
63.74,63.74,81.63,71.43,64.36
61.31,61.31,84.13,72.59,67.21
58.18,58.18,82.78,68.84,64.92
55.84,55.84,78.39,64.56,65.66
53.03,53.03,80.88,54.96,63.54
53.04,53.04,80.32,58.60,64.91
59.75,59.75,77.12,61.62,65.54
68.58,68.58,80.08,70.29,67.20
64.81,64.81,78.59,74.14,65.08
54.96,54.96,75.44,72.73,65.61
51.56,51.56,78.71,73.40,67.00
48.55,48.55,77.70,72.83,66.03
45.74,45.74,74.49,72.49,67.53
43.17,43.17,77.25,73.51,66.24
45.52,45.52,76.25,74.42,67.76
47.86,47.86,73.17,74.86,65.45
52.64,52.64,76.05,74.47,65.47
62.57,62.57,74.69,74.17,65.92
65.69,65.69,77.50,73.10,63.28
68.55,68.55,82.19,70.70,63.31
75.38,75.38,78.60,74.94,66.75
80.35,80.35,73.94,77.22,67.37
76.82,76.82,72.19,74.45,63.42
73.31,73.31,72.84,74.86,60.42
73.66,73.66,70.05,76.28,62.71
70.05,70.05,69.91,75.99,64.20
71.89,71.89,72.38,76.23,62.58
71.90,71.90,69.28,76.26,65.70
72.00,72.00,67.92,75.61,66.78
72.19,72.19,70.01,74.90,63.49
70.48,70.48,67.06,75.45,66.55
69.93,69.93,65.95,75.69,66.92
70.16,70.16,66.68,75.61,64.90
69.54,69.54,64.09,72.40,68.44
70.60,70.60,62.10,74.62,65.11
74.26,74.26,66.14,72.68,65.72
73.18,73.18,65.27,72.45,67.61
70.57,70.57,60.44,73.34,64.03
63.10,63.10,65.05,72.28,64.65
53.47,53.47,61.48,72.00,62.84
53.97,53.97,48.26,69.90,63.80
54.18,54.18,43.65,69.69,64.03
50.00,50.00,42.92,65.95,64.91
53.40,53.40,49.37,59.65,60.62
55.81,55.81,57.34,58.85,66.18
51.46,51.46,51.30,55.28,65.91
57.04,57.04,60.04,63.05,60.50
63.41,63.41,63.47,75.68,64.05
69.65,69.65,59.32,76.19,57.64
72.09,72.09,54.76,74.11,61.22
69.73,69.73,49.44,74.06,63.60
69.60,69.60,45.91,75.63,58.88
69.94,69.94,42.32,74.31,63.02
69.43,69.43,38.68,76.75,63.84
63.99,63.99,35.10,73.57,63.98
63.56,63.56,48.61,76.29,61.99
58.48,58.48,62.68,71.63,64.63
52.10,52.10,69.00,72.97,60.98
60.44,60.44,88.82,72.05,58.51
67.40,67.40,84.42,67.50,57.42
76.01,76.01,85.85,61.02,59.54
78.10,78.10,82.11,59.76,57.52
75.86,75.86,87.99,71.08,69.81
75.32,75.32,84.37,74.03,64.62
75.65,75.65,86.60,71.77,62.72
72.18,72.18,81.06,73.23,61.46
73.48,73.48,79.51,73.09,61.67
71.73,71.73,72.77,73.09,65.16
71.05,71.05,70.01,71.90,63.25
70.69,70.69,69.08,74.15,62.02
70.67,70.67,59.63,73.73,62.91
73.08,73.08,58.14,70.98,65.59
71.27,71.27,58.96,73.50,66.14
70.86,70.86,56.61,74.14,60.43
71.09,71.09,55.65,71.00,63.77
70.85,70.85,49.86,72.11,61.02
73.05,73.05,43.89,73.00,63.06
72.65,72.65,39.24,71.78,59.08
74.10,74.10,36.22,69.68,61.17
73.33,73.33,35.17,72.62,60.56
72.12,72.12,33.46,72.74,61.31
71.32,71.32,35.73,68.16,60.36
69.87,69.87,40.74,72.00,60.07
71.75,71.75,51.18,72.85,60.78
77.42,77.42,62.22,69.89,68.99
76.05,76.05,59.24,69.63,62.12
72.31,72.31,64.62,72.57,59.05
70.59,70.59,60.69,66.35,63.62
71.27,71.27,58.36,73.28,60.04
70.55,70.55,53.82,65.38,55.92
70.88,70.88,51.95,64.38,57.33
69.24,69.24,46.66,62.97,59.50
69.69,69.69,46.51,64.76,59.47
68.12,68.12,43.07,56.30,58.98
68.95,68.95,46.67,54.32,56.98
66.26,66.26,53.85,44.15,59.38
56.92,56.92,65.82,42.67,63.03
55.84,55.84,73.63,51.19,58.80
57.20,57.20,91.53,58.94,53.41
52.00,52.00,90.47,59.40,52.63
50.43,50.43,90.20,62.52,50.92
51.36,51.36,82.75,67.37,51.81
49.52,49.52,93.00,68.01,58.18
48.91,48.91,89.13,70.02,58.15
47.09,47.09,91.44,69.26,58.39
45.92,45.92,86.58,69.51,58.84
47.84,47.84,85.61,70.96,59.09
48.15,48.15,84.22,69.61,56.52
50.84,50.84,80.59,70.56,59.05
55.50,55.50,82.22,70.02,59.57
51.42,51.42,80.30,71.99,62.28
37.21,37.21,77.85,73.52,65.85
34.53,34.53,80.69,77.26,69.21
38.64,38.64,79.13,75.74,68.26
40.51,40.51,76.55,76.92,66.05
39.76,39.76,79.01,75.65,65.57
40.96,40.96,77.89,76.47,65.77
48.12,48.12,75.68,76.38,66.41
53.95,53.95,78.16,76.73,64.98
58.24,58.24,76.34,76.53,66.35
63.14,63.14,74.41,75.39,64.10
62.63,62.63,76.96,75.18,65.53
62.98,62.98,74.85,71.92,61.84
59.22,59.22,73.04,54.80,48.76
62.80,62.80,79.28,52.15,54.77
68.77,68.77,82.19,70.44,62.87
74.47,74.47,77.67,74.60,59.27
76.30,76.30,74.39,74.10,65.93
75.24,75.24,73.28,77.45,68.08
73.82,73.82,70.03,76.65,68.94
73.31,73.31,71.83,76.27,66.19
73.75,73.75,72.32,76.51,67.80
73.55,73.55,67.20,76.49,68.92
73.34,73.34,68.58,75.93,67.43
74.74,74.74,71.01,76.18,67.78
75.21,75.21,67.22,76.81,69.24
73.78,73.78,68.64,77.22,65.17
77.85,77.85,70.18,76.52,71.24
76.55,76.55,67.17,75.62,68.56
74.68,74.68,64.95,75.29,68.09
76.90,76.90,69.55,76.09,67.23
78.85,78.85,65.21,76.53,63.91
77.96,77.96,62.57,76.07,62.13
78.89,78.89,67.08,76.15,68.00
78.68,78.68,61.03,76.10,70.17
77.77,77.77,58.96,75.86,68.47
77.57,77.57,57.74,76.25,72.47
77.13,77.13,49.22,75.70,69.59
77.39,77.39,47.33,75.61,68.76
76.99,76.99,46.27,75.33,68.36
76.06,76.06,47.59,75.37,69.39
75.49,75.49,60.82,74.90,73.49
74.55,74.55,63.10,76.60,71.18
73.26,73.26,58.26,75.76,76.35
70.99,70.99,52.85,72.38,76.85
73.70,73.70,48.17,75.20,76.71
69.43,69.43,42.66,75.68,76.71
68.15,68.15,36.88,75.58,76.60
61.28,61.28,36.80,74.54,77.48
62.24,62.24,34.28,74.49,77.11
59.63,59.63,34.66,75.56,77.63
57.76,57.76,40.80,75.18,77.36
55.76,55.76,51.84,76.72,76.70
61.53,61.53,61.51,69.59,77.57
64.67,64.67,69.13,72.84,73.89
71.13,71.13,67.92,66.80,71.93
74.33,74.33,63.08,70.76,62.78
74.02,74.02,60.34,75.76,65.46
72.93,72.93,58.29,75.75,61.89
71.91,71.91,54.60,73.36,63.93
71.91,71.91,53.62,76.49,64.07
72.55,72.55,51.61,73.00,62.08
70.56,70.56,49.69,75.39,62.63
71.37,71.37,46.89,74.68,64.27
69.04,69.04,46.49,74.71,63.49
69.85,69.85,54.96,74.15,63.65
68.85,68.85,64.36,71.48,64.66
69.79,69.79,70.74,68.15,65.87
69.39,69.39,92.19,64.19,65.02
71.68,71.68,90.04,63.96,68.62
69.40,69.40,92.19,63.70,66.80
68.59,68.59,83.64,71.15,70.14
68.15,68.15,87.00,69.73,73.75
70.71,70.71,84.41,73.62,73.82
72.10,72.10,76.31,75.84,71.54
71.71,71.71,81.89,71.90,72.73
71.66,71.66,79.13,69.52,69.17
70.62,70.62,81.21,73.16,69.88
76.49,76.49,76.99,70.62,68.62
77.72,77.72,81.51,72.62,69.99
72.86,72.86,80.02,72.20,70.52
73.87,73.87,77.68,72.14,67.74
73.95,73.95,80.48,68.74,69.95
77.78,77.78,77.65,72.97,70.14
79.74,79.74,77.78,73.08,72.93
78.20,78.20,79.15,68.98,72.45
76.82,76.82,75.96,71.23,70.34
80.02,80.02,77.00,71.76,74.83
78.25,78.25,77.89,69.87,68.46
80.12,80.12,74.49,69.13,69.52
79.09,79.09,75.40,71.61,71.63
77.23,77.23,76.36,72.18,71.76
73.61,73.61,73.46,70.36,68.72
71.81,71.81,71.49,68.54,68.04
74.40,74.40,79.74,63.16,69.57
74.27,74.27,92.05,64.34,69.59
75.07,75.07,91.08,62.14,71.48
74.87,74.87,88.91,65.36,70.78
77.18,77.18,88.90,62.46,68.37
75.73,75.73,89.57,63.38,71.48
76.04,76.04,87.56,67.49,74.21
74.66,74.66,78.08,65.89,72.87
72.73,72.73,79.77,65.54,72.88
73.14,73.14,77.63,66.90,75.95
73.75,73.75,75.65,60.75,77.77
76.06,76.06,77.03,60.57,74.31
73.96,73.96,79.74,53.95,72.14
73.57,73.57,77.84,53.01,77.71
70.62,70.62,78.28,59.31,74.67
67.31,67.31,79.92,57.12,76.33
77.37,77.37,76.73,71.08,79.78
77.21,77.21,78.28,75.73,76.32
72.07,72.07,79.35,75.08,78.02
72.85,72.85,75.96,75.35,80.12
68.99,68.99,77.79,75.43,74.81
69.46,69.46,78.06,75.69,74.12
72.40,72.40,74.16,76.30,77.82
69.68,69.68,76.46,75.81,73.01
70.40,70.40,76.81,75.24,74.60
67.16,67.16,73.64,74.82,76.18
67.74,67.74,74.96,71.12,72.56
70.27,70.27,78.12,67.67,73.47
72.18,72.18,83.04,72.56,67.40
72.05,72.05,78.61,75.22,64.45
74.73,74.73,74.48,76.78,64.02
74.44,74.44,72.94,73.72,60.10
74.00,74.00,72.91,75.38,58.85
72.67,72.67,73.06,76.49,61.99
71.54,71.54,70.36,76.43,62.14
71.27,71.27,69.26,75.95,63.27
72.51,72.51,69.27,75.83,63.08
74.54,74.54,71.13,75.64,66.70
75.38,75.38,67.09,75.52,62.38
74.58,74.58,67.48,75.80,66.28
72.17,72.17,69.57,75.53,65.66
75.29,75.29,66.49,74.48,65.52
76.68,76.68,65.78,74.05,66.49
75.46,75.46,69.88,73.64,65.17
76.45,76.45,64.07,73.36,64.11
75.73,75.73,63.06,72.85,65.76
69.62,69.62,66.75,73.50,60.10
63.61,63.61,62.05,72.29,65.60
56.89,56.89,61.52,71.85,65.18
57.35,57.35,55.71,71.15,65.54
54.13,54.13,41.88,70.46,65.10
55.93,55.93,44.19,64.55,63.69
52.00,52.00,47.30,58.98,61.17
54.86,54.86,51.86,57.50,64.62
49.28,49.28,59.93,54.44,65.52
53.21,53.21,72.03,66.34,63.16
52.73,52.73,65.13,74.52,62.27
46.88,46.88,60.04,75.86,57.70
45.80,45.80,55.76,74.32,61.00
49.20,49.20,51.29,75.90,63.52
49.59,49.59,49.64,73.35,56.82
50.20,50.20,46.16,75.18,60.00
48.69,48.69,42.41,74.05,62.83
46.17,46.17,40.61,74.01,61.96
45.53,45.53,50.47,75.43,57.66
51.44,51.44,59.73,71.38,61.59
60.92,60.92,71.07,73.81,54.62
65.14,65.14,89.56,70.36,62.17
69.40,69.40,82.88,65.18,55.86
77.09,77.09,84.57,56.96,55.70
81.31,81.31,82.25,63.67,60.83
79.35,79.35,88.49,72.46,58.34
75.84,75.84,84.58,72.98,61.95
76.74,76.74,86.45,71.07,61.72
74.64,74.64,80.94,72.77,61.91
75.15,75.15,79.29,73.95,63.03
72.74,72.74,71.14,71.80,62.59
70.23,70.23,71.29,73.36,61.41
71.46,71.46,67.93,74.19,60.77
70.43,70.43,60.22,72.73,62.89
72.11,72.11,58.29,72.08,61.08
74.02,74.02,57.57,73.53,65.34
74.67,74.67,56.69,73.13,60.64
73.16,73.16,56.07,70.33,60.93
72.03,72.03,49.99,73.28,62.59
72.96,72.96,43.56,73.52,60.45
73.73,73.73,38.57,70.13,61.38
75.02,75.02,36.94,71.82,61.45
72.76,72.76,36.41,72.55,61.55
72.56,72.56,34.02,70.99,62.35
71.39,71.39,32.25,69.08,59.00
72.29,72.29,33.94,72.23,59.22
73.55,73.55,41.15,72.45,60.05
74.32,74.32,53.70,67.57,57.33
71.52,71.52,63.45,72.39,58.66
73.48,73.48,73.64,72.13,64.36
71.76,71.76,67.49,67.06,64.12
69.96,69.96,65.06,68.92,57.59
71.87,71.87,56.66,63.62,54.98
69.78,69.78,53.89,63.56,58.11
69.09,69.09,46.13,64.09,60.09
66.61,66.61,55.37,63.30,55.68
65.44,65.44,48.81,57.69,56.16
60.63,60.63,49.12,52.25,54.94
53.04,53.04,50.06,44.24,53.42
53.45,53.45,65.52,44.17,52.44
59.40,59.40,72.81,54.51,51.84
56.42,56.42,92.75,59.79,51.89
50.33,50.33,89.68,56.58,54.95
53.33,53.33,91.22,64.33,56.96
54.65,54.65,82.07,67.43,57.62
51.56,51.56,92.95,66.18,59.68
52.17,52.17,90.13,70.49,59.13
50.59,50.59,91.04,71.52,61.51
50.18,50.18,86.35,70.43,58.99
50.38,50.38,85.31,70.66,61.96
49.33,49.33,83.20,70.42,62.55
46.85,46.85,81.22,70.92,62.00
46.04,46.04,82.05,69.87,57.55
45.09,45.09,78.61,71.18,58.76
42.67,42.67,79.21,74.38,61.67
39.91,39.91,80.63,77.44,67.31
41.93,41.93,77.54,75.78,64.67
42.11,42.11,78.15,76.33,62.24
42.39,42.39,78.96,75.83,65.71
41.40,41.40,76.25,76.74,62.25
46.90,46.90,77.47,77.06,67.03
52.01,52.01,78.06,76.33,64.77
49.40,49.40,74.66,76.11,61.85
50.78,50.78,76.17,75.65,61.13
52.75,52.75,77.07,75.15,64.47
56.07,56.07,73.27,69.50,59.07
61.81,61.81,75.30,52.02,50.73
73.23,73.23,80.73,53.04,62.16
74.32,74.32,81.31,72.53,60.63
69.10,69.10,77.35,79.74,64.12
68.08,68.08,73.75,77.94,63.36
67.72,67.72,71.92,78.02,61.75
67.09,67.09,70.27,78.72,61.26
68.29,68.29,72.02,77.63,62.59
69.74,69.74,70.99,76.29,57.12
68.58,68.58,68.70,75.82,59.02
68.63,68.63,69.76,76.56,60.59
69.38,69.38,71.12,76.68,56.60
68.35,68.35,65.75,77.46,62.24
67.24,67.24,67.55,76.56,63.85
67.22,67.22,70.55,76.38,67.15
68.82,68.82,66.65,76.27,66.70
68.67,68.67,65.98,76.55,67.95
68.35,68.35,69.50,77.32,67.04
68.23,68.23,63.86,76.86,67.10
64.92,64.92,64.39,76.49,67.82
69.37,69.37,66.99,76.21,70.25
71.25,71.25,60.01,76.01,68.99
69.79,69.79,60.26,76.35,68.84
69.77,69.77,61.94,76.64,67.09
70.89,70.89,52.08,76.32,65.63
69.51,69.51,52.85,76.08,60.19
69.55,69.55,47.98,75.60,64.15
71.18,71.18,50.71,75.52,63.92
71.99,71.99,62.55,75.32,65.63
71.88,71.88,61.06,74.35,65.50
71.59,71.59,57.46,75.04,70.22
71.12,71.12,53.43,74.27,68.53
70.33,70.33,52.37,74.18,68.51
70.35,70.35,48.28,72.19,66.54
69.74,69.74,47.76,70.41,67.42
70.19,70.19,45.72,68.87,66.61
68.40,68.40,42.38,59.68,68.19
67.87,67.87,40.18,51.70,66.15
69.11,69.11,41.17,53.04,68.48
71.92,71.92,46.53,56.48,67.09
73.80,73.80,49.67,62.32,66.69
74.18,74.18,61.80,74.65,66.95
74.07,74.07,67.97,72.00,68.29
72.49,72.49,64.63,75.18,66.83
71.30,71.30,62.25,74.47,64.60
71.86,71.86,60.95,73.29,61.67
72.09,72.09,60.34,72.83,62.03
72.20,72.20,58.68,71.57,63.59
71.87,71.87,58.51,71.22,62.11
71.59,71.59,57.44,71.80,63.82
71.09,71.09,55.58,71.15,62.17
69.57,69.57,54.44,72.76,62.98
67.33,67.33,57.56,72.26,59.61
64.99,64.99,69.06,68.56,56.03
65.98,65.98,75.23,68.24,63.47
68.19,68.19,92.05,66.29,61.86
74.22,74.22,87.91,60.28,52.77
75.37,75.37,91.20,65.22,61.78
77.84,77.84,85.34,72.64,68.74
76.12,76.12,90.21,74.20,72.10
72.86,72.86,92.87,74.93,71.61
75.89,75.89,87.90,76.06,72.29
73.58,73.58,88.63,73.94,74.00
72.75,72.75,85.30,74.52,72.58
71.71,71.71,81.18,75.48,72.95
72.18,72.18,83.47,74.73,72.07
72.53,72.53,81.30,75.68,72.40
72.39,72.39,77.89,76.46,71.99
72.31,72.31,80.70,74.70,70.23
72.43,72.43,79.57,75.52,72.12
73.32,73.32,76.88,75.14,69.52
73.18,73.18,79.34,74.55,70.99
72.89,72.89,78.22,73.77,69.97
72.22,72.22,75.63,75.57,69.87
71.02,71.02,78.42,75.67,67.96
70.32,70.32,77.17,72.72,67.42
70.79,70.79,74.35,74.45,66.72
72.79,72.79,77.01,74.38,65.83
72.16,72.16,76.16,73.33,66.20
72.53,72.53,70.93,69.79,63.93
72.10,72.10,74.61,69.08,66.23
70.24,70.24,83.53,67.34,67.56
70.04,70.04,93.21,65.91,66.98
69.84,69.84,90.16,61.45,66.51
69.60,69.60,87.54,64.10,63.68
69.42,69.42,86.19,63.06,63.90
67.47,67.47,92.77,71.12,63.99
68.62,68.62,89.35,72.44,62.96
69.87,69.87,89.16,71.29,65.10
70.42,70.42,86.96,69.47,64.59
67.83,67.83,81.22,73.11,64.20
68.75,68.75,84.18,72.52,62.96
69.57,69.57,81.73,66.53,62.62
63.83,63.83,79.13,61.82,60.29
61.13,61.13,81.45,55.69,61.50
62.92,62.92,79.14,57.10,64.83
63.23,63.23,78.79,62.98,64.51
63.74,63.74,80.64,71.49,65.79
66.59,66.59,77.23,75.37,67.59
66.70,66.70,77.69,73.38,69.47
67.93,67.93,79.53,73.74,70.27
66.94,66.94,76.19,72.72,69.85
65.12,65.12,77.10,71.95,69.08
64.92,64.92,77.98,73.52,68.46
65.60,65.60,74.84,74.34,68.34
63.87,63.87,75.74,74.56,66.80
55.71,55.71,76.53,73.58,61.82
57.30,57.30,73.72,73.20,60.11
61.19,61.19,80.42,71.89,60.91
64.12,64.12,82.76,73.76,63.48
63.92,63.92,77.57,76.29,66.07
68.24,68.24,74.22,78.00,64.89
71.61,71.61,73.13,73.01,64.17
72.44,72.44,73.02,75.76,60.62
72.06,72.06,71.04,76.36,59.23
71.82,71.82,71.32,76.37,60.38
71.04,71.04,72.97,76.19,60.49
70.58,70.58,69.33,76.52,59.06
70.09,70.09,70.15,75.81,63.46
69.88,69.88,70.53,75.16,62.46
69.38,69.38,66.59,75.55,65.98
68.51,68.51,67.69,76.09,64.10
68.31,68.31,67.55,74.65,64.87
67.59,67.59,64.47,73.55,65.04
68.16,68.16,65.52,73.90,62.82
67.37,67.37,67.91,74.24,64.03
67.79,67.79,63.17,73.28,64.44
65.13,65.13,64.12,72.76,58.19
63.62,63.62,66.75,72.06,60.97
63.20,63.20,62.16,71.52,63.21
59.08,59.08,60.57,71.51,61.93
65.88,65.88,60.17,70.88,64.53
68.63,68.63,48.33,64.70,62.27
67.94,67.94,49.99,57.84,61.16
65.27,65.27,47.11,57.52,60.87
67.51,67.51,47.08,53.13,61.57
72.74,72.74,62.97,67.97,60.57
78.15,78.15,62.52,74.47,60.69
77.25,77.25,56.16,76.48,55.30
76.65,76.65,50.98,73.64,58.59
76.79,76.79,43.66,75.67,60.20
73.00,73.00,43.86,74.06,55.09
73.21,73.21,43.62,75.81,57.47
72.56,72.56,44.04,73.66,61.94
73.59,73.59,42.48,75.20,57.13
72.26,72.26,51.67,73.51,54.67
72.42,72.42,62.07,72.62,59.44
71.19,71.19,70.09,71.87,57.83
72.89,72.89,91.48,69.90,59.77
72.07,72.07,82.41,65.82,59.75
73.31,73.31,86.69,60.05,57.05
75.64,75.64,80.03,55.59,52.22
77.52,77.52,89.09,71.36,56.55
77.14,77.14,85.47,72.23,58.14
72.60,72.60,85.22,72.67,63.50
70.11,70.11,81.60,73.33,61.53
71.48,71.48,77.87,73.38,63.19
69.80,69.80,70.33,72.18,62.31
70.85,70.85,72.08,73.67,62.31
71.95,71.95,65.72,75.01,62.16
71.73,71.73,60.77,71.52,63.32
72.07,72.07,57.70,73.52,61.24
70.32,70.32,56.18,73.49,61.98
72.64,72.64,56.38,72.59,61.64
71.81,71.81,54.37,70.97,62.46
70.66,70.66,47.35,73.49,61.89
72.31,72.31,42.37,72.70,61.25
70.16,70.16,38.10,70.06,61.65
69.75,69.75,37.49,72.65,61.12
68.89,68.89,37.78,73.33,61.98
68.99,68.99,38.82,70.05,60.24
68.41,68.41,37.46,70.64,61.83
69.25,69.25,36.81,72.14,57.70
68.96,68.96,45.30,71.35,59.38
71.81,71.81,55.60,69.22,59.67
74.16,74.16,69.80,71.41,65.56
74.08,74.08,66.46,71.30,63.82
75.01,75.01,64.42,65.17,63.47
73.44,73.44,62.51,69.55,58.03
71.76,71.76,53.18,62.77,58.77
71.29,71.29,51.29,63.95,60.55
69.35,69.35,44.85,63.11,62.08
68.26,68.26,50.90,63.23,56.95
68.22,68.22,46.40,58.32,57.59
69.41,69.41,47.68,52.14,56.30
71.09,71.09,51.57,41.74,55.95
71.61,71.61,67.53,42.51,58.14
73.33,73.33,77.25,52.42,57.44
72.94,72.94,92.43,58.87,51.83
74.64,74.64,87.68,56.87,55.72
70.47,70.47,91.46,65.40,55.20
70.60,70.60,82.95,65.64,51.39
70.26,70.26,91.78,68.35,55.75
71.16,71.16,91.21,67.81,54.67
70.55,70.55,89.79,69.77,59.33
69.79,69.79,85.41,70.66,57.35
70.22,70.22,83.43,71.91,60.50
69.88,69.88,81.55,69.80,56.65
70.08,70.08,80.69,68.95,58.70
69.88,69.88,81.29,68.26,55.33
69.63,69.63,78.60,71.62,57.75
70.46,70.46,79.44,74.69,62.05
70.40,70.40,80.96,77.05,65.43
69.98,69.98,77.55,75.98,65.83
70.69,70.69,78.93,76.18,60.31
70.29,70.29,79.50,76.61,67.08
71.20,71.20,76.34,76.69,59.83
70.78,70.78,78.50,76.52,64.52
70.94,70.94,78.60,76.58,63.51
70.29,70.29,75.05,76.28,62.00
71.47,71.47,77.16,76.24,62.36
72.41,72.41,77.30,75.10,60.65
71.41,71.41,72.68,68.10,61.45
67.55,67.55,75.64,53.61,50.63
65.84,65.84,81.12,55.08,60.20
62.54,62.54,82.08,73.01,60.20
65.66,65.66,77.82,79.34,60.83
71.19,71.19,74.22,77.96,63.92
72.61,72.61,71.99,78.30,62.50
73.36,73.36,71.60,78.26,63.60
74.42,74.42,72.84,77.38,62.36
72.99,72.99,70.55,76.85,60.20
73.33,73.33,69.46,76.29,59.82
73.93,73.93,71.01,76.70,62.94
74.72,74.72,71.62,76.80,59.97
76.27,76.27,67.07,77.21,64.87
74.93,74.93,69.05,77.12,61.41
74.78,74.78,70.71,77.44,64.08
75.46,75.46,67.08,77.06,66.67
76.36,76.36,68.00,76.93,65.81
75.07,75.07,69.84,77.20,67.87
73.67,73.67,64.13,77.15,68.97
72.79,72.79,66.19,77.34,70.90
73.67,73.67,66.95,76.81,70.79
73.03,73.03,60.30,76.70,71.94
71.37,71.37,62.00,76.64,69.90
71.59,71.59,66.20,76.83,70.52
73.64,73.64,57.71,77.15,68.08
73.14,73.14,47.04,76.58,63.29
72.39,72.39,53.96,75.86,66.78
73.65,73.65,60.84,75.94,71.17
72.52,72.52,64.82,75.75,68.35
71.44,71.44,60.90,75.86,69.59
69.82,69.82,57.03,76.40,71.62
70.19,70.19,53.33,74.04,67.16
68.82,68.82,51.53,74.44,69.57
66.85,66.85,46.40,70.95,66.01
67.60,67.60,43.84,71.09,67.59
67.20,67.20,39.91,67.39,65.52
67.14,67.14,34.04,58.38,64.92
64.53,64.53,37.50,48.81,65.41
59.83,59.83,39.00,56.11,66.01
63.74,63.74,40.63,56.15,65.25
65.33,65.33,48.57,63.58,63.12
71.30,71.30,63.41,73.99,64.04
74.49,74.49,67.71,71.61,63.26
76.56,76.56,64.40,75.51,64.62
76.83,76.83,61.83,75.67,59.95
74.69,74.69,59.61,75.74,61.87
73.94,73.94,57.81,74.18,62.93
75.05,75.05,55.93,73.68,59.44
76.13,76.13,55.76,73.15,61.74
74.85,74.85,53.97,73.53,62.92
73.98,73.98,52.17,72.71,59.79
72.38,72.38,52.19,72.63,61.81
73.26,73.26,56.48,71.14,59.61
69.84,69.84,69.38,67.19,55.58
66.34,66.34,80.60,68.99,62.14
72.84,72.84,92.05,66.85,65.15
74.14,74.14,88.64,59.71,63.70
71.09,71.09,91.76,65.72,67.57
71.00,71.00,79.18,72.84,74.02
70.29,70.29,87.69,73.77,77.31
68.97,68.97,91.45,75.80,75.86
69.31,69.31,86.98,74.74,75.64
68.43,68.43,89.07,72.87,75.25
67.93,67.93,82.46,69.37,75.32
68.14,68.14,83.95,73.09,73.86
66.46,66.46,83.27,73.43,74.91
65.80,65.80,79.26,72.60,72.02
63.84,63.84,81.08,72.80,71.67
64.54,64.54,79.47,75.40,72.55
57.34,57.34,77.20,73.34,74.79
57.62,57.62,79.20,75.55,75.08
58.55,58.55,77.59,75.68,77.34
60.84,60.84,75.56,73.24,76.86
63.09,63.09,78.20,75.44,77.79
66.72,66.72,76.84,75.25,77.77
64.31,64.31,74.20,77.11,76.31
62.16,62.16,76.87,77.38,76.67
61.85,61.85,75.45,78.50,76.28
59.50,59.50,72.11,77.54,77.59
58.59,58.59,76.88,76.59,74.58
61.68,61.68,72.11,71.88,75.10
63.56,63.56,88.03,69.79,74.27
65.06,65.06,89.64,69.29,74.03
71.39,71.39,87.15,63.66,71.83
77.07,77.07,88.16,60.83,68.52
78.06,78.06,90.62,66.72,69.29
79.68,79.68,92.38,68.41,67.91
79.84,79.84,88.23,71.12,70.31
80.14,80.14,87.09,70.59,71.05
77.32,77.32,84.39,75.34,70.08
69.07,69.07,78.22,75.77,69.57
75.28,75.28,81.05,71.49,71.19
80.06,80.06,79.80,69.42,70.86
76.13,76.13,75.65,69.91,71.09
68.72,68.72,79.00,67.96,69.76
75.87,75.87,78.86,64.00,70.47
78.82,78.82,75.54,64.26,71.07
79.44,79.44,78.64,78.29,72.48
79.63,79.63,78.39,73.77,70.86
80.77,80.77,75.30,72.66,73.28
80.54,80.54,77.64,72.09,69.80
80.40,80.40,77.18,71.87,71.70
77.72,77.72,73.79,71.00,70.31
74.54,74.54,76.13,71.31,68.41
73.15,73.15,76.27,73.24,69.62
72.76,72.76,72.51,73.39,70.22
74.21,74.21,74.91,73.82,71.27
73.98,73.98,74.55,71.18,68.55
66.27,66.27,79.40,65.23,70.74
62.95,62.95,82.02,66.65,66.78
65.22,65.22,76.91,70.01,67.97
72.81,72.81,73.14,72.23,65.64
76.41,76.41,71.50,71.01,67.41
76.82,76.82,73.72,77.27,70.00
77.27,77.27,69.44,77.78,71.14
76.34,76.34,68.99,78.40,66.56
76.74,76.74,70.79,78.33,69.98
75.97,75.97,66.22,77.89,70.11
75.71,75.71,66.66,76.99,67.20
75.43,75.43,68.44,77.05,65.87
73.46,73.46,65.29,77.55,69.31
72.18,72.18,66.11,77.69,70.45
75.50,75.50,65.59,76.66,67.36
75.44,75.44,63.48,63.46,65.12
78.23,78.23,63.99,57.58,66.21
76.81,76.81,64.48,68.58,67.12
74.66,74.66,63.45,73.25,66.93
69.31,69.31,60.44,73.36,65.26
71.57,71.57,55.75,73.87,63.71
69.96,69.96,45.04,73.51,65.93
67.84,67.84,50.23,73.37,63.14
65.95,65.95,41.44,72.97,63.01
70.71,70.71,46.13,73.30,62.11
65.61,65.61,42.40,73.36,64.23
72.51,72.51,43.64,72.92,64.37
69.81,69.81,51.51,71.68,63.51
76.35,76.35,64.17,62.46,64.79
68.74,68.74,60.65,53.15,64.68
73.53,73.53,53.60,61.19,65.92
68.56,68.56,50.26,70.63,65.69
64.89,64.89,46.90,74.99,65.29
68.42,68.42,48.06,75.18,63.91
68.40,68.40,49.58,75.57,62.43
65.03,65.03,48.28,75.59,63.10
65.80,65.80,50.88,75.91,63.88
65.64,65.64,56.57,74.53,65.01
62.37,62.37,66.47,69.03,61.47
62.49,62.49,73.41,59.89,53.68
61.20,61.20,91.78,65.47,63.87
65.25,65.25,85.50,66.08,68.14
72.03,72.03,88.97,62.08,65.79
74.21,74.21,78.85,55.82,66.21
73.69,73.69,89.14,49.43,64.94
76.61,76.61,87.01,58.51,67.06
74.22,74.22,84.22,61.55,65.21
72.62,72.62,83.43,56.72,64.76
75.03,75.03,77.25,62.56,64.86
73.64,73.64,69.26,57.96,67.08
74.23,74.23,73.83,58.65,66.24
73.43,73.43,66.09,61.68,64.40
73.46,73.46,58.23,65.26,65.94
74.32,74.32,61.09,57.47,65.26
74.97,74.97,55.49,53.16,65.31
76.39,76.39,55.07,54.07,62.93
74.84,74.84,53.67,69.29,61.97
73.16,73.16,48.85,73.17,63.40
74.22,74.22,47.31,71.70,64.71
74.64,74.64,40.95,72.23,61.60
74.33,74.33,46.00,72.42,63.82
74.80,74.80,42.63,73.02,61.96
75.11,75.11,49.54,73.70,62.59
75.68,75.68,47.96,73.14,62.11
72.82,72.82,47.59,74.72,61.46
70.32,70.32,50.67,73.92,60.93
72.38,72.38,54.83,74.44,63.42
72.99,72.99,64.98,72.77,66.34
73.02,73.02,64.98,58.13,66.44
74.25,74.25,56.41,60.30,61.54
72.45,72.45,52.50,73.27,62.47
72.15,72.15,44.73,76.19,62.46
71.06,71.06,41.58,75.73,61.09
69.45,69.45,39.26,75.91,62.98
69.02,69.02,42.90,76.38,64.49
72.52,72.52,38.90,76.27,63.16
73.51,73.51,46.26,75.78,61.19
71.15,71.15,57.49,74.46,64.62
72.20,72.20,67.53,71.10,59.19
71.15,71.15,78.41,68.99,64.19
68.50,68.50,92.99,72.36,61.30
71.01,71.01,85.59,76.07,59.81
74.23,74.23,89.61,76.15,64.50
74.06,74.06,88.43,75.04,59.49
69.57,69.57,91.55,75.40,63.87
71.86,71.86,91.00,74.89,63.49
69.83,69.83,87.73,73.41,64.92
72.25,72.25,84.48,74.30,62.60
73.69,73.69,80.84,74.57,60.22
72.89,72.89,80.15,74.70,60.65
70.16,70.16,77.79,74.52,61.98
73.86,73.86,78.73,74.03,59.29
75.52,75.52,79.59,73.55,59.31
72.12,72.12,76.25,69.53,63.12
71.40,71.40,78.89,59.23,62.06
69.22,69.22,78.82,52.10,56.51
70.03,70.03,75.74,66.76,55.27
69.90,69.90,78.21,73.33,54.54
70.90,70.90,77.91,74.18,57.05
72.89,72.89,74.80,73.97,57.28
74.08,74.08,77.12,72.78,53.00
73.75,73.75,76.54,71.89,56.55
64.96,64.96,73.45,70.94,53.37
66.57,66.57,75.85,71.17,48.56
72.14,72.14,74.60,71.07,48.29
70.12,70.12,71.27,69.65,41.75
68.27,68.27,82.39,70.07,47.87
70.70,70.70,81.79,72.06,45.44
69.95,69.95,75.42,69.74,39.83
65.95,65.95,74.69,63.71,40.13
60.08,60.08,71.80,63.12,38.49
65.03,65.03,70.03,61.13,44.69
67.88,67.88,70.68,59.83,49.95
68.08,68.08,72.84,62.21,54.21
69.93,69.93,67.90,66.32,54.38
68.81,68.81,68.48,66.50,56.99
68.04,68.04,69.96,64.44,57.47
67.72,67.72,67.33,68.04,60.80
67.63,67.63,66.49,62.19,64.42
68.03,68.03,68.19,59.57,71.77
64.86,64.86,67.51,53.68,73.52
64.72,64.72,68.14,46.24,75.06
64.24,64.24,67.88,53.29,75.28
64.80,64.80,64.17,50.37,76.23
64.84,64.84,62.40,67.33,78.09
64.94,64.94,62.14,72.20,79.53
65.12,65.12,60.89,74.86,79.43
65.44,65.44,54.62,74.94,79.89
65.67,65.67,49.76,73.20,79.86
64.95,64.95,42.20,74.12,79.67
65.61,65.61,40.34,74.24,80.43
65.77,65.77,44.87,72.51,80.03
65.40,65.40,49.49,73.52,80.92
64.06,64.06,63.94,74.00,80.21
62.83,62.83,59.90,72.80,79.67
62.48,62.48,54.80,73.08,76.03
61.82,61.82,53.54,73.37,75.74
63.54,63.54,50.08,71.73,80.66
62.69,62.69,41.08,72.73,78.23
61.43,61.43,40.43,72.52,76.44
60.25,60.25,39.74,71.15,79.32
59.93,59.93,33.70,71.93,76.51
58.31,58.31,29.90,71.14,76.31
57.82,57.82,36.19,69.45,75.12
55.10,55.10,41.48,70.07,73.40
53.09,53.09,49.48,69.59,75.19
57.61,57.61,64.75,67.57,76.75
62.08,62.08,65.48,66.18,76.17
63.15,63.15,59.07,65.03,77.08
63.38,63.38,53.02,67.91,75.12
59.04,59.04,46.07,70.31,71.93
64.63,64.63,39.50,68.82,72.28
66.76,66.76,36.29,69.10,66.33
69.97,69.97,30.78,68.28,67.17
70.33,70.33,32.81,66.79,70.09
64.53,64.53,33.28,66.81,63.77
67.52,67.52,43.51,63.00,65.66
60.92,60.92,58.42,60.00,64.54
53.84,53.84,61.36,49.29,64.15
52.22,52.22,74.64,46.68,66.33
53.41,53.41,93.46,48.82,69.01
56.44,56.44,89.52,53.77,69.67
60.48,60.48,89.05,56.29,74.61
59.41,59.41,87.44,57.89,76.67
68.11,68.11,80.05,61.28,75.13
61.35,61.35,82.42,59.19,74.50
63.90,63.90,82.67,63.77,76.11
58.87,58.87,80.85,69.89,77.36
58.22,58.22,82.52,73.81,75.11
52.56,52.56,78.50,73.36,76.54
54.61,54.61,81.23,73.57,75.77
56.96,56.96,81.45,75.21,76.64
60.60,60.60,77.94,73.60,75.91
60.93,60.93,80.79,75.83,74.49
64.43,64.43,78.88,74.90,77.29
66.50,66.50,77.35,75.10,76.22
66.11,66.11,79.95,74.00,74.31
65.05,65.05,77.03,74.46,75.01
68.40,68.40,76.32,74.35,76.37
69.05,69.05,78.07,72.86,73.38
66.93,66.93,76.04,75.52,78.45
66.56,66.56,75.26,73.32,79.18
67.24,67.24,76.89,75.89,78.98
69.79,69.79,74.48,74.53,75.51
68.96,68.96,74.32,74.77,78.57
66.79,66.79,74.42,70.18,78.85
65.56,65.56,88.40,62.80,77.36
65.50,65.50,89.48,59.90,80.78
67.39,67.39,88.11,59.68,82.02
70.00,70.00,87.22,57.89,80.80
69.82,69.82,90.14,54.06,81.84
70.56,70.56,90.73,61.99,81.20
71.42,71.42,89.54,65.68,80.06
69.57,69.57,89.90,68.82,82.13
70.24,70.24,84.25,70.37,82.80
69.44,69.44,85.04,71.05,83.16
68.09,68.09,83.17,69.77,83.34
66.99,66.99,80.05,71.05,81.20
66.82,66.82,81.31,72.52,78.18
68.90,68.90,79.23,70.28,77.03
64.31,64.31,78.36,71.83,78.35
65.95,65.95,80.35,70.07,75.41
61.28,61.28,77.92,71.09,77.93
64.90,64.90,76.99,69.60,77.44
62.67,62.67,78.70,72.15,75.62
64.72,64.72,77.01,74.17,80.58
67.95,67.95,76.28,73.34,82.38
69.51,69.51,77.77,71.75,81.14
70.34,70.34,75.35,67.50,77.36
72.75,72.75,74.60,71.60,74.78
72.73,72.73,76.08,72.41,72.16
72.98,72.98,74.42,61.84,71.07
70.79,70.79,72.87,59.39,65.46
61.11,61.11,81.93,64.90,62.92
64.65,64.65,81.56,69.39,66.17
70.11,70.11,75.61,71.94,66.86
69.30,69.30,73.65,69.87,74.77
70.71,70.71,71.75,68.80,76.86
68.80,68.80,70.86,71.81,76.85
69.61,69.61,71.74,74.99,71.93
72.96,72.96,70.06,74.65,70.65
72.60,72.60,69.63,76.16,68.95
70.92,70.92,70.46,76.34,67.32
70.22,70.22,69.91,74.93,66.93
67.88,67.88,66.62,74.35,66.37
69.92,69.92,67.26,74.58,65.41
71.65,71.65,67.00,75.44,63.83
73.08,73.08,64.94,72.80,65.92
73.38,73.38,64.01,66.30,67.15
73.17,73.17,64.89,68.19,72.70
70.44,70.44,63.70,70.50,70.71
69.33,69.33,61.94,74.11,69.18
70.93,70.93,63.67,75.47,73.12
72.76,72.76,64.38,75.77,69.63
73.17,73.17,59.86,74.42,72.60
73.57,73.57,47.63,76.97,70.22
73.37,73.37,48.55,76.37,68.67
71.80,71.80,48.76,74.16,69.04
68.49,68.49,52.35,76.19,67.08
67.15,67.15,59.88,75.21,74.24
60.41,60.41,56.40,73.40,73.80
61.08,61.08,63.58,66.02,70.50
59.90,59.90,59.46,65.71,72.11
59.72,59.72,54.53,70.06,73.77
62.41,62.41,49.73,73.83,69.61
61.84,61.84,47.22,74.72,70.50
59.55,59.55,44.23,74.95,65.89
58.94,58.94,44.74,75.77,67.96
57.24,57.24,43.45,76.67,68.28
55.51,55.51,46.26,77.45,69.09
46.29,46.29,57.65,76.26,64.69
45.25,45.25,68.06,71.14,67.38
47.36,47.36,74.70,61.42,65.31
56.07,56.07,92.48,65.39,66.12
63.94,63.94,82.70,64.60,69.65
65.27,65.27,89.59,58.93,66.41
68.97,68.97,80.91,66.94,70.52
67.60,67.60,87.63,73.10,68.44
74.22,74.22,88.68,71.70,64.80
78.90,78.90,82.60,68.93,65.82
75.02,75.02,83.68,69.49,65.17
64.45,64.45,75.19,68.81,70.23
69.65,69.65,71.85,69.88,72.08
74.91,74.91,71.69,69.32,62.47
73.74,73.74,65.76,69.06,69.13
68.30,68.30,59.97,68.49,73.02
73.19,73.19,59.01,66.21,69.92
71.12,71.12,56.46,66.68,71.17
74.27,74.27,56.71,65.68,70.12
68.02,68.02,53.43,67.50,63.49
71.03,71.03,51.41,68.58,67.94
71.07,71.07,44.01,62.52,69.31
73.57,73.57,40.60,62.40,65.23
74.09,74.09,43.08,59.00,63.10
72.88,72.88,38.74,62.97,69.59
67.36,67.36,39.35,63.63,65.39
68.23,68.23,41.14,57.41,61.57
69.59,69.59,46.17,65.62,65.39
65.52,65.52,65.94,62.04,68.88
66.18,66.18,56.37,61.38,63.47
69.74,69.74,57.55,61.63,60.07
71.85,71.85,57.39,66.09,66.07
71.82,71.82,49.24,62.76,59.18
66.05,66.05,42.20,59.45,61.02
64.07,64.07,37.69,63.52,63.76
65.07,65.07,39.52,70.61,67.27
64.10,64.10,47.49,73.63,65.32
64.44,64.44,46.54,73.27,64.58
63.13,63.13,43.81,73.19,66.85
63.89,63.89,46.30,74.64,63.84
65.70,65.70,57.05,73.98,64.07
60.97,60.97,64.62,72.39,65.36
61.33,61.33,76.08,71.89,62.16
64.64,64.64,93.50,66.07,62.30
67.86,67.86,88.30,67.74,63.99
70.23,70.23,91.31,73.90,60.04
69.79,69.79,83.61,75.26,62.29
65.32,65.32,89.87,75.71,67.42
65.56,65.56,92.70,75.34,63.21
63.70,63.70,87.81,75.23,66.29
62.92,62.92,89.34,75.25,64.75
64.17,64.17,83.77,74.76,66.93
62.84,62.84,82.55,74.87,67.07
62.34,62.34,83.75,75.48,63.49
65.05,65.05,78.90,75.05,67.39
66.55,66.55,80.20,74.50,70.56
67.39,67.39,81.25,73.48,63.45
64.86,64.86,77.08,68.29,65.61
64.72,64.72,78.95,60.04,59.22
64.43,64.43,79.94,66.37,60.89
63.63,63.63,75.90,74.25,62.41
61.08,61.08,78.13,74.34,63.08
62.19,62.19,78.72,73.75,68.19
61.77,61.77,74.74,72.70,62.76
63.58,63.58,76.74,74.08,64.27
60.82,60.82,77.07,74.90,67.67
62.04,62.04,74.42,74.81,60.94
64.13,64.13,75.59,73.84,61.73
59.49,59.49,75.82,72.81,61.75
61.64,61.64,80.54,72.00,59.53
63.29,63.29,81.34,69.37,57.95
59.24,59.24,77.48,70.94,57.12
58.93,58.93,74.48,73.05,55.56
62.00,62.00,72.43,73.73,59.77
58.80,58.80,71.89,73.67,63.29
60.58,60.58,71.01,73.09,66.60
60.18,60.18,68.97,72.64,68.56
58.21,58.21,70.05,72.16,66.22
58.32,58.32,70.12,72.46,67.60
57.45,57.45,67.45,72.70,69.40
57.77,57.77,68.43,72.27,65.30
60.08,60.08,69.35,69.93,62.16
62.40,62.40,67.77,58.31,72.15
61.41,61.41,65.71,54.94,69.39
56.06,56.06,67.70,50.05,67.26
56.50,56.50,66.29,46.76,62.91
55.89,55.89,66.47,58.63,64.79
56.89,56.89,64.79,71.26,64.20
58.74,58.74,62.80,74.86,65.88
59.60,59.60,63.25,75.27,64.44
60.88,60.88,62.08,74.57,65.38
57.10,57.10,51.29,75.08,63.11
50.34,50.34,46.21,74.60,63.81
44.78,44.78,41.98,74.10,64.88
41.97,41.97,48.54,73.88,63.35
38.76,38.76,53.82,73.55,65.34
43.98,43.98,66.87,72.94,67.57
43.02,43.02,60.27,72.56,69.57
45.88,45.88,55.66,72.86,69.28
49.22,49.22,55.06,71.96,72.32
47.66,47.66,41.90,72.01,70.98
44.69,44.69,41.75,71.63,69.83
40.63,40.63,39.76,70.97,70.40
39.00,39.00,38.34,71.77,69.84
35.03,35.03,44.40,72.63,70.22
31.84,31.84,40.86,71.29,70.18
27.21,27.21,43.32,71.71,70.34
28.69,28.69,42.53,72.73,70.23
29.74,29.74,42.36,71.43,75.41
34.52,34.52,64.78,71.16,75.64
35.43,35.43,65.75,66.68,76.17
36.04,36.04,62.81,71.54,75.57
30.09,30.09,61.48,71.58,75.53
32.25,32.25,54.93,70.94,74.44
31.15,31.15,53.08,77.45,73.85
28.71,28.71,54.35,74.99,72.61
27.48,27.48,46.61,74.08,72.22
27.43,27.43,47.54,74.12,71.70
31.34,31.34,40.20,73.61,71.91
34.52,34.52,47.23,73.59,70.02
33.85,33.85,55.48,71.14,69.18
27.86,27.86,63.05,68.03,68.75
18.31,18.31,77.58,65.64,68.94
14.00,14.00,92.42,57.08,67.10
26.03,26.03,89.71,57.15,67.90
32.78,32.78,88.54,57.95,69.84
35.94,35.94,85.79,58.07,73.32
38.31,38.31,84.35,62.38,73.39
41.59,41.59,80.31,61.28,73.16
42.34,42.34,81.48,65.02,73.09
44.01,44.01,79.50,71.02,72.80
46.08,46.08,81.76,73.72,72.56
46.99,46.99,77.63,70.64,70.64
46.52,46.52,81.47,69.30,71.07
47.20,47.20,79.17,72.95,71.24
43.69,43.69,79.77,70.08,70.12
42.09,42.09,80.44,71.85,73.68
40.04,40.04,77.01,70.96,73.22
36.67,36.67,79.32,73.11,73.91
39.25,39.25,79.31,72.72,73.97
41.91,41.91,75.56,73.59,73.07
43.48,43.48,78.12,72.92,73.66
42.86,42.86,77.82,71.98,73.71
44.40,44.40,74.25,71.50,73.71
43.61,43.61,76.86,70.79,74.00
44.87,44.87,76.52,70.52,73.84
43.67,43.67,72.87,64.35,73.23
42.72,42.72,75.06,68.51,73.39
48.40,48.40,73.35,61.09,70.59
56.68,56.68,89.41,59.07,68.90
70.45,70.45,92.50,63.49,71.32
76.52,76.52,90.04,58.82,69.87
76.02,76.02,84.45,57.31,70.37
73.65,73.65,91.61,64.87,70.43
74.58,74.58,88.86,63.06,71.40
75.64,75.64,84.28,66.52,72.02
76.43,76.43,81.11,66.10,70.70
76.18,76.18,75.31,67.55,69.67
74.61,74.61,75.11,70.81,68.53
74.40,74.40,78.18,68.40,69.78
72.41,72.41,78.69,71.92,68.23
71.83,71.83,76.39,72.18,68.71
73.71,73.71,79.93,74.42,68.60
74.22,74.22,79.51,72.28,68.05
75.14,75.14,76.19,73.52,67.61
74.13,74.13,79.14,79.04,68.19
73.67,73.67,78.69,79.00,67.69
72.61,72.61,76.07,77.69,67.84
71.79,71.79,79.08,77.84,68.90
70.15,70.15,77.85,77.52,66.41
71.08,71.08,74.55,77.48,69.39
75.88,75.88,77.56,76.62,65.54
75.08,75.08,76.61,76.30,67.07
75.31,75.31,73.61,75.62,66.98
74.27,74.27,76.09,75.32,66.17
73.25,73.25,75.45,75.36,68.14
75.58,75.58,78.89,70.00,66.60
77.77,77.77,80.86,67.33,65.28
79.12,79.12,77.25,66.48,64.77
74.45,74.45,73.89,67.71,68.18
75.17,75.17,72.81,74.17,67.99
72.20,72.20,73.49,75.65,68.88
74.69,74.69,69.69,75.85,68.25
75.36,75.36,71.81,76.82,67.86
75.03,75.03,70.75,77.52,69.19
75.03,75.03,67.80,76.89,69.72
75.93,75.93,69.72,75.89,67.06
75.92,75.92,69.94,76.04,68.96
77.87,77.87,66.60,75.97,69.44
78.55,78.55,66.53,75.19,69.81
77.93,77.93,66.73,72.49,64.31
73.75,73.75,65.65,63.62,67.78
70.37,70.37,66.06,57.95,66.77
70.38,70.38,66.64,66.56,64.73
71.29,71.29,64.36,72.16,65.45
73.74,73.74,63.04,71.83,64.81
73.77,73.77,63.73,71.36,65.12
71.18,71.18,59.25,70.93,63.78
71.54,71.54,49.73,71.01,63.63
70.94,70.94,47.85,71.32,64.15
69.25,69.25,43.60,71.69,64.99
69.63,69.63,47.71,71.97,63.58
69.58,69.58,51.70,70.97,63.12
70.24,70.24,52.32,67.39,65.92
69.89,69.89,63.47,60.01,63.49
70.62,70.62,60.11,53.30,64.70
67.16,67.16,54.19,64.33,63.24
64.30,64.30,49.27,72.94,66.92
65.77,65.77,44.48,74.76,64.94
69.12,69.12,44.11,75.31,64.22
65.02,65.02,40.52,75.85,63.61
52.38,52.38,44.58,75.34,65.65
49.13,49.13,49.83,75.29,66.01
48.32,48.32,57.81,73.67,68.10
45.63,45.63,68.78,67.61,61.27
51.23,51.23,76.90,63.23,59.16
53.77,53.77,93.36,68.62,62.99
52.86,52.86,80.39,64.45,62.79
58.68,58.68,90.02,59.99,67.50
68.78,68.78,82.52,71.91,67.52
71.48,71.48,87.66,71.62,68.28
71.39,71.39,88.03,69.96,66.19
71.86,71.86,82.64,70.86,67.34
74.34,74.34,82.52,73.85,64.26
75.24,75.24,73.34,74.07,68.19
73.94,73.94,70.95,74.30,66.09
73.27,73.27,70.05,72.90,65.77
75.88,75.88,66.76,72.82,66.28
76.43,76.43,58.87,61.13,67.16
76.71,76.71,57.80,51.53,66.20
75.36,75.36,55.03,55.53,62.93
73.76,73.76,57.39,54.92,63.24
71.32,71.32,52.97,64.47,62.25
70.18,70.18,50.47,74.15,63.92
69.16,69.16,43.01,74.49,63.51
69.94,69.94,44.85,74.79,61.88
70.84,70.84,40.15,73.75,60.85
75.21,75.21,45.04,74.15,62.33
76.26,76.26,46.62,73.21,61.61
71.41,71.41,47.35,72.79,58.53
64.80,64.80,47.01,72.17,60.01
58.38,58.38,49.99,71.30,62.77
55.18,55.18,55.88,70.20,64.01
51.97,51.97,69.47,71.29,67.09
61.77,61.77,60.73,67.25,63.77
70.62,70.62,54.15,60.53,61.45
74.26,74.26,48.68,70.83,60.45
79.09,79.09,42.39,74.67,64.30
72.26,72.26,41.13,75.09,62.33
72.18,72.18,34.14,75.31,63.03
75.00,75.00,39.01,75.48,62.62
70.67,70.67,39.24,75.11,65.23
73.16,73.16,46.42,75.42,64.08
69.35,69.35,58.02,74.82,60.48
72.36,72.36,68.31,72.87,66.00
69.74,69.74,78.28,74.49,64.41
73.06,73.06,93.46,75.48,62.26
75.63,75.63,87.54,76.14,62.60
76.44,76.44,90.92,75.29,64.22
75.08,75.08,86.22,73.31,63.59
74.22,74.22,90.52,73.39,64.36
72.16,72.16,91.81,73.73,65.90
73.86,73.86,88.17,74.19,62.63
75.43,75.43,88.63,73.64,62.03
72.27,72.27,81.74,73.91,62.66
73.02,73.02,83.84,73.66,57.97
71.35,71.35,83.20,73.55,58.07
67.52,67.52,77.73,73.83,60.04
72.23,72.23,80.64,73.20,60.39
70.55,70.55,80.21,64.65,62.09
68.73,68.73,76.31,57.31,60.39
67.82,67.82,80.11,60.02,59.62
62.87,62.87,78.39,69.05,56.17
63.65,63.65,75.55,72.63,58.44
63.76,63.76,78.14,73.38,58.59
63.98,63.98,77.97,73.09,57.09
67.57,67.57,74.29,72.94,57.69
73.65,73.65,76.81,72.31,58.90
69.99,69.99,76.70,71.79,57.88
67.60,67.60,72.97,71.72,57.27
69.26,69.26,75.65,71.72,60.19
60.21,60.21,76.61,70.96,57.72
51.36,51.36,82.75,70.94,61.98
55.89,55.89,81.18,72.85,56.67
62.91,62.91,76.63,68.66,53.67
65.64,65.64,73.34,62.10,53.64
67.06,67.06,73.24,64.06,53.26
65.81,65.81,71.09,62.42,58.42
66.98,66.98,70.70,62.41,57.76
68.61,68.61,70.14,63.12,63.54
67.02,67.02,69.78,64.32,61.51
65.80,65.80,70.04,67.54,64.97
63.49,63.49,68.27,67.91,70.90
57.73,57.73,69.02,65.23,71.39
55.97,55.97,69.15,61.58,70.73
52.59,52.59,67.28,53.82,69.36
53.80,53.80,66.73,48.96,71.27
59.97,59.97,68.18,44.83,71.52
66.65,66.65,65.12,52.64,71.98
69.07,69.07,66.01,54.99,70.22
69.45,69.45,66.36,64.37,71.36
66.64,66.64,62.96,73.49,71.31
64.80,64.80,62.94,73.64,72.02
62.94,62.94,61.18,74.27,72.97
51.25,51.25,54.11,72.81,74.07
48.76,48.76,48.07,73.76,71.54
47.55,47.55,46.08,74.15,71.69
48.51,48.51,47.38,72.39,69.88
52.85,52.85,50.83,73.27,70.04
59.55,59.55,62.17,73.34,72.84
64.93,64.93,56.41,72.08,74.44
70.83,70.83,52.65,73.12,76.20
71.90,71.90,47.82,72.66,77.01
70.88,70.88,44.74,71.56,77.76
70.13,70.13,41.61,72.21,76.14
68.57,68.57,40.20,71.51,74.80
66.84,66.84,35.12,70.57,72.13
66.49,66.49,33.80,71.36,72.19
60.77,60.77,37.44,70.22,70.97
56.65,56.65,38.42,69.20,70.98
57.42,57.42,40.15,69.68,69.69
55.96,55.96,44.82,68.74,72.78
60.99,60.99,66.16,66.38,74.17
66.04,66.04,64.48,63.15,76.53
69.05,69.05,58.66,73.38,74.76
67.36,67.36,53.37,74.88,72.92
64.74,64.74,49.46,72.14,70.99
66.22,66.22,44.74,74.25,68.99
66.41,66.41,42.95,74.02,67.80
65.89,65.89,42.28,74.78,69.35
64.47,64.47,39.53,74.82,70.60
64.81,64.81,39.97,75.34,68.90
67.36,67.36,50.54,75.53,70.26
67.78,67.78,64.58,73.17,68.94
62.31,62.31,71.83,69.70,73.82
54.31,54.31,83.28,67.05,69.63
56.24,56.24,93.34,60.36,68.36
59.33,59.33,89.70,58.57,71.69
61.69,61.69,87.40,63.81,74.30
66.52,66.52,87.65,62.54,76.32
66.56,66.56,92.39,60.27,72.02
67.83,67.83,89.55,67.76,77.70
66.88,66.88,90.59,69.59,79.36
63.95,63.95,86.90,72.37,77.92
66.38,66.38,82.31,75.15,77.84
65.83,65.83,84.03,75.06,76.35
64.25,64.25,80.51,76.03,75.70
64.73,64.73,79.72,73.59,77.90
67.07,67.07,80.93,71.11,76.57
61.15,61.15,78.19,70.37,75.59
68.13,68.13,79.25,73.32,74.91
69.66,69.66,80.02,71.66,75.89
68.82,68.82,76.68,71.30,73.89
72.69,72.69,77.69,73.96,75.53
73.43,73.43,78.72,73.00,74.99
70.89,70.89,75.38,73.88,74.26
72.64,72.64,76.49,72.17,77.00
72.42,72.42,77.50,74.06,78.84
71.09,71.09,74.44,72.28,78.52
70.61,70.61,74.89,72.03,73.56
69.88,69.88,75.66,69.12,74.12
73.00,73.00,74.16,65.83,74.73
73.61,73.61,90.08,63.62,69.70
70.88,70.88,90.91,58.02,74.37
72.97,72.97,90.19,57.70,72.16
74.21,74.21,80.75,55.28,71.85
73.27,73.27,90.63,53.04,75.58
71.66,71.66,90.22,55.32,74.32
73.56,73.56,90.59,57.04,76.76
70.74,70.74,87.19,59.63,80.45
68.54,68.54,84.37,66.53,82.70
65.82,65.82,84.70,66.14,83.69
63.90,63.90,80.82,66.48,82.74
57.91,57.91,81.52,67.20,81.73
54.54,54.54,81.39,67.12,75.58
59.71,59.71,78.09,65.66,72.96
71.71,71.71,80.26,62.15,75.36
67.32,67.32,80.29,64.64,74.77
68.61,68.61,76.66,67.49,77.78
67.28,67.28,79.38,70.99,76.13
65.32,65.32,78.83,75.57,77.42
68.77,68.77,75.27,73.19,80.61
70.37,70.37,77.96,74.21,82.64
72.05,72.05,78.00,73.92,81.06
71.78,71.78,74.32,74.74,77.09
70.62,70.62,77.09,73.29,76.16
66.20,66.20,77.14,66.04,74.96
59.28,59.28,73.05,58.64,76.30
60.76,60.76,75.91,60.69,74.77
58.61,58.61,82.39,66.20,76.09
66.51,66.51,80.39,69.75,70.65
70.32,70.32,75.45,69.80,72.55
70.82,70.82,74.49,68.09,76.30
71.00,71.00,71.80,69.66,79.50
72.50,72.50,72.41,73.66,77.33
69.30,69.30,72.45,75.42,73.11
70.46,70.46,69.27,75.46,71.61
71.38,71.38,72.68,76.96,70.03
71.17,71.17,70.23,76.85,73.74
72.61,72.61,68.56,75.15,68.16
71.92,71.92,68.71,73.86,67.07
70.59,70.59,69.29,74.86,67.11
69.83,69.83,66.13,75.43,68.35
70.75,70.75,65.21,71.95,64.41
70.79,70.79,65.04,63.18,71.90
72.28,72.28,65.26,64.57,72.91
71.02,71.02,62.89,66.81,70.23
68.18,68.18,65.06,73.77,70.55
72.68,72.68,65.70,74.92,74.11
72.25,72.25,61.87,76.02,70.00
72.59,72.59,62.40,74.76,70.88
66.79,66.79,56.39,75.36,73.12
63.26,63.26,46.01,75.29,70.34
55.31,55.31,43.11,74.11,68.84
64.55,64.55,48.65,74.93,70.44
69.30,69.30,52.20,74.20,69.58
72.30,72.30,52.40,73.09,69.31
78.27,78.27,64.32,67.93,65.57
74.66,74.66,59.43,61.77,68.22
72.58,72.58,53.89,68.04,70.15
67.26,67.26,48.79,72.65,68.32
73.48,73.48,50.14,73.12,65.59
73.11,73.11,42.98,74.51,65.87
73.91,73.91,46.99,74.21,68.28
73.36,73.36,40.99,75.50,66.49
73.02,73.02,46.66,76.34,66.52
74.47,74.47,59.56,74.30,64.21
71.51,71.51,67.63,66.41,61.35
71.13,71.13,78.51,65.08,62.17
68.00,68.00,93.16,69.02,63.30
65.10,65.10,81.63,64.08,67.26
58.53,58.53,89.71,61.08,66.73
63.04,63.04,81.86,64.87,68.40
63.31,63.31,87.78,67.64,67.58
56.75,56.75,87.08,72.04,65.11
58.92,58.92,82.94,71.63,65.62
54.49,54.49,80.95,70.53,66.31
49.30,49.30,74.00,71.02,68.51
51.97,51.97,72.33,68.28,69.88
55.15,55.15,70.07,70.14,67.58
52.19,52.19,67.20,68.79,67.85
56.64,56.64,57.16,69.96,68.17
59.33,59.33,61.51,71.22,68.72
58.19,58.19,55.65,71.46,68.88
66.73,66.73,57.62,72.32,70.67
74.60,74.60,53.58,70.82,64.79
72.85,72.85,51.34,72.35,69.01
72.33,72.33,47.69,73.35,70.58
72.41,72.41,45.71,74.06,69.87
75.80,75.80,56.37,75.58,72.42
71.33,71.33,50.40,74.68,67.94
68.04,68.04,46.77,76.22,68.12
65.10,65.10,44.43,76.15,67.40
65.55,65.55,36.44,75.24,69.44
62.50,62.50,40.71,76.91,67.27
56.91,56.91,43.98,73.97,68.27
59.12,59.12,57.79,73.72,70.82
57.68,57.68,59.30,68.50,73.66
55.71,55.71,51.25,63.03,70.80
54.06,54.06,43.98,61.87,66.84
54.74,54.74,36.35,66.94,65.84
55.21,55.21,36.75,72.35,66.71
66.46,66.46,42.83,72.58,64.59
64.90,64.90,44.75,73.07,66.04
62.46,62.46,42.44,74.20,67.41
58.80,58.80,46.37,75.87,61.64
55.01,55.01,57.56,75.33,61.68
50.45,50.45,63.59,72.51,62.36
49.38,49.38,81.23,72.34,63.65
52.16,52.16,91.75,65.39,61.97
59.31,59.31,90.43,73.35,60.50
65.22,65.22,88.54,75.34,69.93
71.33,71.33,85.99,75.68,66.16
69.41,69.41,91.34,75.33,64.06
67.60,67.60,91.20,75.75,62.72
67.81,67.81,87.76,75.65,60.28
71.53,71.53,87.54,75.08,63.57
73.21,73.21,80.85,75.84,63.41
74.66,74.66,83.58,75.49,61.36
73.36,73.36,82.98,74.94,61.17
73.71,73.71,78.05,75.21,59.91
74.09,74.09,81.15,74.13,60.14
71.51,71.51,81.12,71.64,60.55
69.77,69.77,77.63,68.61,57.53
69.09,69.09,80.32,63.71,58.67
71.22,71.22,79.54,70.67,60.03
72.41,72.41,76.28,73.57,61.83
71.17,71.17,78.91,74.02,62.49
70.68,70.68,78.40,73.03,64.30
71.70,71.70,75.05,72.91,61.83
73.46,73.46,77.75,74.16,63.83
75.29,75.29,77.23,75.11,64.42
75.97,75.97,73.64,75.34,61.01
72.21,72.21,76.42,74.30,61.26
71.35,71.35,76.37,73.29,63.83
73.96,73.96,80.99,72.62,60.93
67.95,67.95,80.76,69.53,57.92
63.73,63.73,76.25,70.60,62.25
63.51,63.51,73.70,72.25,59.24
64.06,64.06,74.80,72.16,62.03
68.87,68.87,71.63,73.50,68.47
67.19,67.19,70.46,73.67,70.33
67.55,67.55,71.35,73.30,66.78
65.96,65.96,69.17,73.43,67.55
66.73,66.73,69.36,73.95,69.19
66.23,66.23,70.31,73.81,66.61
66.11,66.11,69.53,74.12,69.37
66.56,66.56,68.73,68.27,68.06
69.44,69.44,69.00,61.34,69.16
67.37,67.37,69.23,58.49,69.29
70.73,70.73,69.28,56.95,70.19
66.60,66.60,66.77,55.56,69.70
65.28,65.28,66.99,57.32,67.96
66.78,66.78,67.05,73.00,68.45
63.31,63.31,62.32,75.43,64.25
63.01,63.01,61.84,75.54,64.54
62.10,62.10,65.03,74.93,65.74
62.77,62.77,61.70,74.70,66.45
61.94,61.94,57.04,74.94,66.41
57.43,57.43,45.99,73.81,63.40
65.55,65.55,43.51,73.89,66.84
69.32,69.32,49.44,74.08,65.41
70.28,70.28,62.80,73.14,65.61
68.57,68.57,56.41,72.66,64.78
68.92,68.92,52.10,72.77,64.03
66.89,66.89,49.62,72.26,64.93
63.98,63.98,46.90,72.10,66.86
63.56,63.56,44.53,72.61,66.55
57.49,57.49,39.33,71.55,67.05
58.03,58.03,35.83,71.92,65.47
56.60,56.60,37.63,72.56,66.75
47.93,47.93,37.60,70.89,65.68
45.18,45.18,34.94,71.86,66.13
45.79,45.79,40.08,72.21,67.94
45.94,45.94,45.24,71.32,69.85
46.82,46.82,67.85,71.33,71.25
46.59,46.59,63.92,66.46,70.92
49.54,49.54,60.62,66.72,71.10
49.30,49.30,58.98,69.23,69.39
51.05,51.05,58.91,71.46,69.37
54.33,54.33,63.40,64.90,73.89
53.28,53.28,54.37,62.30,68.91
54.79,54.79,50.61,59.19,68.96
55.72,55.72,60.18,65.75,68.14
53.47,53.47,45.79,64.15,70.85
50.32,50.32,53.82,63.56,68.11
46.84,46.84,59.78,58.17,65.15
39.15,39.15,69.12,48.50,68.32
38.80,38.80,85.41,60.03,69.24
37.14,37.14,91.79,60.89,67.38
44.10,44.10,90.69,54.92,66.11
47.43,47.43,87.65,59.55,71.88
49.10,49.10,82.83,63.27,73.15
49.76,49.76,91.09,67.22,74.65
52.04,52.04,87.69,68.05,74.76
51.88,51.88,89.89,71.86,74.88
50.80,50.80,84.93,76.12,74.35
50.02,50.02,85.03,75.86,73.24
50.14,50.14,82.73,75.13,72.10
49.44,49.44,80.90,76.63,71.93
45.92,45.92,82.00,76.70,71.76
44.27,44.27,78.34,77.27,72.12
45.80,45.80,79.15,75.65,73.76
44.46,44.46,79.98,76.72,74.26
42.75,42.75,76.38,75.81,75.77
43.57,43.57,77.29,76.81,75.24
43.15,43.15,78.32,74.12,74.20
42.45,42.45,75.18,75.57,75.75
41.65,41.65,76.36,74.96,74.14
40.88,40.88,77.17,74.23,74.96
43.13,43.13,74.21,76.42,74.20
42.27,42.27,74.66,75.72,73.72
42.09,42.09,75.86,76.47,73.44
40.90,40.90,73.07,71.92,73.43
40.89,40.89,76.36,59.89,72.28
44.99,44.99,93.01,63.67,72.00
50.26,50.26,87.79,61.24,72.68
62.95,62.95,88.88,61.89,72.92
69.38,69.38,87.81,60.37,73.41
74.16,74.16,93.67,63.81,73.93
77.59,77.59,89.18,60.39,72.38
76.27,76.27,90.14,60.24,71.31
70.32,70.32,84.16,61.17,71.06
74.53,74.53,80.92,67.62,70.07
74.73,74.73,81.63,67.14,69.32
72.09,72.09,79.59,68.35,68.22
80.01,80.01,77.06,69.11,68.41
77.03,77.03,79.58,71.76,66.85
73.85,73.85,78.48,68.47,68.24
73.98,73.98,76.38,69.54,66.14
73.48,73.48,78.33,68.33,66.32
74.03,74.03,78.10,69.92,66.59
74.62,74.62,75.75,69.30,69.22
75.67,75.67,78.06,64.56,70.59
75.59,75.59,76.26,63.39,67.06
76.43,76.43,74.47,61.89,66.93
76.59,76.59,77.20,64.06,67.67
78.44,78.44,75.33,62.94,67.00
79.16,79.16,73.36,64.36,65.24
76.65,76.65,75.65,64.64,67.05
73.76,73.76,73.96,64.05,64.09
74.85,74.85,75.50,59.76,64.78
69.62,69.62,82.08,65.76,64.67
70.84,70.84,80.20,69.00,67.69
72.59,72.59,75.82,70.69,66.07
71.88,71.88,73.16,70.37,67.15
73.77,73.77,72.29,75.23,67.49
73.10,73.10,70.35,76.89,69.66
75.26,75.26,70.02,76.80,68.67
73.75,73.75,71.89,77.55,67.58
72.22,72.22,65.30,78.05,69.11
73.29,73.29,68.14,77.10,68.33
74.44,74.44,69.45,76.92,67.66
72.16,72.16,63.42,76.63,67.61
76.23,76.23,65.89,76.65,71.01
74.96,74.96,68.39,77.13,67.77
69.87,69.87,62.80,71.80,67.74
70.63,70.63,62.51,62.28,66.17
71.41,71.41,66.92,60.81,65.45
70.11,70.11,63.31,72.42,66.46
73.06,73.06,60.97,73.02,67.10
68.45,68.45,63.45,73.41,65.20
66.18,66.18,51.90,72.64,64.25
64.70,64.70,45.74,72.93,61.45
66.37,66.37,49.67,73.38,63.16
66.67,66.67,42.20,73.13,64.67
68.89,68.89,42.08,72.73,64.23
70.68,70.68,47.53,72.23,64.25
71.75,71.75,45.78,72.02,67.40
72.14,72.14,53.49,69.59,67.55
68.57,68.57,64.52,58.24,65.47
61.13,61.13,58.34,57.28,65.68
63.62,63.62,53.05,60.45,66.61
67.06,67.06,53.80,74.63,66.30
66.72,66.72,55.85,75.68,64.96
60.10,60.10,57.59,76.04,61.47
58.61,58.61,55.27,76.09,65.17
59.98,59.98,54.06,75.87,63.34
58.87,58.87,53.94,75.90,64.77
62.12,62.12,59.44,73.98,64.20
59.79,59.79,68.45,70.10,61.61
59.92,59.92,80.43,69.15,57.06
58.74,58.74,91.43,71.02,61.68
62.30,62.30,83.58,68.95,62.78
71.00,71.00,88.24,65.83,66.02
73.35,73.35,81.13,56.60,65.39
74.07,74.07,88.04,57.75,63.94
72.38,72.38,84.95,62.86,64.19
74.53,74.53,84.83,62.57,65.00
73.25,73.25,79.55,61.54,65.68
72.56,72.56,75.47,61.71,64.34
72.99,72.99,70.82,56.60,64.68
72.04,72.04,69.55,60.64,65.28
72.25,72.25,66.62,59.99,66.98
78.03,78.03,56.44,65.51,63.64
76.80,76.80,61.25,50.98,64.35
73.47,73.47,53.87,52.51,62.76
69.86,69.86,55.61,58.52,64.46
63.59,63.59,52.13,71.95,62.58
60.40,60.40,44.45,70.95,61.06
56.20,56.20,51.72,69.15,62.97
52.80,52.80,41.42,70.81,62.83
55.13,55.13,50.69,69.89,62.80
54.88,54.88,51.39,72.02,63.03
53.95,53.95,50.99,71.10,61.89
50.22,50.22,50.96,71.91,62.50
50.74,50.74,50.56,72.33,62.57
50.64,50.64,50.30,72.59,59.32
56.23,56.23,58.09,72.63,60.73
74.79,74.79,72.23,65.79,60.44
72.99,72.99,70.26,58.92,61.25
72.56,72.56,68.01,62.47,58.86
66.99,66.99,60.30,75.07,56.25
61.99,61.99,57.17,75.92,63.32
56.10,56.10,50.14,76.21,61.00
52.99,52.99,48.58,76.08,61.00
52.53,52.53,45.74,75.99,64.44
52.60,52.60,43.64,75.55,65.28
52.24,52.24,50.60,76.10,61.84
54.72,54.72,59.41,75.18,60.51
52.33,52.33,65.37,75.26,61.48
60.51,60.51,81.47,76.72,66.91
68.92,68.92,90.85,75.43,63.84
77.33,77.33,86.29,73.26,64.33
76.89,76.89,89.60,71.46,65.12
78.71,78.71,89.22,72.83,64.37
74.60,74.60,92.75,73.39,62.23
74.96,74.96,89.10,74.35,64.06
74.35,74.35,87.00,74.77,62.91
75.36,75.36,84.50,74.50,65.38
74.97,74.97,77.95,74.57,63.67
76.46,76.46,80.58,74.28,60.44
74.98,74.98,80.05,73.97,62.53
75.24,75.24,77.66,73.96,63.62
73.35,73.35,77.37,72.51,60.75
73.89,73.89,79.35,65.14,63.19
76.36,76.36,77.39,55.90,61.12
74.03,74.03,76.65,60.62,60.33
72.83,72.83,79.30,67.22,57.67
75.52,75.52,75.74,73.55,58.10
77.88,77.88,76.78,73.44,62.20
76.83,76.83,77.96,73.39,59.57
75.53,75.53,74.63,72.51,56.10
74.78,74.78,75.00,71.49,55.86
77.00,77.00,76.38,71.23,57.18
73.43,73.43,73.93,70.90,54.49
73.08,73.08,73.21,70.19,56.25
72.23,72.23,77.09,68.99,56.98
71.09,71.09,83.96,68.98,58.52
66.83,66.83,80.88,69.75,56.79
72.80,72.80,73.53,66.33,48.36
74.40,74.40,74.42,63.30,51.70
72.53,72.53,71.75,61.72,54.76
75.26,75.26,71.61,59.40,57.42
74.29,74.29,71.32,62.47,57.01
71.82,71.82,67.94,65.62,60.21
72.93,72.93,69.79,66.19,63.10
69.32,69.32,71.02,66.22,68.10
70.76,70.76,66.41,67.48,69.72
72.02,72.02,67.90,65.95,69.32
70.07,70.07,69.54,60.48,72.92
69.96,69.96,65.13,49.10,73.44
68.73,68.73,68.39,50.36,73.16
70.00,70.00,69.88,47.79,72.82
68.03,68.03,62.77,49.52,74.41
61.62,61.62,64.07,55.34,74.58
65.71,65.71,65.75,71.65,77.32
66.84,66.84,61.38,71.69,77.41
62.76,62.76,57.93,74.18,78.61
55.92,55.92,55.48,74.54,78.01
61.51,61.51,47.50,72.86,76.65
62.42,62.42,44.60,73.86,77.58
58.65,58.65,45.85,73.95,78.45
60.40,60.40,52.23,72.25,78.72
60.69,60.69,58.12,73.73,79.04
61.96,61.96,62.58,73.50,80.13
63.66,63.66,58.21,72.52,78.21
63.41,63.41,55.82,73.39,73.82
64.43,64.43,53.95,72.57,79.11
64.41,64.41,51.69,71.73,80.69
63.01,63.01,42.94,72.71,75.11
61.65,61.65,40.63,72.02,75.03
60.69,60.69,40.42,71.36,72.09
60.55,60.55,34.48,72.01,70.22
59.18,59.18,34.01,70.90,66.36
61.16,61.16,44.79,69.88,70.28
65.16,65.16,52.86,70.77,70.15
72.71,72.71,60.45,67.22,69.76
75.12,75.12,68.00,67.28,76.38
74.31,74.31,63.82,65.38,74.33
71.80,71.80,57.46,61.82,77.47
68.60,68.60,51.49,73.93,77.28
64.15,64.15,44.04,72.27,75.57
63.70,63.70,41.95,72.39,76.54
59.26,59.26,37.74,70.83,77.25
59.05,59.05,35.56,70.32,76.98
58.49,58.49,31.98,69.07,75.04
63.19,63.19,39.93,68.85,68.73
62.99,62.99,45.89,67.49,67.11
62.47,62.47,62.02,62.26,66.25
57.19,57.19,66.17,53.42,68.61
52.15,52.15,85.78,55.72,70.26
54.75,54.75,91.62,51.86,67.05
60.89,60.89,88.96,52.87,70.05
71.41,71.41,85.93,54.20,71.29
72.67,72.67,87.35,54.35,71.33
69.31,69.31,85.06,60.21,73.66
71.04,71.04,75.07,64.47,76.93
69.46,69.46,79.36,63.67,78.62
67.77,67.77,82.50,69.44,77.33
68.26,68.26,77.52,70.47,76.45
68.60,68.60,80.60,72.12,73.74
68.88,68.88,78.89,72.07,73.58
68.35,68.35,79.86,73.76,75.15
67.12,67.12,80.77,72.69,76.23
67.27,67.27,77.51,74.14,75.70
66.98,66.98,79.36,73.17,76.86
68.56,68.56,79.41,74.35,73.20
69.08,69.08,75.81,73.68,74.18
70.27,70.27,78.35,72.23,74.51
70.91,70.91,78.01,73.99,74.40
72.71,72.71,74.39,71.56,75.54
71.31,71.31,77.18,73.94,78.32
70.70,70.70,76.75,72.84,79.48
70.45,70.45,73.21,75.18,75.92
70.07,70.07,75.57,73.02,75.53
69.30,69.30,75.68,72.50,78.65
68.36,68.36,73.10,70.14,78.64
67.81,67.81,92.33,63.95,75.20
69.53,69.53,88.61,62.39,77.75
69.10,69.10,89.91,62.02,78.99
71.95,71.95,85.50,56.38,79.62
71.27,71.27,91.96,55.82,81.44
70.50,70.50,90.64,67.58,80.33
71.43,71.43,89.78,70.45,80.46
70.64,70.64,87.36,71.47,82.31
68.25,68.25,85.40,70.11,83.44
68.84,68.84,82.33,72.01,82.63
68.13,68.13,82.83,72.70,82.70
68.55,68.55,82.19,71.69,80.77
69.66,69.66,77.94,72.76,78.05
71.09,71.09,80.09,71.78,78.30
71.55,71.55,80.43,73.22,79.17
69.87,69.87,77.30,71.28,75.61
71.30,71.30,79.23,71.58,78.96
72.17,72.17,79.16,69.34,76.11
68.44,68.44,76.55,75.16,76.25
69.41,69.41,78.83,75.02,81.41
69.39,69.39,78.37,74.52,80.62
69.33,69.33,74.52,72.27,79.83
68.51,68.51,77.00,71.12,76.98
69.09,69.09,76.76,73.29,72.47
71.18,71.18,73.26,67.51,71.58
73.02,73.02,74.85,60.19,71.67
72.85,72.85,75.04,59.65,64.91
69.23,69.23,82.83,66.73,69.15
71.41,71.41,78.95,69.23,66.38
72.55,72.55,76.01,69.76,66.36
70.74,70.74,72.03,70.41,72.90
72.51,72.51,69.74,69.76,75.09
73.04,73.04,73.83,74.48,73.18
73.96,73.96,70.25,73.43,71.51
73.65,73.65,69.59,73.73,68.90
73.93,73.93,72.95,76.03,69.78
74.02,74.02,69.23,74.95,71.23
73.98,73.98,66.87,73.74,68.29
73.75,73.75,70.24,73.45,64.84
74.00,74.00,66.92,74.06,66.04
73.98,73.98,64.79,73.66,65.26
73.38,73.38,67.38,67.98,67.03
73.34,73.34,63.44,66.28,69.48
74.16,74.16,61.95,69.12,70.18
73.87,73.87,65.29,71.01,70.42
73.65,73.65,62.58,72.95,69.74
74.00,74.00,62.12,77.39,70.08
73.79,73.79,64.94,74.84,69.14
73.59,73.59,56.54,73.77,69.23
72.95,72.95,48.70,75.98,71.03
72.55,72.55,47.15,74.09,65.77
72.42,72.42,34.87,75.24,66.37
71.42,71.42,49.62,75.41,70.67
62.50,62.50,50.22,73.43,68.19
60.64,60.64,54.12,72.98,70.81
62.98,62.98,64.54,65.79,69.52
59.37,59.37,58.64,72.28,72.39
61.76,61.76,51.34,72.48,71.14
60.67,60.67,49.89,73.22,65.64
60.84,60.84,42.50,74.04,66.12
61.55,61.55,44.18,75.32,69.62
62.18,62.18,46.00,75.33,68.61
64.27,64.27,47.58,76.95,69.25
61.48,61.48,49.16,77.40,65.35
57.36,57.36,60.47,75.91,66.55
58.77,58.77,66.96,71.87,65.23
57.71,57.71,80.15,72.91,66.33
64.43,64.43,91.99,73.23,65.28
68.53,68.53,81.49,67.50,65.99
71.90,71.90,86.66,66.18,62.51
78.07,78.07,85.11,72.64,64.74
75.48,75.48,89.12,73.91,64.72
73.85,73.85,83.31,71.10,65.22
74.80,74.80,84.85,69.00,62.69
77.31,77.31,77.93,72.60,64.17
76.16,76.16,75.35,70.37,65.33
71.97,71.97,69.91,70.50,65.20
69.57,69.57,67.30,70.97,68.54
66.06,66.06,63.65,69.72,66.22
67.96,67.96,53.13,69.37,65.28
67.38,67.38,50.06,68.45,63.58
69.82,69.82,52.77,68.39,64.13
74.59,74.59,47.81,68.19,68.82
75.72,75.72,54.13,67.99,67.50
73.22,73.22,53.32,69.41,68.35
69.01,69.01,40.75,65.28,70.95
68.61,68.61,42.29,65.01,67.49
69.93,69.93,40.84,64.65,68.96
73.34,73.34,40.43,67.09,66.69
75.70,75.70,36.43,62.06,60.22
70.73,70.73,38.70,65.37,62.96
69.69,69.69,41.42,64.59,59.68
75.88,75.88,35.93,61.25,61.92
72.30,72.30,39.04,60.07,60.35
72.58,72.58,35.46,61.42,62.94
71.87,71.87,36.31,66.43,62.58
69.50,69.50,34.13,64.27,64.37
68.06,68.06,38.12,61.53,67.06
66.93,66.93,43.42,68.58,65.10
62.52,62.52,44.49,71.40,61.90
62.58,62.58,46.10,73.22,61.89
59.65,59.65,39.70,73.90,63.46
58.48,58.48,42.84,74.58,63.58
57.79,57.79,39.61,74.75,62.98
59.44,59.44,39.37,75.25,61.03
61.38,61.38,42.35,75.34,59.48
61.08,61.08,46.97,75.47,55.47
60.44,60.44,47.48,75.19,54.72
69.01,69.01,48.90,75.00,59.08
72.00,72.00,41.54,75.56,60.17
72.82,72.82,45.21,75.61,60.46
72.59,72.59,45.01,75.20,60.59
69.96,69.96,47.11,74.87,64.69
67.16,67.16,40.47,74.68,69.81
68.04,68.04,36.88,75.41,64.97
68.69,68.69,38.65,75.70,66.17
69.39,69.39,36.62,75.39,62.72
71.26,71.26,41.10,74.94,65.33
68.99,68.99,37.52,75.01,65.22
71.43,71.43,36.67,75.17,61.06
72.36,72.36,35.46,73.02,66.19
72.18,72.18,45.19,63.13,64.27
73.19,73.19,49.06,60.60,63.29
71.31,71.31,39.13,72.12,69.36
70.51,70.51,39.25,74.86,65.64
70.51,70.51,47.16,74.87,65.64
71.49,71.49,40.61,73.84,66.64
73.21,73.21,42.78,73.50,61.53
69.23,69.23,36.00,74.90,66.65
67.64,67.64,33.44,75.09,66.36
67.91,67.91,37.25,74.82,61.57
66.87,66.87,28.40,74.42,65.74
66.45,66.45,31.51,72.76,66.30
68.31,68.31,38.65,72.92,63.00
69.39,69.39,43.46,73.86,60.83
70.54,70.54,48.88,73.37,58.13
71.96,71.96,49.87,73.57,60.64
71.32,71.32,46.44,73.72,61.03
68.12,68.12,41.60,73.12,67.12
65.89,65.89,33.05,72.31,68.48
58.33,58.33,32.66,72.48,66.50
51.70,51.70,35.51,71.96,69.03
50.89,50.89,35.12,71.83,65.09
47.64,47.64,35.54,71.52,66.26
49.79,49.79,31.28,71.16,65.33
52.22,52.22,34.03,68.59,63.21
57.40,57.40,37.88,57.38,61.69
66.40,66.40,41.76,48.64,65.38
64.90,64.90,35.70,45.49,63.39
62.02,62.02,31.22,52.57,64.93
57.39,57.39,31.54,64.82,64.18
59.67,59.67,29.31,71.32,65.06
56.79,56.79,31.92,76.40,66.85
51.27,51.27,32.27,75.57,61.96
49.17,49.17,31.55,74.87,68.65
44.92,44.92,28.02,74.71,63.71
46.02,46.02,26.05,74.76,62.50
46.75,46.75,26.80,73.65,64.25
52.76,52.76,27.44,73.54,64.25
56.54,56.54,29.32,73.63,62.02
59.56,59.56,33.43,71.91,63.97
60.81,60.81,38.35,72.56,65.00
57.36,57.36,43.12,73.11,69.11
52.01,52.01,41.97,71.45,67.90
52.10,52.10,36.89,72.13,68.51
45.61,45.61,33.45,73.13,67.95
38.01,38.01,23.55,71.50,67.37
32.06,32.06,27.63,71.93,68.31
33.12,33.12,35.61,72.44,66.50
33.04,33.04,38.46,71.24,68.67
34.93,34.93,36.47,72.02,68.31
39.80,39.80,36.27,72.10,71.44
37.88,37.88,40.60,70.97,75.20
40.08,40.08,53.68,69.78,74.92
40.28,40.28,62.77,61.93,74.52
38.07,38.07,71.76,72.19,74.81
37.79,37.79,67.11,65.84,74.25
37.71,37.71,67.13,75.38,74.80
36.01,36.01,63.27,76.87,74.85
36.35,36.35,59.06,76.67,73.42
37.91,37.91,56.97,75.39,73.24
37.91,37.91,49.46,76.31,73.76
43.75,43.75,46.42,74.50,71.94
46.63,46.63,54.03,74.52,70.90
44.30,44.30,61.28,71.25,69.94
36.62,36.62,71.16,69.85,68.30
30.45,30.45,86.94,69.51,67.58
28.54,28.54,90.84,63.44,67.64
35.80,35.80,90.11,55.97,68.61
41.16,41.16,83.87,57.93,70.65
44.29,44.29,88.13,55.23,73.62
46.49,46.49,83.10,62.52,73.98
48.17,48.17,81.15,61.39,74.36
49.47,49.47,77.51,70.25,72.87
47.96,47.96,82.81,73.51,72.72
48.76,48.76,78.12,71.54,72.76
48.67,48.67,80.91,72.23,70.97
46.40,46.40,78.19,70.46,71.55
45.60,45.60,80.92,72.41,70.70
44.21,44.21,80.53,69.93,71.43
47.13,47.13,77.22,71.42,72.08
45.00,45.00,79.95,71.61,73.53
42.55,42.55,79.00,73.64,73.34
41.90,41.90,75.97,73.60,73.44
43.43,43.43,78.76,73.00,72.77
43.73,43.73,77.57,73.43,74.25
44.50,44.50,74.69,72.66,73.26
43.89,43.89,77.47,73.25,72.96
43.86,43.86,76.37,71.09,73.59
44.14,44.14,73.61,71.04,72.90
43.50,43.50,76.25,66.60,73.83
43.10,43.10,75.25,66.74,71.94
49.37,49.37,73.05,59.94,70.63
58.32,58.32,92.92,57.75,67.57
65.90,65.90,87.71,56.36,70.32
69.61,69.61,93.25,59.80,69.86
72.92,72.92,84.55,56.87,69.31
74.68,74.68,92.59,61.36,70.35
74.28,74.28,86.76,59.70,70.83
73.81,73.81,85.44,57.03,69.74
74.69,74.69,76.13,64.49,69.27
76.46,76.46,75.73,68.86,68.91
74.15,74.15,78.87,67.60,67.79
73.26,73.26,78.03,65.37,67.26
72.65,72.65,75.76,71.48,67.41
72.89,72.89,80.01,71.05,67.03
73.89,73.89,79.28,72.36,66.25
75.70,75.70,76.42,71.74,68.00
76.05,76.05,79.50,73.53,69.02
73.82,73.82,78.25,79.38,68.57
72.22,72.22,76.44,76.15,65.60
72.13,72.13,79.47,76.97,69.04
72.29,72.29,77.37,77.06,64.28
73.44,73.44,75.45,77.84,67.27
72.73,72.73,77.98,78.37,66.95
71.35,71.35,76.27,78.20,65.30
71.96,71.96,74.08,78.30,67.82
71.32,71.32,76.94,77.73,67.39
70.90,70.90,74.96,77.03,67.60
70.48,70.48,73.85,73.76,67.41
72.27,72.27,83.28,72.18,68.72
76.15,76.15,80.12,66.95,66.38
75.60,75.60,74.81,66.37,68.55
75.11,75.11,74.37,70.93,65.49
76.34,76.34,73.05,76.17,68.32
76.59,76.59,70.71,77.14,71.81
75.73,75.73,71.81,77.55,71.18
75.15,75.15,71.84,78.26,67.23
75.35,75.35,67.08,78.07,71.06
74.67,74.67,70.71,77.29,70.24
75.51,75.51,70.89,76.73,67.25
75.54,75.54,64.67,76.72,68.88
75.05,75.05,68.14,76.94,69.23
75.21,75.21,69.00,76.64,69.01
75.32,75.32,64.52,73.82,67.66
75.13,75.13,65.46,59.83,64.82
74.86,74.86,68.92,60.35,64.21
75.17,75.17,63.91,70.78,67.73
74.34,74.34,62.28,73.18,66.05
74.43,74.43,65.93,72.81,64.10
73.45,73.45,61.24,73.69,64.21
72.91,72.91,55.27,73.99,63.99
72.08,72.08,50.91,73.82,59.70
71.40,71.40,50.69,72.59,60.58
70.70,70.70,46.41,72.70,61.53
70.35,70.35,52.52,73.08,64.60
70.18,70.18,54.28,71.97,64.76
70.80,70.80,58.47,66.88,64.33
67.71,67.71,63.60,59.15,62.99
64.62,64.62,56.65,56.93,64.60
61.39,61.39,49.94,70.17,65.08
65.39,65.39,44.32,74.83,64.33
67.51,67.51,45.35,75.43,63.66
70.99,70.99,45.07,75.74,64.41
65.52,65.52,38.01,75.80,63.38
53.86,53.86,43.61,76.04,63.26
49.76,49.76,52.18,76.33,66.00
49.37,49.37,59.57,75.24,64.74
52.07,52.07,66.24,74.43,63.15
55.80,55.80,81.52,75.33,63.64
54.21,54.21,90.26,73.60,60.26
58.89,58.89,83.64,69.14,64.32
70.34,70.34,86.98,69.31,64.63
75.27,75.27,85.03,69.33,63.99
76.67,76.67,89.44,67.25,65.41
76.46,76.46,83.27,70.41,67.30
74.84,74.84,85.18,73.11,64.28
72.71,72.71,77.61,73.14,62.72
77.12,77.12,75.67,72.99,63.13
76.48,76.48,70.00,71.80,65.28
77.32,77.32,69.49,72.01,64.37
72.47,72.47,63.84,72.66,62.02
76.32,76.32,55.67,56.33,62.64
76.24,76.24,62.73,52.69,65.67
75.04,75.04,52.07,54.64,63.49
76.62,76.62,56.19,57.38,62.38
75.39,75.39,53.02,70.85,61.42
74.12,74.12,49.99,76.22,61.35
75.24,75.24,41.38,76.74,63.16
76.36,76.36,45.11,75.90,60.95
75.03,75.03,44.26,75.75,60.95
74.38,74.38,48.88,75.20,62.12
75.67,75.67,44.40,74.88,60.50
76.67,76.67,49.91,74.24,58.96
73.71,73.71,49.76,74.06,58.21
69.29,69.29,47.01,72.96,60.36
65.79,65.79,48.37,73.33,63.02
73.47,73.47,61.21,73.22,65.88
74.49,74.49,57.48,60.70,60.94
81.69,81.69,50.03,67.63,57.62
80.29,80.29,41.49,74.62,60.99
77.83,77.83,41.30,76.36,62.58
77.00,77.00,40.06,76.40,60.30
76.35,76.35,39.79,76.07,64.89
74.39,74.39,39.92,76.56,63.37
75.17,75.17,41.28,76.39,63.39
76.52,76.52,47.10,76.04,59.55
76.15,76.15,62.26,74.36,60.89
76.44,76.44,65.46,76.42,58.79
73.35,73.35,83.45,77.36,62.13
74.04,74.04,90.60,74.04,64.57
76.74,76.74,90.17,67.55,61.60
76.32,76.32,86.14,71.52,61.54
76.93,76.93,87.81,74.69,60.64
74.89,74.89,92.19,75.03,61.74
74.99,74.99,88.68,74.88,61.25
75.37,75.37,90.65,74.90,63.63
75.15,75.15,84.12,74.84,61.91
74.43,74.43,84.94,74.94,62.46
74.34,74.34,83.80,74.93,61.75
73.48,73.48,79.60,74.71,61.69
73.38,73.38,81.05,74.24,57.49
71.98,71.98,80.34,71.24,63.49
71.19,71.19,77.62,63.15,60.33
72.33,72.33,80.24,56.57,62.04
71.90,71.90,78.96,61.58,57.06
72.28,72.28,76.23,72.02,55.18
72.01,72.01,79.03,74.02,57.42
70.84,70.84,77.20,74.22,57.22
74.09,74.09,75.16,73.49,56.95
74.50,74.50,77.64,72.85,52.37
73.68,73.68,76.12,72.41,57.52
72.65,72.65,73.11,71.96,57.11
71.09,71.09,76.05,72.28,54.50
69.87,69.87,75.06,71.69,51.23
66.73,66.73,74.79,70.35,50.30
69.34,69.34,83.44,66.06,53.17
69.30,69.30,79.57,64.72,44.26
65.44,65.44,72.53,60.27,44.55
66.00,66.00,74.87,58.62,49.61
70.34,70.34,73.76,60.43,53.78
70.31,70.31,69.11,62.65,55.98
71.60,71.60,71.42,66.99,60.08
71.33,71.33,71.69,66.85,64.33
73.15,73.15,66.70,67.60,58.90
72.15,72.15,70.86,68.52,69.15
70.32,70.32,70.52,68.44,71.90
69.06,69.06,66.24,66.64,69.75
67.50,67.50,69.24,62.07,68.82
65.80,65.80,69.51,52.72,72.16
67.15,67.15,64.79,47.21,73.50
66.85,66.85,66.44,46.27,74.16
66.98,66.98,68.36,49.27,73.25
72.40,72.40,65.35,57.87,72.39
72.49,72.49,63.28,66.43,73.21
69.33,69.33,66.24,73.17,73.49
71.87,71.87,61.08,74.67,73.10
66.96,66.96,57.28,74.37,72.12
63.25,63.25,51.09,72.87,72.54
56.28,56.28,48.94,74.45,72.23
55.28,55.28,44.06,74.12,71.04
55.52,55.52,48.95,72.88,71.40
60.16,60.16,55.37,74.18,70.59
65.27,65.27,61.17,73.49,73.32
68.22,68.22,53.42,71.99,75.28
73.25,73.25,50.37,72.92,74.26
74.90,74.90,44.34,72.40,72.29
75.27,75.27,40.96,71.65,71.10
74.53,74.53,41.25,72.64,67.22
75.86,75.86,37.51,71.86,64.80
76.03,76.03,35.56,71.03,64.80
73.05,73.05,35.08,71.70,65.55
65.91,65.91,35.59,70.55,67.15
59.67,59.67,38.45,69.75,66.86
59.50,59.50,42.06,70.08,66.88
63.36,63.36,48.53,68.93,69.32
65.90,65.90,67.53,64.92,69.82
73.19,73.19,62.67,63.54,72.10
71.64,71.64,56.31,74.39,70.10
70.91,70.91,49.78,71.14,66.83
70.44,70.44,46.18,70.80,66.07
68.53,68.53,39.17,72.52,65.42
69.46,69.46,35.31,72.70,68.49
70.78,70.78,36.47,73.52,67.82
71.84,71.84,35.21,73.41,68.15
70.19,70.19,37.61,73.43,66.95
70.30,70.30,49.92,73.28,68.79
71.30,71.30,57.65,71.87,64.59
71.01,71.01,68.75,68.96,67.07
67.22,67.22,89.00,65.57,67.62
68.43,68.43,91.86,60.86,64.71
72.31,72.31,89.68,60.93,70.08
71.03,71.03,85.60,64.10,71.84
72.41,72.41,91.84,57.88,75.75
72.40,72.40,90.05,66.35,74.29
73.81,73.81,90.63,70.22,73.78
74.46,74.46,88.31,73.56,73.35
74.56,74.56,85.87,73.47,74.39
72.39,72.39,84.74,76.11,70.49
73.77,73.77,80.63,76.76,74.23
72.77,72.77,81.47,76.36,72.01
71.19,71.19,80.95,73.11,75.26
69.76,69.76,77.34,75.26,74.73
71.49,71.49,79.93,74.53,74.52
73.53,73.53,80.15,71.84,73.93
74.40,74.40,76.26,73.62,74.65
74.45,74.45,78.71,72.16,73.47
74.67,74.67,78.82,74.04,73.65
74.41,74.41,75.14,71.93,74.43
73.74,73.74,77.59,74.89,73.63
73.55,73.55,77.63,73.14,74.21
74.72,74.72,73.92,73.57,75.16
73.66,73.66,76.56,72.19,74.29
73.52,73.52,76.82,71.84,73.62
73.78,73.78,71.98,69.79,75.86
74.35,74.35,77.61,64.20,75.22
73.97,73.97,92.98,64.91,73.45
72.86,72.86,88.08,59.57,74.12
74.32,74.32,91.75,58.95,71.63
75.57,75.57,81.39,56.66,72.89
75.04,75.04,90.75,55.74,73.93
73.58,73.58,92.50,58.72,71.90
76.50,76.50,87.78,61.33,71.89
79.17,79.17,87.81,64.37,73.06
79.66,79.66,84.16,67.33,69.07
81.88,81.88,81.19,67.86,68.92
80.81,80.81,82.97,68.49,68.87
77.93,77.93,81.34,68.35,69.17
69.12,69.12,78.08,63.07,70.00
69.77,69.77,81.00,66.78,71.33
69.59,69.59,80.16,63.19,65.47
69.29,69.29,77.10,68.03,70.88
69.40,69.40,79.70,66.86,72.49
66.38,66.38,79.36,73.87,68.09
73.09,73.09,75.71,71.16,66.45
78.79,78.79,78.56,72.61,72.06
80.44,80.44,77.82,72.09,72.91
76.97,76.97,74.73,72.05,70.02
72.50,72.50,77.56,71.27,68.71
75.56,75.56,76.42,70.21,69.36
72.17,72.17,73.65,63.47,70.19
69.66,69.66,76.37,59.40,68.00
72.13,72.13,75.97,58.33,68.09
73.84,73.84,82.92,65.65,69.34
67.35,67.35,78.25,66.89,68.52
74.88,74.88,75.66,63.94,68.09
76.35,76.35,72.33,63.11,71.70
76.28,76.28,73.76,71.41,70.56
75.41,75.41,72.60,74.05,68.83
74.45,74.45,66.90,75.33,67.77
74.29,74.29,71.76,77.19,67.30
75.04,75.04,73.51,77.11,67.59
75.54,75.54,67.15,76.19,68.62
71.61,71.61,69.33,75.14,66.44
71.67,71.67,71.28,74.07,66.23
72.43,72.43,67.19,75.22,66.39
71.57,71.57,65.05,75.78,65.91
71.25,71.25,66.90,68.94,66.30
74.25,74.25,64.66,57.69,63.72
75.11,75.11,62.99,59.34,69.98
74.57,74.57,66.47,65.67,68.36
71.77,71.77,65.19,75.89,68.94
72.53,72.53,62.44,75.97,68.47
76.06,76.06,64.04,75.37,66.28
75.14,75.14,61.72,74.92,67.69
78.43,78.43,52.74,75.79,66.53
68.97,68.97,47.72,75.34,65.63
68.05,68.05,40.38,75.05,68.16
74.82,74.82,48.43,74.80,67.94
80.24,80.24,49.30,74.20,69.18
77.32,77.32,58.11,72.50,68.90
74.75,74.75,62.86,63.81,70.66
71.87,71.87,56.91,64.21,66.55
70.64,70.64,51.53,70.02,67.44
73.36,73.36,50.51,73.47,67.91
75.98,75.98,52.04,74.53,69.35
76.15,76.15,44.47,74.98,65.22
76.49,76.49,45.57,74.89,64.61
75.52,75.52,44.39,76.00,67.03
73.26,73.26,50.07,76.21,66.13
70.98,70.98,57.38,74.37,63.54
69.11,69.11,66.80,73.40,65.65
66.01,66.01,85.48,74.60,66.30
65.25,65.25,87.08,72.77,70.23
62.86,62.86,84.46,67.47,66.60
60.85,60.85,83.38,64.72,66.05
66.21,66.21,86.56,66.64,67.85
61.55,61.55,88.08,68.75,68.47
63.37,63.37,83.61,67.89,62.76
60.48,60.48,84.82,66.82,63.03
58.73,58.73,76.80,66.45,71.16
60.20,60.20,74.74,68.22,69.20
63.05,63.05,70.08,67.12,65.92
62.74,62.74,70.85,69.43,65.55
60.98,60.98,63.20,68.74,66.86
62.72,62.72,57.00,69.49,66.99
67.99,67.99,63.51,70.20,67.02
75.23,75.23,55.60,70.22,69.04
76.19,76.19,56.74,69.56,67.08
74.17,74.17,53.50,69.79,68.97
73.35,73.35,47.28,74.74,66.94
70.10,70.10,43.93,73.19,67.51
71.30,71.30,40.49,74.57,67.42
72.15,72.15,39.32,74.73,67.79
72.56,72.56,39.72,74.14,67.49
69.15,69.15,44.40,76.54,64.85
72.69,72.69,41.46,74.24,66.63
70.44,70.44,39.67,75.89,67.71
72.33,72.33,47.19,75.96,66.97
69.86,69.86,56.05,74.58,69.09
70.09,70.09,64.21,72.60,74.54
66.44,66.44,58.60,68.13,68.08
64.31,64.31,50.55,58.68,66.45
62.33,62.33,45.22,57.77,67.09
60.76,60.76,45.67,67.20,65.92
61.53,61.53,45.35,72.68,67.41
59.46,59.46,45.54,74.87,63.71
59.86,59.86,46.86,73.46,65.00
58.27,58.27,42.65,75.26,64.07
56.18,56.18,51.62,75.12,65.47
51.21,51.21,62.39,73.23,60.94
51.96,51.96,73.80,66.79,55.42
57.25,57.25,87.98,66.34,55.13
64.80,64.80,91.87,73.73,54.16
67.87,67.87,91.15,76.63,58.78
69.39,69.39,83.96,75.57,59.43
69.27,69.27,89.38,75.37,60.79
71.22,71.22,91.83,75.38,65.31
72.36,72.36,89.05,75.47,66.65
73.09,73.09,88.82,75.39,66.89
73.12,73.12,82.21,75.14,65.48
72.88,72.88,83.34,75.48,66.71
72.67,72.67,83.29,74.89,67.48
72.89,72.89,78.92,75.10,66.92
73.99,73.99,80.74,75.32,66.55
73.74,73.74,80.98,74.53,65.07
75.13,75.13,77.74,71.81,64.86
75.85,75.85,80.46,64.64,61.02
74.80,74.80,79.39,67.20,58.87
75.11,75.11,76.83,71.71,59.39
74.84,74.84,79.21,74.19,60.81
74.55,74.55,77.90,73.93,61.53
74.57,74.57,75.91,72.22,62.54
74.47,74.47,78.23,72.81,59.70
75.06,75.06,77.04,74.79,59.43
75.97,75.97,74.52,75.50,61.71
75.95,75.95,76.74,74.99,57.85
73.60,73.60,76.27,73.52,57.67
67.68,67.68,76.33,73.29,55.98
67.89,67.89,83.19,75.38,56.26
64.32,64.32,79.44,75.53,51.47
63.95,63.95,73.60,73.88,54.51
69.53,69.53,74.79,72.88,52.40
70.14,70.14,74.31,73.15,58.34
70.40,70.40,69.29,73.76,61.73
70.07,70.07,73.62,72.86,63.81
69.60,69.60,71.27,73.15,65.08
69.45,69.45,66.55,73.44,64.25
71.14,71.14,71.59,73.28,65.87
68.96,68.96,71.17,73.34,67.51
70.15,70.15,66.18,72.57,67.01
70.53,70.53,70.40,67.61,69.05
71.86,71.86,71.26,60.25,68.65
74.52,74.52,66.81,59.75,69.96
76.59,76.59,68.02,53.58,69.98
75.60,75.60,68.59,56.97,70.05
73.88,73.88,65.89,64.70,70.26
73.33,73.33,64.58,76.12,68.30
72.82,72.82,63.62,75.13,66.46
69.36,69.36,61.84,73.56,60.26
66.42,66.42,49.28,51.12,50.36
66.25,66.25,29.30,43.66,49.89
65.55,65.55,16.26,44.73,47.67
67.35,67.35,23.63,43.24,48.59
68.81,68.81,25.57,40.29,46.91
68.50,68.50,29.98,39.39,49.24
69.98,69.98,31.16,39.41,49.08
70.11,70.11,28.91,39.32,43.27
69.24,69.24,29.11,43.15,42.36
68.19,68.19,30.42,42.09,40.70
69.93,69.93,30.51,40.78,40.39
69.86,69.86,26.46,35.09,43.10
66.02,66.02,26.72,30.58,39.49
66.56,66.56,28.15,30.34,39.31
65.51,65.51,28.74,36.25,38.03
64.70,64.70,28.19,32.06,40.38
64.40,64.40,27.00,32.03,44.64
63.94,63.94,37.07,38.67,45.59
64.45,64.45,35.99,39.05,49.71
64.78,64.78,43.21,35.26,49.61
65.49,65.49,40.29,30.87,46.46
64.18,64.18,35.88,31.40,44.19
64.52,64.52,32.56,26.05,47.86
63.76,63.76,31.45,22.16,50.24
62.63,62.63,33.03,26.16,51.91
60.62,60.62,34.15,26.15,52.19
58.34,58.34,32.52,25.08,52.54
56.23,56.23,29.13,20.51,50.87
50.96,50.96,34.71,22.99,51.16
49.94,49.94,51.44,32.99,56.44
44.20,44.20,65.48,35.32,61.33
35.95,35.95,74.81,54.21,61.69
37.11,37.11,91.79,62.90,59.99
32.66,32.66,91.12,60.79,57.45
37.92,37.92,90.68,58.64,58.58
39.15,39.15,81.03,69.64,64.92
38.65,38.65,88.73,72.67,73.15
39.79,39.79,89.18,75.07,71.04
41.26,41.26,88.57,76.33,72.31
40.56,40.56,86.54,75.47,72.72
41.87,41.87,86.83,74.02,72.78
43.70,43.70,81.61,75.57,72.10
43.88,43.88,83.21,76.35,72.79
43.37,43.37,82.66,74.23,72.01
44.01,44.01,77.96,75.60,71.87
42.25,42.25,80.58,76.26,71.61
44.09,44.09,80.32,75.44,70.87
43.77,43.77,76.22,74.11,71.98
42.29,42.29,78.78,75.41,70.41
42.97,42.97,78.22,75.39,70.42
41.10,41.10,74.84,73.37,71.11
41.20,41.20,77.44,74.99,68.08
39.91,39.91,76.88,75.18,67.13
39.13,39.13,73.41,73.48,68.62
40.88,40.88,76.20,73.09,65.84
45.85,45.85,75.66,74.38,68.99
51.02,51.02,73.22,71.43,66.37
53.64,53.64,72.31,68.91,65.29
59.55,59.55,80.19,65.99,65.76
62.41,62.41,94.35,66.32,60.84
73.05,73.05,81.73,57.28,63.80
71.62,71.62,90.17,61.68,65.49
69.68,69.68,89.19,68.80,66.98
65.11,65.11,90.90,68.42,68.77
64.64,64.64,91.34,67.85,68.46
63.16,63.16,86.60,70.66,67.83
57.25,57.25,85.98,67.88,68.14
51.50,51.50,81.12,69.70,66.07
46.09,46.09,78.23,71.87,66.22
45.91,45.91,79.93,66.05,67.74
47.18,47.18,79.20,64.21,64.44
48.13,48.13,76.31,59.01,65.64
53.46,53.46,78.49,53.88,63.36
63.29,63.29,79.09,61.33,65.75
73.37,73.37,76.39,70.28,67.73
71.99,71.99,77.36,75.58,68.27
74.89,74.89,78.57,72.39,66.02
72.56,72.56,75.42,73.32,68.94
74.40,74.40,76.98,72.61,65.84
72.65,72.65,77.23,72.08,67.36
66.88,66.88,73.70,74.34,66.56
56.71,56.71,75.64,74.28,66.49
60.74,60.74,76.19,74.89,65.48
73.03,73.03,72.80,75.01,64.97
77.26,77.26,74.07,73.05,65.09
69.99,69.99,77.98,71.71,63.90
65.85,65.85,83.99,72.56,62.69
71.96,71.96,78.44,75.19,61.68
75.56,75.56,75.58,77.30,62.82
74.95,74.95,71.45,74.22,57.11
75.03,75.03,71.18,74.95,57.74
73.73,73.73,72.60,76.82,61.32
72.13,72.13,69.88,76.18,64.94
71.52,71.52,68.42,75.97,60.78
71.90,71.90,69.66,75.75,65.01
72.14,72.14,68.77,75.56,63.63
74.57,74.57,66.55,75.27,63.81
76.94,76.94,66.96,75.68,64.97
78.32,78.32,67.90,75.38,64.97
76.69,76.69,66.01,74.41,62.43
74.25,74.25,62.29,72.23,69.21
70.25,70.25,67.79,74.61,64.77
71.10,71.10,64.48,72.66,63.02
72.59,72.59,62.76,72.44,66.11
72.46,72.46,64.54,71.71,63.24
75.40,75.40,60.24,70.55,65.94
73.79,73.79,50.11,70.64,67.12
71.81,71.81,47.83,70.38,63.01
70.38,70.38,43.67,71.05,62.98
72.04,72.04,44.78,66.07,62.22
71.80,71.80,44.13,59.57,60.23
76.73,76.73,47.16,56.51,67.06
77.69,77.69,49.03,55.60,62.89
73.28,73.28,61.79,61.53,60.50
75.68,75.68,64.71,75.92,63.89
76.63,76.63,59.97,74.35,60.22
72.05,72.05,55.06,75.94,61.82
71.79,71.79,50.22,72.32,65.45
70.21,70.21,46.53,76.13,60.33
68.72,68.72,44.07,74.80,60.96
69.86,69.86,41.59,75.95,62.72
71.38,71.38,38.11,74.62,62.60
68.85,68.85,47.60,75.30,59.88
69.06,69.06,59.11,72.10,65.15
65.31,65.31,67.79,72.86,65.17
67.92,67.92,85.79,71.56,65.47
66.77,66.77,83.61,65.20,67.44
67.96,67.96,86.05,59.36,68.45
67.21,67.21,82.53,57.49,61.80
67.72,67.72,87.14,70.42,63.62
66.27,66.27,85.22,73.59,63.82
65.59,65.59,86.07,71.88,64.67
66.31,66.31,82.66,71.69,63.51
63.99,63.99,78.58,73.09,61.70
59.60,59.60,73.86,73.88,63.92
62.90,62.90,68.73,71.24,61.49
53.71,53.71,69.80,74.17,64.41
55.16,55.16,60.54,74.18,66.30
54.12,54.12,57.36,71.60,64.03
57.01,57.01,58.73,72.27,61.33
65.49,65.49,56.87,73.25,62.63
73.22,73.22,57.82,70.76,65.37
71.87,71.87,52.93,68.50,62.40
71.24,71.24,48.50,71.85,61.70
69.18,69.18,43.77,71.87,62.39
65.25,65.25,37.51,66.08,62.77
58.70,58.70,34.72,71.73,61.16
52.96,52.96,31.07,71.99,64.05
49.36,49.36,28.56,69.44,60.34
49.25,49.25,32.54,69.00,62.84
48.07,48.07,45.10,72.86,58.16
51.23,51.23,54.89,69.94,60.92
56.52,56.52,67.11,69.54,63.71
60.52,60.52,69.33,73.22,62.80
63.18,63.18,64.50,67.81,63.20
66.80,66.80,64.43,68.59,60.87
68.56,68.56,56.71,59.79,58.90
68.78,68.78,56.60,61.05,63.71
69.80,69.80,46.35,54.98,62.00
72.75,72.75,55.04,63.46,58.62
71.39,71.39,49.24,57.95,60.60
64.00,64.00,51.18,54.36,55.59
51.92,51.92,51.28,41.94,59.87
53.54,53.54,62.64,45.08,55.67
65.29,65.29,73.83,50.90,52.99
65.36,65.36,89.46,59.42,56.39
63.37,63.37,88.65,57.41,56.62
61.84,61.84,91.51,62.83,62.59
67.96,67.96,88.74,69.07,61.49
68.72,68.72,91.26,67.33,58.76
74.04,74.04,88.95,66.51,57.04
75.98,75.98,89.63,66.91,60.41
76.38,76.38,86.55,67.09,62.45
75.54,75.54,79.45,66.98,58.88
73.82,73.82,80.02,68.17,58.74
71.06,71.06,80.62,70.68,58.21
67.66,67.66,76.09,69.73,56.42
73.68,73.68,78.47,70.76,56.01
76.51,76.51,79.72,73.72,61.52
75.85,75.85,76.49,77.27,65.94
72.68,72.68,77.92,75.81,66.62
75.02,75.02,78.81,76.05,67.95
75.30,75.30,75.67,76.01,65.94
77.38,77.38,77.54,76.76,66.38
73.41,73.41,77.92,76.46,65.22
72.45,72.45,74.59,76.61,64.40
76.64,76.64,76.40,76.25,65.44
74.10,74.10,76.63,76.05,60.76
73.45,73.45,73.44,75.66,64.46
75.75,75.75,75.04,72.28,60.20
73.45,73.45,74.78,56.74,55.77
68.70,68.70,77.19,57.13,55.47
69.01,69.01,83.18,67.70,59.57
70.25,70.25,79.67,78.57,65.63
73.24,73.24,73.64,78.03,62.00
71.64,71.64,71.00,78.23,64.87
76.84,76.84,73.03,78.87,65.39
73.58,73.58,71.20,78.15,65.35
71.53,71.53,69.63,76.84,60.29
71.03,71.03,69.85,76.15,61.02
71.45,71.45,70.57,76.36,63.71
71.27,71.27,67.30,77.37,63.97
70.28,70.28,69.04,77.29,64.99
71.36,71.36,68.14,77.08,63.95
72.00,72.00,66.15,77.06,64.93
73.15,73.15,69.46,77.08,65.47
71.09,71.09,68.89,77.51,66.42
69.38,69.38,65.38,77.63,66.77
73.68,73.68,65.89,77.17,69.10
73.78,73.78,66.24,76.70,71.27
72.54,72.54,62.27,76.76,72.39
74.50,74.50,59.57,76.65,72.18
73.36,73.36,59.07,76.61,70.82
72.75,72.75,51.00,76.21,70.87
69.01,69.01,50.70,76.23,69.23
69.31,69.31,52.14,76.17,65.29
69.31,69.31,45.06,75.90,60.38
70.97,70.97,50.05,76.01,63.95
68.67,68.67,59.69,75.30,67.16
61.04,61.04,62.56,75.34,63.01
64.60,64.60,57.53,75.66,69.68
66.70,66.70,53.38,75.09,65.69
66.71,66.71,51.45,73.94,68.76
70.27,70.27,46.95,72.54,66.35
68.74,68.74,43.94,70.28,66.81
67.69,67.69,39.58,69.25,66.09
66.49,66.49,36.30,61.83,66.74
73.08,73.08,37.00,52.67,67.62
70.57,70.57,37.33,49.67,66.58
66.67,66.67,40.33,53.99,65.07
67.29,67.29,47.59,59.84,64.91
67.88,67.88,61.29,71.67,65.69
65.14,65.14,68.29,70.51,64.90
65.07,65.07,65.46,75.83,66.84
73.20,73.20,62.39,75.66,66.12
73.56,73.56,60.37,74.39,63.98
74.49,74.49,59.01,74.83,63.45
69.50,69.50,56.81,73.34,61.48
64.95,64.95,52.89,73.08,61.32
63.70,63.70,48.24,73.23,63.79
66.64,66.64,44.89,72.61,63.51
68.68,68.68,43.55,72.47,62.70
66.86,66.86,55.32,71.18,59.91
63.04,63.04,69.64,68.38,57.73
60.22,60.22,73.88,68.52,58.26
59.45,59.45,92.43,65.13,61.67
61.01,61.01,90.04,58.31,58.45
64.07,64.07,92.17,62.83,60.92
74.09,74.09,84.80,70.14,62.69
74.67,74.67,85.57,73.01,73.16
72.67,72.67,84.74,74.79,71.98
74.38,74.38,76.70,76.89,74.05
74.40,74.40,82.23,74.15,71.66
70.63,70.63,79.11,74.28,73.32
69.23,69.23,81.46,74.83,72.46
68.88,68.88,77.32,75.30,72.57
68.58,68.58,80.91,74.20,71.82
74.58,74.58,81.08,75.53,71.23
72.83,72.83,77.57,76.22,70.43
75.41,75.41,80.42,73.34,71.65
76.29,76.29,79.11,75.35,69.88
73.89,73.89,76.50,74.96,69.58
70.45,70.45,79.29,74.73,68.01
71.67,71.67,77.59,73.21,68.87
71.44,71.44,75.20,75.15,67.03
71.77,71.77,77.76,74.35,68.53
71.74,71.74,76.33,72.65,67.75
72.78,72.78,73.80,74.21,66.22
73.17,73.17,76.13,74.29,67.38
73.64,73.64,76.48,71.25,65.94
73.64,73.64,74.07,68.76,66.78
72.23,72.23,81.05,65.90,64.78
69.87,69.87,92.72,65.00,66.49
66.84,66.84,88.39,61.12,66.55
67.49,67.49,90.65,62.87,64.28
68.52,68.52,84.84,66.45,64.65
69.84,69.84,90.57,67.42,63.83
70.11,70.11,91.73,70.97,65.14
70.43,70.43,88.25,71.76,65.55
71.62,71.62,88.44,71.13,64.66
70.89,70.89,81.68,71.81,66.25
71.76,71.76,84.00,73.21,64.35
70.34,70.34,82.96,68.97,63.48
69.43,69.43,78.39,64.14,63.69
69.08,69.08,80.80,57.44,63.27
68.46,68.46,80.42,53.10,64.78
69.04,69.04,76.80,59.03,65.33
67.57,67.57,79.80,69.45,66.28
70.87,70.87,78.81,74.29,68.13
70.86,70.86,75.09,74.10,68.11
70.93,70.93,78.59,72.87,69.05
70.61,70.61,78.08,72.13,63.60
72.68,72.68,74.31,72.81,66.73
72.86,72.86,77.09,74.11,67.08
71.84,71.84,76.52,74.75,65.63
72.92,72.92,73.01,74.99,65.55
71.99,71.99,75.87,74.22,64.70
71.61,71.61,75.43,74.17,64.65
71.71,71.71,76.91,72.94,65.35
72.92,72.92,82.72,72.01,66.35
73.16,73.16,78.92,74.89,66.00
71.81,71.81,73.53,77.57,65.24
70.43,70.43,72.01,73.87,59.87
70.06,70.06,73.19,74.46,62.24
68.58,68.58,70.36,75.92,62.38
70.99,70.99,69.72,75.79,62.61
70.33,70.33,72.55,76.27,61.61
67.97,67.97,69.70,76.03,61.80
69.33,69.33,67.95,75.58,64.23
70.17,70.17,69.99,75.23,61.08
72.69,72.69,67.63,75.51,64.63
71.16,71.16,64.94,75.64,64.23
66.46,66.46,66.18,75.50,59.92
68.22,68.22,64.36,72.38,68.23
67.42,67.42,62.32,74.25,63.38
70.24,70.24,66.23,72.52,63.76
71.56,71.56,65.67,72.22,68.25
73.25,73.25,60.23,72.75,61.76
74.72,74.72,64.93,72.13,64.52
73.67,73.67,62.63,71.54,67.28
72.40,72.40,51.35,70.15,60.28
71.02,71.02,44.38,69.89,61.93
71.38,71.38,44.45,66.00,64.07
69.92,69.92,43.83,59.64,60.43
62.29,62.29,48.80,58.12,63.85
58.75,58.75,50.90,54.79,63.15
65.30,65.30,62.06,62.05,60.23
69.43,69.43,64.38,75.43,65.08
69.00,69.00,59.33,75.87,60.87
67.99,67.99,53.59,74.40,62.40
69.53,69.53,49.45,74.37,64.64
69.97,69.97,48.40,75.06,59.46
68.75,68.75,45.97,73.69,60.19
70.65,70.65,44.97,76.18,63.27
70.33,70.33,40.35,72.34,61.75
69.36,69.36,49.42,75.96,62.20
67.60,67.60,61.29,71.71,63.35
65.82,65.82,67.20,72.87,61.19
65.54,65.54,88.30,72.22,62.39
64.17,64.17,84.07,67.44,61.69
66.71,66.71,85.92,60.90,60.37
68.25,68.25,82.08,57.72,59.12
68.32,68.32,88.06,70.69,62.08
67.82,67.82,84.36,73.51,64.06
68.13,68.13,86.68,71.30,64.59
67.45,67.45,81.24,72.87,62.73
66.07,66.07,79.68,73.02,62.12
67.52,67.52,72.51,72.91,64.41
68.67,68.67,70.10,71.55,59.97
69.84,69.84,69.24,74.00,60.72
69.18,69.18,60.10,73.92,65.31
68.53,68.53,58.10,71.06,61.14
65.56,65.56,58.49,73.56,62.05
66.67,66.67,57.35,73.80,60.54
68.04,68.04,57.33,70.93,63.34
70.25,70.25,51.71,71.69,63.12
70.29,70.29,48.99,72.77,62.28
69.52,69.52,43.86,71.57,62.46
69.52,69.52,40.61,69.34,62.47
70.02,70.02,39.00,72.51,61.10
70.85,70.85,36.87,72.66,60.91
71.23,71.23,36.49,68.00,58.64
70.88,70.88,40.17,71.56,62.00
67.50,67.50,50.05,72.70,60.52
63.01,63.01,56.35,69.41,59.83
56.61,56.61,69.59,70.31,61.76
55.05,55.05,68.51,72.21,59.07
55.14,55.14,64.65,64.75,61.23
52.51,52.51,63.44,72.00,60.77
50.53,50.53,61.15,64.76,58.53
51.79,51.79,59.05,63.49,57.18
54.55,54.55,56.48,63.32,62.38
57.22,57.22,56.60,64.17,60.25
55.91,55.91,54.31,56.88,61.12
51.14,51.14,52.83,53.58,56.48
48.66,48.66,52.32,41.55,56.73
46.16,46.16,63.07,43.01,55.69
43.48,43.48,73.81,46.03,56.16
47.43,47.43,91.75,56.28,61.15
59.19,59.19,90.59,51.93,65.18
68.64,68.64,89.41,63.29,66.03
69.74,69.74,83.34,65.65,60.08
70.58,70.58,93.36,66.96,60.23
71.63,71.63,89.26,69.83,61.15
70.71,70.71,91.57,68.53,60.98
69.57,69.57,86.29,69.44,63.25
67.74,67.74,84.98,70.46,59.45
67.40,67.40,84.06,69.22,63.13
66.41,66.41,80.21,69.58,58.37
65.98,65.98,81.81,69.88,57.55
61.49,61.49,80.36,71.75,60.11
53.98,53.98,77.58,73.18,62.94
54.04,54.04,80.25,77.25,65.80
51.85,51.85,79.22,76.22,64.49
51.79,51.79,76.41,77.20,62.81
50.83,50.83,78.90,75.60,63.63
50.14,50.14,78.24,76.81,61.79
49.40,49.40,75.36,76.57,63.95
48.87,48.87,78.28,77.01,63.22
48.64,48.64,76.74,76.85,62.54
48.73,48.73,73.86,75.61,60.49
51.33,51.33,76.84,75.65,61.82
55.90,55.90,74.92,71.95,59.25
54.53,54.53,71.88,55.68,50.63
63.63,63.63,78.13,57.03,56.41
71.21,71.21,82.28,70.57,55.60
70.66,70.66,77.52,74.62,61.53
72.56,72.56,74.02,74.08,61.32
75.29,75.29,73.38,76.80,64.30
74.19,74.19,70.01,75.69,62.91
73.91,73.91,72.38,76.26,63.50
72.61,72.61,72.53,76.49,61.55
75.35,75.35,67.62,75.94,63.20
75.98,75.98,68.38,75.33,62.50
74.07,74.07,71.12,76.33,61.32
73.90,73.90,67.27,76.38,63.24
76.12,76.12,68.35,76.63,61.70
77.40,77.40,70.42,75.63,67.17
76.85,76.85,67.91,74.87,65.18
75.22,75.22,64.23,74.95,68.14
77.47,77.47,69.22,76.01,65.81
78.43,78.43,66.13,76.65,63.97
78.90,78.90,61.89,76.62,61.39
78.98,78.98,66.88,76.16,61.61
77.90,77.90,61.73,76.20,56.71
78.44,78.44,58.89,76.28,60.52
79.10,79.10,59.22,76.17,60.88
78.58,78.58,49.58,76.22,57.05
76.97,76.97,49.14,75.51,61.10
78.23,78.23,49.26,75.51,59.19
78.15,78.15,54.42,75.40,60.32
78.28,78.28,61.50,75.11,62.59
77.52,77.52,61.58,76.73,58.23
78.12,78.12,56.69,75.87,58.45
76.90,76.90,51.49,72.43,60.09
76.83,76.83,48.83,75.05,54.06
78.27,78.27,44.78,75.47,62.37
76.81,76.81,41.72,75.52,55.03
77.30,77.30,38.97,74.51,58.80
77.10,77.10,37.56,74.18,57.50
76.99,76.99,37.92,75.68,58.90
77.37,77.37,37.72,75.29,61.34
75.25,75.25,46.47,76.87,56.49
77.41,77.41,56.17,69.28,58.39
75.23,75.23,64.88,74.01,60.78
71.90,71.90,67.97,66.28,62.46
71.46,71.46,63.88,69.53,62.42
70.40,70.40,62.31,75.42,66.07
68.35,68.35,59.61,75.00,64.57
64.66,64.66,57.64,73.56,66.44
61.55,61.55,58.09,76.52,66.73
64.68,64.68,60.04,72.59,70.55
67.17,67.17,58.22,75.82,66.52
64.98,64.98,54.27,74.59,64.76
64.12,64.12,51.60,74.61,65.54
61.69,61.69,57.69,74.15,62.20
58.08,58.08,64.10,71.75,65.66
54.15,54.15,70.83,68.56,67.22
52.82,52.82,92.43,64.06,67.62
50.41,50.41,90.17,62.77,68.88
55.04,55.04,92.55,62.10,67.15
63.12,63.12,83.63,70.19,70.08
67.11,67.11,86.57,69.05,72.24
63.50,63.50,84.34,73.59,70.49
67.56,67.56,76.79,74.25,70.03
74.95,74.95,82.33,70.60,70.08
74.90,74.90,79.47,68.72,68.45
75.30,75.30,81.54,72.81,68.91
78.01,78.01,77.41,69.90,67.70
78.53,78.53,81.68,72.93,69.85
75.15,75.15,80.11,72.38,64.25
72.66,72.66,77.86,72.12,69.46
76.48,76.48,80.43,70.04,67.12
80.40,80.40,77.74,73.30,66.04
81.54,81.54,77.77,73.13,67.87
80.66,80.66,79.21,70.04,66.31
79.68,79.68,75.90,71.82,66.62
81.93,81.93,76.93,73.47,66.29
81.06,81.06,77.84,69.79,62.72
81.98,81.98,74.67,71.27,65.49
82.95,82.95,75.45,72.15,66.50
80.65,80.65,76.33,72.96,66.07
76.56,76.56,74.41,71.62,62.44
75.53,75.53,72.59,69.10,62.24
77.54,77.54,80.08,64.18,66.96
76.22,76.22,92.05,65.59,65.59
77.79,77.79,90.77,62.56,69.14
78.17,78.17,88.24,63.63,63.90
77.88,77.88,89.07,59.34,60.31
79.66,79.66,89.22,65.81,64.75
78.31,78.31,86.96,67.61,65.27
75.41,75.41,77.23,66.42,65.75
77.16,77.16,77.50,65.48,62.42
79.04,79.04,77.26,67.91,65.52
79.50,79.50,76.54,60.90,68.18
77.96,77.96,75.89,61.77,66.28
79.96,79.96,79.75,55.76,67.41
80.95,80.95,78.96,55.86,67.78
78.87,78.87,77.33,61.01,68.95
77.64,77.64,80.31,60.71,66.90
78.27,78.27,77.26,71.12,68.57
76.40,76.40,77.84,75.35,67.74
76.68,76.68,79.51,74.88,67.49
78.72,78.72,76.18,75.34,69.10
71.57,71.57,77.47,76.55,68.49
71.12,71.12,78.13,78.21,64.55
70.65,70.65,74.69,78.75,67.01
63.79,63.79,76.20,78.45,66.99
63.60,63.60,76.98,78.52,59.95
67.72,67.72,74.14,78.40,65.25
68.62,68.62,74.49,74.15,64.05
72.41,72.41,78.76,67.93,66.13
67.27,67.27,83.12,70.64,64.64
70.75,70.75,78.37,73.74,63.34
69.37,69.37,74.79,75.52,63.22
70.55,70.55,73.70,74.12,60.14
66.70,66.70,72.36,75.32,57.95
67.91,67.91,73.04,76.98,58.05
69.22,69.22,70.84,76.09,61.72
64.91,64.91,69.30,75.83,62.22
62.31,62.31,69.25,75.78,62.42
64.27,64.27,71.49,75.96,66.35
67.32,67.32,66.95,75.50,63.92
67.96,67.96,67.37,75.59,66.41
69.73,69.73,69.88,75.79,64.65
68.12,68.12,66.98,75.15,65.17
71.76,71.76,65.52,71.86,66.84
75.56,75.56,69.90,73.18,59.06
74.52,74.52,64.80,73.45,63.52
74.98,74.98,63.03,73.02,66.66
73.19,73.19,66.70,73.24,60.53
72.63,72.63,62.39,71.47,63.59
72.24,72.24,61.30,71.15,64.63
74.88,74.88,58.19,72.28,60.62
76.12,76.12,41.95,70.17,62.94
75.55,75.55,45.17,64.65,63.69
74.75,74.75,46.31,57.19,57.13
76.32,76.32,47.79,57.62,64.47
75.71,75.71,50.04,54.23,64.23
70.50,70.50,63.07,65.19,60.50
74.35,74.35,63.65,74.61,62.77
74.88,74.88,58.87,75.65,59.07
71.32,71.32,54.03,73.59,60.24
72.55,72.55,49.12,75.47,63.99
73.04,73.04,46.11,74.84,57.52
72.06,72.06,42.84,75.52,61.00
67.11,67.11,40.90,76.11,62.30
70.95,70.95,35.30,73.57,61.66
69.38,69.38,50.28,76.20,58.92
65.64,65.64,60.46,71.09,62.24
67.99,67.99,67.86,74.12,56.66
68.38,68.38,90.00,71.34,57.01
71.28,71.28,83.21,65.66,57.58
71.61,71.61,85.05,59.82,58.51
71.16,71.16,82.10,57.38,60.14
68.87,68.87,88.07,71.77,63.42
67.03,67.03,84.22,73.28,62.48
63.04,63.04,86.49,72.06,64.38
60.04,60.04,80.67,72.62,61.49
64.51,64.51,79.12,74.00,60.65
57.67,57.67,71.38,72.18,63.30
57.71,57.71,70.99,74.04,62.00
59.88,59.88,67.79,75.15,59.83
60.90,60.90,60.91,73.65,63.29
60.70,60.70,60.44,70.78,62.30
64.90,64.90,58.74,72.97,64.21
75.48,75.48,56.45,73.13,58.73
72.18,72.18,55.64,69.01,62.31
73.60,73.60,49.60,73.44,60.98
68.94,68.94,45.38,72.63,61.93
69.51,69.51,39.71,69.67,60.62
65.40,65.40,36.99,69.60,62.76
59.87,59.87,35.63,71.93,61.60
54.58,54.58,31.63,70.23,62.38
50.94,50.94,30.20,67.95,60.63
50.22,50.22,34.31,72.09,60.66
49.75,49.75,44.58,73.16,59.13
51.68,51.68,54.94,67.78,56.97
61.22,61.22,66.93,69.35,62.80
58.78,58.78,65.58,73.47,60.25
63.61,63.61,63.91,68.68,60.37
69.57,69.57,67.11,70.73,61.10
72.39,72.39,63.65,59.07,60.89
75.08,75.08,58.13,58.25,55.35
69.15,69.15,54.06,52.32,59.43
63.09,63.09,54.48,64.00,55.87
61.31,61.31,50.70,56.23,59.72
65.28,65.28,52.94,55.98,56.35
56.12,56.12,55.92,49.72,55.68
58.08,58.08,66.19,42.48,54.04
63.59,63.59,72.49,52.83,53.24
62.76,62.76,92.90,61.19,51.23
66.47,66.47,90.23,55.30,51.68
69.02,69.02,90.35,64.32,56.03
71.51,71.51,82.79,69.26,52.89
71.68,71.68,93.27,65.73,57.33
70.73,70.73,90.20,66.88,57.25
72.38,72.38,91.27,65.76,60.98
73.79,73.79,86.36,67.90,59.11
75.47,75.47,85.37,69.09,60.64
73.94,73.94,83.45,68.38,57.02
69.25,69.25,80.81,69.44,57.75
64.61,64.61,82.21,68.77,57.93
63.00,63.00,79.37,71.14,57.07
70.50,70.50,78.85,75.48,59.94
75.76,75.76,80.58,77.57,65.55
75.80,75.80,77.63,75.91,62.75
74.67,74.67,78.09,76.50,62.92
74.78,74.78,79.23,75.76,61.92
74.79,74.79,76.64,77.01,62.67
74.59,74.59,77.25,77.25,61.41
73.66,73.66,78.29,76.54,61.26
75.18,75.18,75.15,76.48,60.51
74.08,74.08,75.90,75.72,60.90
69.90,69.90,76.82,75.24,60.18
73.16,73.16,73.85,70.98,60.86
68.49,68.49,74.74,57.48,58.84
68.56,68.56,79.55,58.09,63.34
66.77,66.77,83.19,72.01,62.61
70.16,70.16,78.43,78.80,63.51
71.55,71.55,73.88,77.77,61.10
71.57,71.57,72.33,77.53,61.82
73.95,73.95,70.25,78.67,62.74
73.71,73.71,72.29,77.58,62.26
73.01,73.01,71.18,76.75,62.69
73.42,73.42,68.21,75.81,62.87
74.78,74.78,70.01,76.70,64.88
73.95,73.95,71.46,77.49,62.69
73.12,73.12,66.12,77.60,63.63
71.12,71.12,67.69,76.98,63.69
71.59,71.59,70.69,76.84,64.78
71.46,71.46,66.77,77.05,66.48
71.11,71.11,65.93,77.57,63.51
72.05,72.05,69.81,77.23,64.50
74.88,74.88,63.59,76.94,64.47
72.41,72.41,63.88,76.56,62.63
79.26,79.26,67.23,76.25,62.04
78.78,78.78,60.00,76.65,65.89
75.09,75.09,59.55,76.26,60.76
71.46,71.46,61.97,76.35,64.61
74.54,74.54,50.75,76.25,64.77
75.55,75.55,53.25,75.96,62.86
72.45,72.45,45.22,75.69,64.67
73.85,73.85,47.96,75.86,63.78
75.28,75.28,61.01,75.26,62.17
70.14,70.14,61.93,75.32,70.94
75.57,75.57,57.10,75.53,69.67
72.90,72.90,53.11,74.93,64.69
73.05,73.05,52.03,73.75,68.45
71.96,71.96,44.51,71.98,64.61
69.02,69.02,43.57,70.83,67.96
71.97,71.97,39.48,69.03,64.77
66.06,66.06,33.54,59.52,67.52
68.87,68.87,36.15,49.21,63.75
70.66,70.66,36.41,51.35,66.55
68.01,68.01,38.51,53.15,67.23
65.63,65.63,44.34,61.37,63.87
65.18,65.18,60.28,74.33,65.92
69.18,69.18,68.76,70.87,64.96
67.67,67.67,65.53,75.55,64.34
64.29,64.29,62.52,74.68,63.68
69.05,69.05,60.50,73.16,64.43
71.72,71.72,60.10,73.65,66.43
66.87,66.87,60.60,73.76,61.96
68.20,68.20,61.58,73.59,65.05
65.17,65.17,62.69,74.07,63.01
72.75,72.75,61.98,73.13,63.77
72.15,72.15,60.15,73.70,63.09
70.71,70.71,61.85,71.60,63.01
62.95,62.95,69.95,68.28,56.21
68.25,68.25,75.92,69.76,53.70
62.12,62.12,92.46,66.60,62.06
70.50,70.50,87.78,58.16,66.40
75.74,75.74,91.51,63.50,64.76
74.83,74.83,86.61,71.00,67.81
71.66,71.66,90.12,73.59,71.59
71.04,71.04,93.07,75.14,71.39
70.88,70.88,87.81,76.05,72.49
71.60,71.60,88.77,73.85,72.11
71.50,71.50,85.15,74.24,71.24
72.76,72.76,81.15,75.68,72.54
71.06,71.06,83.42,74.38,73.40
72.39,72.39,81.15,75.44,72.70
73.59,73.59,77.97,75.50,73.48
73.08,73.08,80.94,74.68,73.25
72.78,72.78,79.66,74.61,71.98
72.96,72.96,76.89,75.45,70.93
72.77,72.77,79.36,74.29,71.76
72.96,72.96,78.25,73.23,70.77
71.23,71.23,75.71,75.26,71.50
71.81,71.81,78.30,75.36,70.30
73.17,73.17,77.11,73.24,71.04
65.33,65.33,74.18,74.33,68.97
65.59,65.59,76.87,74.22,66.21
67.78,67.78,76.15,73.28,67.63
65.70,65.70,71.39,70.09,64.89
62.23,62.23,75.86,66.64,64.20
60.98,60.98,84.84,66.50,62.79
59.93,59.93,92.67,66.12,59.08
66.33,66.33,90.69,63.39,63.41
73.27,73.27,86.77,62.05,63.11
70.52,70.52,86.72,62.24,63.56
71.09,71.09,92.96,68.32,65.02
71.94,71.94,89.12,72.32,66.90
70.48,70.48,89.47,71.95,67.00
73.28,73.28,86.66,69.92,67.10
73.32,73.32,81.41,73.51,64.92
67.50,67.50,84.20,72.54,60.95
66.57,66.57,81.51,65.82,63.47
71.36,71.36,79.44,64.50,68.81
70.54,70.54,81.46,53.85,64.31
69.37,69.37,78.88,55.71,63.56
69.36,69.36,78.98,60.38,67.45
74.62,74.62,80.44,71.39,67.81
75.36,75.36,76.79,74.94,69.69
75.38,75.38,77.85,73.32,70.95
74.74,74.74,79.40,72.86,66.95
74.53,74.53,75.93,72.53,63.68
72.70,72.70,77.22,72.83,65.48
73.08,73.08,77.94,73.94,65.30
73.28,73.28,74.48,74.14,66.00
73.27,73.27,75.98,74.46,65.24
72.96,72.96,76.86,74.08,63.65
69.24,69.24,74.59,74.17,64.00
68.08,68.08,79.33,71.96,64.59
67.22,67.22,81.38,73.00,63.69
73.28,73.28,77.49,75.52,63.74
72.08,72.08,73.92,77.23,63.26
70.36,70.36,73.46,72.98,61.22
69.06,69.06,72.87,75.32,59.67
69.04,69.04,71.22,75.96,61.28
68.10,68.10,70.74,75.97,62.13
67.14,67.14,72.49,76.34,63.61
68.47,68.47,69.89,76.06,63.42
66.79,66.79,69.58,75.42,65.95
65.64,65.64,70.30,74.92,62.13
61.64,61.64,66.56,75.62,63.22
58.09,58.09,67.75,76.16,63.33
57.63,57.63,67.37,75.02,63.31
54.50,54.50,64.16,73.06,65.81
51.56,51.56,65.23,74.05,64.49
50.16,50.16,67.75,74.00,64.78
49.03,49.03,62.82,73.02,67.21
54.78,54.78,64.11,72.20,63.46
59.35,59.35,66.58,71.81,65.68
61.55,61.55,62.48,71.86,65.24
60.54,60.54,59.67,71.42,63.54
58.72,58.72,54.68,71.18,66.04
57.44,57.44,48.93,64.05,64.63
54.22,54.22,48.43,58.21,59.95
57.06,57.06,46.71,57.95,64.54
73.95,73.95,47.36,53.43,62.37
77.48,77.48,64.65,66.75,62.35
77.01,77.01,62.27,73.76,64.17
75.89,75.89,58.38,76.50,59.25
72.92,72.92,52.99,73.23,61.90
71.54,71.54,49.27,75.07,64.13
69.43,69.43,48.27,73.76,55.92
67.94,67.94,45.98,75.84,61.47
67.89,67.89,43.84,74.71,62.87
68.78,68.78,43.26,75.20,61.94
68.46,68.46,52.17,74.80,56.93
66.85,66.85,63.33,71.43,62.97
66.00,66.00,70.04,72.49,61.64
66.22,66.22,91.26,70.75,60.36
58.44,58.44,82.38,67.21,62.72
61.20,61.20,86.24,62.50,64.28
61.87,61.87,80.48,55.92,60.95
68.94,68.94,89.45,71.80,63.18
73.71,73.71,85.14,72.39,61.25
76.00,76.00,85.85,71.87,61.95
76.78,76.78,81.14,72.96,61.71
76.29,76.29,78.25,73.37,60.09
76.09,76.09,70.33,71.86,61.92
76.10,76.10,72.00,73.36,60.87
76.08,76.08,66.25,74.48,62.40
76.53,76.53,61.06,71.45,62.88
77.25,77.25,58.73,72.92,61.13
77.93,77.93,56.66,73.13,61.81
76.82,76.82,57.57,72.66,61.32
73.45,73.45,56.11,70.59,60.56
73.28,73.28,52.18,73.15,62.11
73.96,73.96,48.91,72.85,61.90
74.94,74.94,44.52,69.46,62.11
74.94,74.94,40.72,72.58,61.42
74.86,74.86,36.95,72.69,61.37
74.40,74.40,33.17,70.14,60.06
72.58,72.58,32.38,69.83,59.97
68.86,68.86,40.02,72.13,60.30
59.27,59.27,48.80,70.94,59.29
51.22,51.22,57.09,69.07,56.34
52.69,52.69,69.22,73.02,58.13
54.62,54.62,67.86,71.79,57.13
57.49,57.49,64.38,64.28,58.43
53.11,53.11,62.31,69.79,56.97
47.93,47.93,53.91,63.83,57.04
52.81,52.81,51.83,64.61,60.36
55.79,55.79,44.81,63.62,59.47
51.12,51.12,51.87,62.65,56.47
50.90,50.90,45.54,58.07,58.23
55.08,55.08,45.80,52.31,57.61
58.92,58.92,51.76,45.01,53.94
61.54,61.54,66.91,43.86,54.28
58.92,58.92,75.09,53.06,52.69
57.00,57.00,91.58,60.25,56.77
56.45,56.45,89.43,58.42,53.20
57.80,57.80,91.92,65.97,51.72
64.35,64.35,81.64,65.99,54.41
67.60,67.60,92.48,67.53,55.99
67.93,67.93,90.68,67.72,55.34
68.45,68.45,90.47,69.63,58.51
69.43,69.43,85.69,70.76,56.93
66.29,66.29,83.99,71.39,60.54
68.24,68.24,82.36,69.88,58.50
69.56,69.56,80.58,68.92,58.83
70.71,70.71,81.65,68.99,57.38
71.23,71.23,78.94,70.83,57.35
73.56,73.56,79.39,74.61,58.67
72.36,72.36,81.11,77.46,61.36
70.32,70.32,77.63,76.06,61.30
68.95,68.95,78.90,76.60,62.05
67.26,67.26,79.68,76.86,60.63
67.30,67.30,76.68,76.63,59.70
67.67,67.67,78.36,76.80,60.90
65.55,65.55,78.69,76.51,58.15
66.30,66.30,74.99,76.76,60.81
66.46,66.46,77.03,76.30,58.02
65.88,65.88,77.76,75.34,55.71
67.26,67.26,73.84,69.19,55.66
62.28,62.28,75.38,53.58,46.30
62.81,62.81,80.12,58.29,54.34
67.37,67.37,82.45,73.10,60.34
60.53,60.53,77.17,79.99,60.02
70.72,70.72,73.49,77.45,59.07
75.83,75.83,72.38,78.06,58.11
74.34,74.34,71.24,77.94,59.44
73.07,73.07,73.20,76.34,60.82
75.54,75.54,71.02,75.86,54.68
77.84,77.84,69.32,75.44,57.72
78.39,78.39,71.23,76.30,60.62
79.39,79.39,71.63,76.31,57.04
79.41,79.41,67.01,76.79,61.74
79.56,79.56,69.07,76.57,58.89
79.17,79.17,70.80,76.45,60.92
79.01,79.01,67.45,75.37,63.31
79.12,79.12,67.08,75.91,63.96
78.48,78.48,70.13,76.33,63.23
77.19,77.19,63.72,76.33,64.04
75.92,75.92,65.93,76.44,63.42
76.67,76.67,67.46,75.64,65.23
77.23,77.23,60.24,75.38,64.84
75.04,75.04,62.75,75.41,63.72
75.21,75.21,66.56,76.16,63.34
76.40,76.40,58.71,76.58,63.65
75.95,75.95,46.66,76.18,61.30
77.98,77.98,48.33,75.56,60.99
77.44,77.44,53.44,75.25,61.99
77.37,77.37,63.80,74.85,65.90
78.44,78.44,61.06,74.88,68.92
76.29,76.29,58.11,75.95,70.13
73.67,73.67,55.38,74.14,69.10
74.06,74.06,54.41,74.46,67.44
72.92,72.92,49.46,71.47,66.56
70.76,70.76,47.18,70.55,67.94
72.12,72.12,43.42,68.76,65.45
70.12,70.12,42.02,59.53,68.04
70.43,70.43,42.40,49.04,63.73
67.67,67.67,42.78,52.73,68.63
71.05,71.05,47.00,54.65,66.51
66.89,66.89,50.49,63.34,68.27
67.10,67.10,63.99,73.96,66.20
71.03,71.03,68.58,71.76,65.20
70.00,70.00,68.58,74.60,66.95
68.79,68.79,63.19,74.52,65.14
66.87,66.87,62.15,74.42,62.20
67.03,67.03,61.07,75.00,64.26
71.45,71.45,63.91,73.55,63.04
70.42,70.42,66.12,73.27,59.57
69.73,69.73,60.06,73.39,63.13
69.97,69.97,58.81,72.85,61.93
68.32,68.32,58.06,73.32,64.14
64.04,64.04,61.26,71.54,62.47
63.80,63.80,69.70,67.59,58.20
68.40,68.40,79.59,68.83,58.16
62.33,62.33,92.22,67.75,55.83
66.73,66.73,88.00,64.23,56.91
69.10,69.10,91.93,65.84,58.67
69.66,69.66,79.41,72.14,67.43
67.22,67.22,87.61,72.66,72.58
71.19,71.19,91.89,76.08,70.86
70.44,70.44,86.25,75.66,72.33
67.93,67.93,89.07,75.22,72.54
66.05,66.05,82.57,74.59,71.76
67.98,67.98,83.87,75.03,72.90
66.15,66.15,83.27,74.45,72.19
65.74,65.74,79.10,75.47,72.09
62.36,62.36,81.09,75.80,71.30
64.07,64.07,79.66,74.27,71.14
66.05,66.05,77.43,75.82,71.20
66.64,66.64,79.44,75.28,71.80
66.54,66.54,77.92,74.29,69.90
65.71,65.71,75.67,73.67,69.58
67.08,67.08,78.10,75.23,68.62
68.04,68.04,76.61,74.40,68.70
67.45,67.45,74.09,72.65,68.20
68.86,68.86,76.88,74.23,67.23
63.82,63.82,75.52,74.90,67.68
63.79,63.79,72.62,72.62,66.16
62.78,62.78,76.56,70.24,65.93
61.24,61.24,72.13,64.35,65.22
63.44,63.44,85.85,67.18,65.84
76.72,76.72,90.42,64.37,68.14
78.17,78.17,87.58,63.86,66.02
79.95,79.95,88.88,64.64,65.51
76.83,76.83,89.99,64.24,66.61
73.76,73.76,92.62,69.84,65.78
72.12,72.12,88.41,71.89,66.96
67.60,67.60,87.75,71.42,67.79
64.53,64.53,84.71,71.06,66.74
68.02,68.02,78.49,74.57,64.56
62.34,62.34,81.31,71.86,64.74
66.50,66.50,80.16,64.58,62.70
63.22,63.22,75.80,63.13,60.96
61.91,61.91,79.09,59.51,65.44
63.04,63.04,79.24,54.49,66.26
70.02,70.02,75.65,63.07,67.16
74.16,74.16,78.72,68.69,65.05
68.92,68.92,78.20,75.86,66.49
69.50,69.50,75.24,73.38,65.50
73.29,73.29,78.01,71.76,64.07
72.71,72.71,77.40,73.24,64.83
71.07,71.07,73.69,71.09,64.18
67.19,67.19,76.28,73.84,66.04
64.37,64.37,76.38,74.34,64.12
64.30,64.30,72.35,74.12,65.42
73.09,73.09,74.62,74.36,65.14
77.41,77.41,74.75,73.50,64.55
74.27,74.27,78.10,72.02,65.64
69.83,69.83,82.22,72.63,64.37
66.65,66.65,77.25,78.06,63.16
71.66,71.66,73.01,76.70,59.34
71.16,71.16,71.94,71.63,60.41
76.94,76.94,73.98,75.79,55.63
78.28,78.28,69.76,76.65,59.11
78.92,78.92,69.31,76.33,61.80
78.52,78.52,70.96,75.83,62.73
78.13,78.13,67.50,75.86,63.96
77.54,77.54,67.26,75.46,64.36
77.30,77.30,69.00,75.72,62.70
76.72,76.72,66.17,75.62,65.43
75.81,75.81,66.59,75.71,63.69
75.74,75.74,65.31,75.75,65.64
72.45,72.45,65.36,71.17,68.21
68.19,68.19,65.39,72.25,61.37
73.04,73.04,66.17,73.27,64.44
75.45,75.45,62.47,72.52,66.06
73.86,73.86,62.65,71.74,65.60
74.66,74.66,59.96,70.90,64.69
70.26,70.26,46.08,70.31,65.47
70.69,70.69,48.76,71.49,61.67
70.51,70.51,41.16,70.85,67.87
70.08,70.08,44.05,64.37,64.96
71.12,71.12,46.73,56.50,59.01
71.33,71.33,47.22,58.30,60.15
73.45,73.45,51.08,52.95,63.26
75.43,75.43,65.93,69.06,59.56
73.29,73.29,62.67,75.80,63.15
73.21,73.21,57.86,76.55,60.12
73.94,73.94,53.21,73.06,61.39
73.27,73.27,49.00,76.37,63.88
70.88,70.88,47.05,72.76,59.15
66.86,66.86,43.59,76.09,61.26
69.49,69.49,40.49,73.32,63.89
71.82,71.82,40.59,75.49,64.64
67.36,67.36,50.53,73.68,61.25
67.44,67.44,64.68,73.42,62.08
69.53,69.53,72.54,72.25,62.86
70.78,70.78,90.94,69.73,64.53
72.44,72.44,80.92,63.77,63.43
68.64,68.64,88.53,59.74,63.50
69.11,69.11,80.05,62.85,62.64
71.77,71.77,87.68,72.10,63.99
70.53,70.53,86.96,72.54,60.16
65.67,65.67,83.54,72.30,63.69
60.18,60.18,82.69,73.02,62.18
53.60,53.60,76.71,72.47,64.79
54.44,54.44,71.09,72.01,64.32
53.00,53.00,71.57,72.21,63.56
55.75,55.75,64.97,71.88,65.50
55.00,55.00,60.91,70.83,63.96
59.82,59.82,57.86,73.26,65.78
67.10,67.10,57.31,73.35,66.02
77.69,77.69,56.70,70.02,65.41
77.24,77.24,54.83,72.16,62.67
73.44,73.44,50.46,72.76,63.13
70.44,70.44,44.31,70.75,63.73
67.24,67.24,38.32,70.86,61.87
62.27,62.27,36.43,73.04,62.14
59.45,59.45,34.15,73.06,63.85
55.73,55.73,31.97,69.67,61.84
50.29,50.29,30.01,72.17,62.89
49.77,49.77,32.94,72.61,60.18
49.15,49.15,40.01,69.79,62.08
51.94,51.94,50.19,70.74,61.69
59.21,59.21,59.92,72.49,56.24
62.35,62.35,68.38,70.54,57.62
60.15,60.15,69.20,68.93,59.99
68.35,68.35,64.36,69.41,57.87
73.54,73.54,58.39,52.06,59.41
74.60,74.60,56.11,61.62,65.24
76.45,76.45,51.79,58.86,60.88
77.18,77.18,51.18,64.05,59.94
74.41,74.41,46.96,56.14,57.54
64.64,64.64,49.05,50.57,57.68
53.59,53.59,52.88,40.80,55.47
61.05,61.05,67.89,49.62,55.37
69.13,69.13,75.84,54.27,55.67
68.27,68.27,92.43,60.08,53.36
64.35,64.35,88.95,61.61,52.51
66.16,66.16,90.56,68.90,58.81
78.22,78.22,87.18,69.06,57.53
78.77,78.77,91.37,68.66,62.48
79.90,79.90,90.76,67.43,58.45
79.12,79.12,88.05,68.01,58.41
77.84,77.84,84.07,72.49,58.60
77.10,77.10,81.16,73.46,61.61
76.82,76.82,80.04,73.06,56.50
76.94,76.94,76.84,72.65,57.15
77.52,77.52,78.52,71.01,57.85
78.13,78.13,79.55,71.49,56.32
77.99,77.99,76.18,75.60,63.89
78.26,78.26,78.81,76.65,65.28
73.03,73.03,78.47,76.21,65.65
74.08,74.08,75.32,76.33,63.88
71.43,71.43,78.41,76.01,63.10
76.28,76.28,77.75,76.97,65.91
73.69,73.69,74.41,76.69,65.31
74.17,74.17,77.07,77.33,62.41
74.88,74.88,76.54,76.25,62.31
73.77,73.77,73.28,75.79,56.49
71.27,71.27,75.56,75.43,62.24
68.43,68.43,74.99,67.23,55.58
66.33,66.33,73.30,55.61,57.15
67.32,67.32,82.15,59.71,54.47
67.85,67.85,82.12,74.03,58.13
71.22,71.22,76.21,78.69,60.64
73.82,73.82,72.23,77.99,61.94
71.43,71.43,72.38,78.39,61.02
75.56,75.56,70.06,78.70,58.92
74.12,74.12,70.32,77.86,58.55
73.08,73.08,71.95,76.16,58.68
73.92,73.92,68.98,75.51,59.54
70.47,70.47,68.34,76.39,59.18
70.64,70.64,69.72,76.85,58.44
68.48,68.48,67.84,77.36,61.54
68.50,68.50,66.30,77.02,62.04
67.52,67.52,68.61,76.68,63.32
69.53,69.53,68.10,76.85,64.80
69.39,69.39,66.85,76.69,63.80
68.34,68.34,66.77,77.76,63.05
69.96,69.96,65.03,77.10,66.69
72.45,72.45,63.51,77.06,70.67
73.88,73.88,62.85,76.67,70.36
73.20,73.20,55.05,76.26,70.56
75.05,75.05,48.79,76.34,69.56
71.56,71.56,49.59,76.06,68.10
69.05,69.05,49.28,75.60,65.85
68.03,68.03,48.15,75.42,62.77
63.01,63.01,44.55,75.68,60.18
66.00,66.00,50.47,75.94,56.71
66.44,66.44,64.59,75.68,65.12
69.95,69.95,61.17,75.79,66.29
67.44,67.44,56.97,75.68,67.51
68.48,68.48,53.10,75.39,68.30
69.93,69.93,50.34,73.47,66.22
66.91,66.91,46.86,71.40,65.44
68.24,68.24,44.79,70.96,67.26
68.57,68.57,44.06,68.06,65.49
65.11,65.11,42.72,59.57,68.35
69.11,69.11,43.46,46.86,67.21
69.09,69.09,43.50,54.24,68.14
66.53,66.53,49.63,56.84,60.62
68.60,68.60,54.95,63.84,64.60
63.18,63.18,67.01,72.47,61.36
65.59,65.59,68.49,72.75,65.96
69.41,69.41,65.37,76.13,65.26
66.68,66.68,62.00,75.39,61.47
66.33,66.33,60.88,75.31,62.99
70.61,70.61,60.35,74.65,62.95
61.64,61.64,58.69,73.63,60.02
59.71,59.71,58.78,73.67,61.85
58.95,58.95,58.33,73.51,63.21
61.67,61.67,56.32,72.71,60.96
58.11,58.11,55.47,73.10,61.63
64.18,64.18,60.60,71.12,60.27
58.22,58.22,71.01,69.08,54.72
51.51,51.51,80.33,67.79,57.26
63.63,63.63,92.39,62.43,59.68
64.70,64.70,89.15,63.83,59.27
74.05,74.05,90.02,68.74,64.18
77.71,77.71,83.87,72.53,67.67
76.48,76.48,85.22,73.90,72.61
79.13,79.13,82.20,75.98,73.27
77.77,77.77,80.94,75.23,72.58
75.57,75.57,80.22,74.88,72.83
74.34,74.34,81.92,74.83,73.13
75.09,75.09,77.78,74.18,72.75
76.95,76.95,80.81,76.03,72.54
75.34,75.34,81.09,75.10,71.75
77.57,77.57,77.67,75.10,70.94
76.14,76.14,80.64,74.14,70.99
75.80,75.80,78.38,75.86,68.23
78.62,78.62,77.54,75.28,69.38
78.90,78.90,79.63,73.31,67.56
75.83,75.83,76.62,75.31,68.28
75.30,75.30,76.90,75.20,67.98
74.53,74.53,78.02,73.80,68.17
75.59,75.59,75.08,73.16,68.94
75.87,75.87,75.60,74.27,66.02
75.15,75.15,76.65,73.68,67.59
74.02,74.02,73.88,71.37,66.20
72.27,72.27,72.85,71.32,66.41
68.70,68.70,73.56,63.89,66.10
69.26,69.26,86.08,68.18,65.32
65.22,65.22,91.72,59.44,65.59
61.30,61.30,88.05,60.18,67.28
67.64,67.64,86.28,66.74,66.09
65.22,65.22,89.24,68.09,66.57
70.25,70.25,91.32,70.68,62.90
72.46,72.46,89.45,71.57,63.94
71.68,71.68,89.87,70.22,64.95
62.81,62.81,84.55,71.85,66.59
60.08,60.08,84.61,74.58,65.86
61.17,61.17,83.73,70.66,65.56
57.65,57.65,79.97,66.96,64.85
53.92,53.92,81.59,59.65,61.44
57.80,57.80,79.99,57.36,64.51
59.69,59.69,77.87,56.87,63.59
54.98,54.98,80.33,61.07,66.10
63.58,63.58,78.33,73.62,67.31
68.31,68.31,76.28,71.91,67.59
75.96,75.96,78.84,74.09,67.47
76.27,76.27,77.26,73.49,66.39
75.04,75.04,75.55,73.26,68.52
75.81,75.81,77.75,72.91,67.70
75.74,75.74,75.93,74.62,67.74
75.37,75.37,74.14,74.28,68.31
75.25,75.25,76.57,74.07,67.74
75.66,75.66,74.94,73.88,65.29
75.32,75.32,73.05,73.91,65.83
76.14,76.14,81.28,71.81,65.95
76.09,76.09,80.42,72.82,65.76
76.07,76.07,75.71,77.69,63.95
77.51,77.51,74.21,74.86,61.49
77.87,77.87,72.39,73.23,62.43
76.68,76.68,70.74,75.48,62.85
75.33,75.33,72.58,75.89,61.34
74.12,74.12,69.95,76.37,63.42
71.25,71.25,69.84,76.27,65.21
70.81,70.81,70.60,75.86,65.32
66.86,66.86,69.23,75.19,63.97
63.95,63.95,66.76,75.20,62.50
66.82,66.82,67.99,75.48,66.46
65.94,65.94,66.86,75.81,63.31
66.72,66.72,65.06,75.39,65.98
63.64,63.64,62.77,73.56,66.09
59.30,59.30,66.53,72.88,58.83
58.33,58.33,65.10,73.92,62.49
60.99,60.99,62.42,72.66,61.86
65.72,65.72,64.39,71.58,60.63
67.94,67.94,64.32,71.80,63.44
67.61,67.61,57.95,70.68,66.52
66.18,66.18,49.44,70.89,62.80
55.72,55.72,43.38,69.58,66.52
61.57,61.57,41.30,62.51,62.38
57.54,57.54,46.19,52.51,60.16
54.63,54.63,45.95,58.09,64.52
56.12,56.12,50.70,53.75,63.91
63.79,63.79,67.11,69.67,61.38
72.77,72.77,62.60,76.76,64.89
74.25,74.25,58.08,73.90,59.21
73.22,73.22,53.05,74.48,62.40
72.40,72.40,48.42,74.77,64.00
71.17,71.17,45.85,73.91,59.21
72.73,72.73,44.17,76.48,63.50
72.99,72.99,41.32,73.19,63.56
73.63,73.63,42.95,76.31,61.92
71.25,71.25,52.34,72.45,60.07
70.12,70.12,64.23,73.46,61.05
69.15,69.15,72.36,71.57,59.38
70.64,70.64,91.59,69.74,59.21
71.19,71.19,79.31,64.79,64.99
73.66,73.66,89.52,60.34,61.64
71.65,71.65,81.05,61.38,62.82
73.57,73.57,86.49,73.03,62.52
72.63,72.63,88.19,71.91,62.20
72.70,72.70,82.86,72.79,63.61
72.56,72.56,83.29,73.74,62.70
70.85,70.85,74.26,71.28,62.74
70.60,70.60,72.44,73.86,63.14
70.69,70.69,71.14,73.38,60.43
69.52,69.52,65.23,72.25,65.12
67.43,67.43,60.61,71.61,61.32
64.42,64.42,57.80,73.21,60.29
66.42,66.42,57.16,72.35,63.28
71.19,71.19,58.30,70.30,61.04
73.66,73.66,55.92,72.89,63.36
73.50,73.50,51.07,73.74,62.22
72.57,72.57,46.60,69.61,61.32
73.98,73.98,42.09,71.95,64.80
72.55,72.55,41.54,72.18,61.33
72.18,72.18,40.85,71.00,61.32
71.65,71.65,42.89,69.12,59.59
71.59,71.59,41.80,71.96,58.88
72.03,72.03,41.67,71.26,59.28
70.58,70.58,43.28,68.34,59.94
60.66,60.66,51.28,72.56,60.63
57.18,57.18,62.98,71.67,59.73
60.32,60.32,67.96,68.81,61.67
64.33,64.33,68.93,71.54,61.52
71.05,71.05,62.58,67.18,60.44
77.17,77.17,56.85,63.94,58.42
79.98,79.98,52.97,63.19,60.61
80.51,80.51,47.61,61.56,59.47
79.59,79.59,53.92,62.05,60.95
78.70,78.70,49.39,55.17,59.59
78.94,78.94,47.96,50.03,56.17
78.81,78.81,51.81,43.12,56.40
78.40,78.40,68.50,46.56,56.38
75.16,75.16,79.95,48.02,55.89
75.74,75.74,92.93,55.26,60.31
75.89,75.89,87.96,56.43,59.28
72.09,72.09,91.82,70.10,54.74
72.59,72.59,83.33,70.28,56.01
69.89,69.89,90.23,65.74,57.51
72.00,72.00,92.44,69.19,59.23
72.57,72.57,87.91,70.61,58.67
72.37,72.37,88.80,71.01,59.18
70.62,70.62,83.44,71.27,61.43
70.75,70.75,81.89,70.40,62.49
70.20,70.20,83.41,70.97,58.26
69.19,69.19,79.18,70.86,58.54
67.39,67.39,79.58,71.74,56.90
61.50,61.50,80.92,77.22,58.31
59.53,59.53,77.81,76.84,59.17
55.75,55.75,78.75,76.28,60.48
54.59,54.59,79.49,76.61,58.90
54.60,54.60,76.29,76.29,62.03
54.22,54.22,77.61,77.71,58.22
54.20,54.20,78.64,76.63,60.60
53.48,53.48,75.08,76.77,58.08
53.80,53.80,76.15,76.28,59.61
53.83,53.83,77.16,75.85,60.69
56.51,56.51,74.22,76.08,57.49
58.18,58.18,74.57,65.65,56.18
52.41,52.41,75.53,50.68,46.64
68.70,68.70,78.24,61.07,52.36
75.34,75.34,80.82,74.19,56.40
74.62,74.62,76.47,71.90,56.24
76.04,76.04,72.75,77.43,59.31
73.97,73.97,72.03,76.62,58.51
72.14,72.14,72.60,75.69,57.94
73.72,73.72,71.71,76.08,61.66
72.85,72.85,69.61,76.33,58.11
73.61,73.61,69.57,75.88,60.36
72.75,72.75,69.79,75.91,56.20
71.71,71.71,67.63,76.74,57.57
72.21,72.21,69.51,76.78,60.94
73.65,73.65,69.35,77.41,63.47
74.58,74.58,67.36,76.62,64.12
76.05,76.05,67.46,75.53,66.98
77.10,77.10,68.49,75.94,65.85
77.87,77.87,65.95,76.44,63.90
78.33,78.33,64.87,77.22,65.28
78.05,78.05,66.12,76.68,63.32
78.58,78.58,62.95,76.24,63.55
77.31,77.31,59.44,76.22,63.05
77.35,77.35,62.89,76.28,63.10
78.23,78.23,54.76,76.12,63.01
77.20,77.20,48.35,76.10,64.05
78.46,78.46,47.88,75.41,63.49
78.00,78.00,47.71,75.62,62.90
78.00,78.00,51.79,75.10,60.33
78.62,78.62,63.96,76.02,61.39
78.33,78.33,61.40,75.57,64.64
77.79,77.79,57.27,76.62,61.29
78.07,78.07,51.83,71.69,61.26
75.07,75.07,47.81,75.06,58.59
76.98,76.98,43.59,75.65,58.35
76.38,76.38,41.15,75.41,61.12
76.76,76.76,43.70,73.98,65.49
75.38,75.38,38.03,75.32,66.53
74.40,74.40,36.63,75.13,68.41
76.08,76.08,39.20,76.67,68.02
74.56,74.56,46.93,75.15,68.55
74.10,74.10,53.72,69.87,62.91
73.26,73.26,66.69,73.73,62.57
72.34,72.34,65.90,65.21,67.72
70.70,70.70,62.50,72.33,65.96
70.97,70.97,60.58,75.61,64.05
71.24,71.24,58.05,73.77,62.16
69.77,69.77,58.60,75.72,63.39
70.84,70.84,60.18,73.49,61.07
70.26,70.26,69.37,75.22,57.15
70.44,70.44,62.20,73.01,62.10
71.74,71.74,55.16,74.74,63.86
71.86,71.86,53.52,74.51,62.78
71.24,71.24,59.10,73.16,64.50
69.33,69.33,66.20,69.32,65.79
64.05,64.05,81.12,66.73,62.07
62.52,62.52,92.68,62.95,62.66
68.70,68.70,89.96,62.92,65.65
67.50,67.50,88.96,64.65,64.75
71.34,71.34,85.81,70.98,66.76
71.34,71.34,84.69,71.58,68.41
65.82,65.82,80.51,73.68,68.13
73.76,73.76,82.09,70.38,69.34
79.26,79.26,80.35,72.84,66.79
76.26,76.26,81.84,68.75,69.15
76.94,76.94,77.71,69.51,67.14
80.35,80.35,81.58,72.69,69.26
76.95,76.95,79.13,74.30,66.81
73.89,73.89,79.79,69.46,67.21
73.57,73.57,80.68,72.23,67.57
79.15,79.15,77.10,71.30,65.35
81.67,81.67,79.25,70.84,66.60
82.42,82.42,79.43,71.24,66.44
79.92,79.92,75.63,73.18,66.43
80.48,80.48,78.16,71.21,64.19
83.22,83.22,77.95,68.86,63.99
81.67,81.67,74.20,72.70,64.13
82.47,82.47,76.60,74.16,64.27
82.43,82.43,76.51,69.31,64.34
80.52,80.52,73.62,73.97,63.12
75.14,75.14,74.82,71.54,62.47
76.15,76.15,72.15,63.93,62.33
78.51,78.51,88.27,65.46,65.11
78.11,78.11,91.35,64.60,66.96
79.01,79.01,91.55,62.28,64.42
78.86,78.86,84.64,62.53,63.60
78.22,78.22,91.97,66.75,62.69
80.40,80.40,88.77,67.33,64.49
79.40,79.40,83.79,59.72,63.34
76.61,76.61,79.88,64.26,61.25
78.01,78.01,73.90,66.95,60.16
78.79,78.79,76.55,63.43,63.61
80.69,80.69,77.34,61.34,64.97
79.52,79.52,78.73,62.64,67.28
80.61,80.61,77.41,54.32,66.25
81.35,81.35,79.51,59.48,68.32
79.05,79.05,79.62,61.63,65.02
80.20,80.20,76.52,64.78,65.51
80.53,80.53,79.02,74.86,65.78
78.94,78.94,79.43,72.99,65.57
80.91,80.91,75.87,73.01,66.95
80.32,80.32,78.48,71.44,66.24
76.89,76.89,78.25,70.79,64.45
79.47,79.47,74.31,71.12,60.80
79.84,79.84,76.91,71.47,61.19
77.07,77.07,77.00,72.08,62.13
78.22,78.22,73.53,72.82,65.04
76.99,76.99,76.18,71.43,61.18
76.12,76.12,75.12,69.31,60.00
76.44,76.44,81.86,67.08,61.53
69.34,69.34,81.64,70.72,61.34
71.41,71.41,78.12,74.64,58.97
74.74,74.74,72.71,75.30,58.03
74.98,74.98,73.66,74.10,59.47
74.78,74.78,74.00,75.68,59.69
75.53,75.53,70.29,76.36,59.82
77.99,77.99,70.67,76.14,60.71
77.87,77.87,71.08,75.56,62.75
75.01,75.01,68.82,75.83,64.57
70.10,70.10,68.91,75.29,64.09
68.96,68.96,69.17,75.64,64.26
68.96,68.96,67.54,75.18,62.94
65.36,65.36,67.62,75.52,63.54
60.83,60.83,66.85,74.48,64.47
65.76,65.76,68.37,72.57,67.54
70.14,70.14,66.52,72.77,61.63
73.53,73.53,66.17,74.14,63.71
70.11,70.11,63.89,72.80,62.26
73.64,73.64,63.44,70.81,62.82
72.44,72.44,63.74,71.54,63.51
72.69,72.69,61.04,71.46,63.39
73.02,73.02,52.01,70.13,61.55
72.48,72.48,41.94,69.28,65.32
69.81,69.81,44.27,62.68,60.84
69.94,69.94,49.11,54.17,59.05
71.08,71.08,52.22,59.16,65.11
72.51,72.51,59.10,55.07,63.94
71.54,71.54,66.36,70.89,61.98
74.52,74.52,62.41,76.60,62.99
74.22,74.22,58.23,73.79,60.70
74.12,74.12,52.77,75.39,62.38
69.04,69.04,48.34,73.21,61.86
71.30,71.30,45.54,76.09,59.72
74.86,74.86,42.16,75.59,62.96
70.58,70.58,38.60,74.54,63.06
68.03,68.03,40.25,76.31,61.11
70.25,70.25,53.31,72.58,62.38
67.34,67.34,66.78,74.04,60.67
67.23,67.23,73.62,70.91,58.30
66.71,66.71,92.07,70.21,58.86
67.55,67.55,77.75,62.43,58.49
68.04,68.04,88.89,61.21,59.65
68.73,68.73,82.18,60.10,59.12
70.14,70.14,85.79,71.61,63.88
67.25,67.25,88.07,72.82,60.71
66.64,66.64,82.52,72.78,63.43
67.83,67.83,82.98,73.17,61.23
60.53,60.53,73.27,71.80,62.07
68.64,68.64,72.84,74.52,64.21
63.94,63.94,69.60,74.05,60.28
64.52,64.52,66.35,69.96,68.21
62.78,62.78,60.51,71.65,59.39
66.32,66.32,58.30,72.52,61.61
71.16,71.16,62.29,69.85,67.19
73.48,73.48,61.59,68.45,62.63
70.85,70.85,57.27,71.01,62.27
71.21,71.21,52.13,71.13,64.34
69.23,69.23,44.66,68.13,59.19
67.17,67.17,39.10,72.19,59.89
64.45,64.45,35.27,72.60,62.32
55.74,55.74,34.12,68.96,62.23
52.27,52.27,30.89,70.95,63.45
49.91,49.91,30.93,71.88,62.50
51.93,51.93,38.02,70.21,61.95
49.91,49.91,50.42,70.12,58.28
50.53,50.53,57.21,72.03,56.87
62.09,62.09,70.78,72.09,60.45
64.25,64.25,69.10,69.74,64.31
63.21,63.21,65.74,69.62,58.01
63.57,63.57,62.22,67.31,53.88
69.82,69.82,57.85,57.55,58.05
72.38,72.38,53.63,56.15,62.83
72.83,72.83,48.93,56.80,59.45
69.04,69.04,52.39,61.85,58.49
69.76,69.76,48.48,56.35,55.80
66.72,66.72,52.45,50.84,56.27
58.27,58.27,57.61,40.29,54.18
52.93,52.93,68.39,46.85,53.49
57.27,57.27,80.80,55.88,52.28
55.71,55.71,92.59,56.08,50.13
59.42,59.42,87.52,59.99,52.75
66.62,66.62,91.60,66.36,53.69
72.53,72.53,84.88,65.11,52.90
72.40,72.40,90.85,65.08,58.28
74.59,74.59,92.00,66.21,56.88
70.31,70.31,88.46,66.92,54.98
67.17,67.17,88.23,68.16,58.71
65.87,65.87,80.77,68.42,55.88
70.22,70.22,83.39,69.88,57.59
75.15,75.15,82.87,71.05,55.22
79.14,79.14,77.74,70.67,56.34
80.10,80.10,80.65,69.70,59.30
78.48,78.48,80.69,77.47,71.46
76.36,76.36,76.64,77.25,67.58
73.96,73.96,79.72,75.55,64.57
72.37,72.37,79.03,76.75,62.24
74.93,74.93,75.55,76.33,61.89
76.41,76.41,78.46,76.88,61.47
76.43,76.43,78.17,76.89,61.11
76.95,76.95,74.46,76.69,60.51
77.12,77.12,77.14,76.48,58.86
76.18,76.18,76.82,75.30,58.48
73.12,73.12,73.30,74.89,55.64
69.96,69.96,75.28,63.63,57.30
70.12,70.12,75.06,55.33,48.25
68.61,68.61,80.58,61.28,53.91
68.60,68.60,81.51,75.40,54.05
73.06,73.06,76.81,78.42,59.39
74.36,74.36,72.30,77.81,59.47
73.78,73.78,72.13,78.68,59.21
71.00,71.00,71.90,78.60,60.39
72.78,72.78,69.84,77.18,59.91
74.04,74.04,70.29,76.26,61.82
74.05,74.05,69.87,76.27,61.73
74.62,74.62,70.25,77.00,62.31
74.00,74.00,67.84,77.64,62.87
73.56,73.56,68.46,77.71,63.92
73.42,73.42,67.26,77.21,62.42
72.49,72.49,67.12,76.82,62.69
75.70,75.70,66.92,77.36,63.32
76.74,76.74,68.41,77.77,65.56
75.02,75.02,65.21,77.48,58.90
74.60,74.60,65.53,76.82,62.90
76.96,76.96,65.95,76.53,65.18
76.59,76.59,62.66,76.29,61.51
78.04,78.04,60.63,76.33,66.17
77.89,77.89,58.85,76.50,60.98
75.70,75.70,52.56,76.36,61.92
74.26,74.26,54.11,76.19,62.90
76.26,76.26,51.51,75.72,62.18
74.33,74.33,52.83,75.66,60.47
74.17,74.17,57.35,75.72,63.05
76.17,76.17,63.48,75.45,69.37
73.11,73.11,59.39,75.68,67.17
74.58,74.58,55.45,75.13,64.11
77.55,77.55,50.92,74.70,65.95
76.24,76.24,49.14,73.09,66.80
77.60,77.60,44.93,70.46,63.56
76.02,76.02,41.16,71.09,65.07
78.00,78.00,39.42,66.30,66.26
76.72,76.72,36.24,57.55,65.44
76.90,76.90,40.62,45.49,63.60
77.77,77.77,47.79,54.96,64.07
70.56,70.56,56.47,55.85,61.38
69.23,69.23,62.16,67.07,62.31
72.21,72.21,69.07,70.90,61.98
74.52,74.52,67.36,72.05,60.07
76.42,76.42,64.03,76.39,61.90
77.72,77.72,61.09,75.24,61.82
78.66,78.66,59.46,75.03,60.82
76.18,76.18,57.72,75.10,58.94
70.87,70.87,54.91,73.83,58.45
72.09,72.09,56.69,74.32,59.63
73.42,73.42,54.60,73.39,58.87
71.83,71.83,53.28,72.70,59.68
72.74,72.74,54.65,72.49,58.62
78.11,78.11,61.91,69.80,55.18
76.76,76.76,70.77,68.01,55.97
76.59,76.59,83.89,68.53,58.05
74.43,74.43,91.49,64.55,55.10
73.91,73.91,89.41,58.64,57.82
70.52,70.52,89.94,68.78,61.66
72.67,72.67,84.27,72.37,70.55
77.28,77.28,92.44,74.95,71.97
75.64,75.64,88.92,75.09,71.83
76.73,76.73,90.39,75.82,72.15
77.05,77.05,86.94,73.46,72.94
73.32,73.32,82.78,74.33,72.20
74.31,74.31,84.42,74.69,71.09
74.61,74.61,80.52,76.15,71.59
73.14,73.14,80.25,74.93,70.11
75.52,75.52,81.20,74.73,70.09
73.68,73.68,78.16,75.85,68.51
76.37,76.37,78.88,76.13,68.69
77.41,77.41,79.82,72.94,69.85
74.48,74.48,76.33,74.60,68.82
76.45,76.45,77.99,74.57,69.57
74.12,74.12,78.69,74.01,68.58
76.06,76.06,75.25,72.07,69.46
75.53,75.53,76.78,74.79,69.75
72.67,72.67,77.40,74.30,68.62
73.43,73.43,73.98,71.72,67.55
73.59,73.59,75.23,72.56,68.08
74.92,74.92,74.15,70.61,67.18
73.12,73.12,75.07,66.29,66.18
68.59,68.59,90.32,69.58,66.50
67.06,67.06,92.60,63.02,64.14
69.32,69.32,90.36,59.56,63.22
71.65,71.65,83.80,63.88,63.41
70.66,70.66,91.32,68.08,62.46
73.41,73.41,89.29,69.49,65.27
72.88,72.88,91.31,69.44,64.15
73.89,73.89,87.24,68.97,63.21
71.36,71.36,83.95,72.84,66.15
70.40,70.40,83.86,73.16,64.59
70.68,70.68,81.18,69.70,63.19
71.09,71.09,81.34,67.60,63.17
68.91,68.91,81.31,56.85,64.84
70.47,70.47,78.27,58.67,63.10
67.00,67.00,80.19,58.14,62.91
73.02,73.02,80.68,63.53,65.49
73.81,73.81,76.63,74.88,65.50
75.98,75.98,78.51,72.13,67.06
74.62,74.62,79.45,73.48,67.88
75.25,75.25,75.71,72.49,67.16
74.46,74.46,78.16,71.97,65.42
73.59,73.59,78.16,72.21,64.94
76.25,76.25,74.23,74.27,64.31
75.50,75.50,76.93,75.08,65.46
75.57,75.57,76.86,74.64,64.98
75.17,75.17,73.47,74.40,65.58
74.53,74.53,75.50,73.85,65.29
75.90,75.90,82.47,71.69,65.81
72.31,72.31,80.21,71.89,62.96
72.09,72.09,76.37,78.22,61.58
73.27,73.27,74.85,73.88,59.41
74.41,74.41,71.76,74.73,58.13
75.63,75.63,72.36,75.76,60.09
74.10,74.10,73.19,76.10,59.79
73.45,73.45,69.46,76.20,61.31
72.18,72.18,71.58,76.19,63.27
68.10,68.10,71.31,76.02,66.08
67.05,67.05,69.60,75.18,64.52
66.64,66.64,68.14,75.24,61.75
63.91,63.91,68.64,75.89,65.67
64.47,64.47,66.43,75.90,61.60
67.59,67.59,65.17,73.62,65.18
67.03,67.03,64.52,72.67,66.88
67.63,67.63,67.91,73.82,60.11
67.20,67.20,64.02,74.20,65.20
68.21,68.21,64.08,73.05,63.40
68.74,68.74,66.10,71.94,60.95
69.98,69.98,63.26,72.12,64.26
71.46,71.46,62.69,71.08,64.22
72.60,72.60,60.05,69.61,60.67
72.19,72.19,49.73,69.07,64.27
68.17,68.17,45.20,64.31,61.76
66.78,66.78,51.94,56.89,57.48
66.86,66.86,53.55,58.75,65.67
63.19,63.19,58.63,54.21,62.51
61.14,61.14,66.00,70.62,65.38
64.39,64.39,62.28,77.87,61.51
69.87,69.87,56.50,73.32,58.93
72.08,72.08,51.12,75.58,62.87
70.15,70.15,47.10,73.61,61.31
70.72,70.72,44.39,75.86,56.68
71.88,71.88,43.38,75.08,62.63
72.97,72.97,42.24,75.63,62.87
72.46,72.46,44.78,74.73,59.44
70.94,70.94,57.33,73.61,60.95
65.35,65.35,66.67,72.85,61.56
62.06,62.06,74.18,72.34,61.10
67.88,67.88,91.39,71.57,59.73
70.26,70.26,78.04,64.17,63.73
72.87,72.87,88.64,61.43,57.33
72.69,72.69,83.03,61.34,63.31
73.64,73.64,85.96,72.66,65.01
74.20,74.20,87.49,73.33,62.77
74.56,74.56,82.69,72.89,65.35
73.57,73.57,82.19,72.11,62.35
74.37,74.37,73.13,71.24,57.64
73.29,73.29,73.20,73.55,62.30
66.32,66.32,68.54,73.20,62.41
64.44,64.44,66.77,71.89,61.56
69.38,69.38,58.13,73.99,60.63
66.84,66.84,56.30,74.11,63.23
69.46,69.46,59.16,70.41,68.50
68.28,68.28,58.06,72.54,59.55
68.27,68.27,55.86,72.45,60.83
71.81,71.81,50.53,71.51,62.23
73.18,73.18,48.28,70.31,57.66
74.50,74.50,42.44,73.02,59.51
73.34,73.34,39.96,72.03,60.73
74.06,74.06,38.67,69.15,57.78
73.67,73.67,33.49,72.05,57.63
72.11,72.11,35.55,72.64,59.57
73.47,73.47,44.19,69.55,58.32
72.15,72.15,54.69,70.08,58.53
72.20,72.20,65.17,72.24,64.73
71.53,71.53,71.10,71.63,63.52
70.94,70.94,64.53,69.31,59.44
69.83,69.83,63.52,66.75,60.85
71.01,71.01,58.64,66.73,60.65
71.48,71.48,52.91,65.21,58.01
70.08,70.08,47.81,62.88,58.55
67.47,67.47,47.75,62.73,55.24
66.77,66.77,53.93,60.25,58.12
62.47,62.47,50.42,53.73,55.62
60.72,60.72,53.80,48.66,56.65
64.68,64.68,61.20,38.94,56.39
67.69,67.69,70.07,44.68,54.28
63.77,63.77,83.15,57.53,54.57
60.91,60.91,90.85,58.02,52.11
62.15,62.15,88.14,63.23,58.65
66.84,66.84,89.12,65.35,58.55
72.94,72.94,86.78,66.38,57.15
70.78,70.78,90.80,68.05,55.61
72.80,72.80,91.47,68.54,57.63
71.01,71.01,87.74,71.33,52.53
71.97,71.97,87.28,72.04,59.66
74.85,74.85,80.36,71.53,57.07
74.69,74.69,82.89,68.90,57.29
76.21,76.21,82.62,69.57,56.10
76.71,76.71,77.91,69.22,56.12
76.81,76.81,80.61,70.38,61.96
75.26,75.26,80.90,76.71,59.88
73.97,73.97,77.39,77.52,57.83
73.52,73.52,80.23,76.26,62.67
73.97,73.97,79.75,76.98,58.47
73.69,73.69,76.39,76.50,60.31
73.27,73.27,79.22,76.87,60.17
73.00,73.00,78.87,77.70,58.54
71.52,71.52,75.21,76.67,57.59
68.93,68.93,77.98,76.37,55.48
69.34,69.34,77.58,75.77,53.83
73.35,73.35,73.73,75.24,51.79
75.21,75.21,75.70,60.91,55.44
72.22,72.22,76.55,50.32,55.10
68.16,68.16,82.33,62.45,55.55
68.17,68.17,82.07,76.05,58.70
69.86,69.86,76.78,78.51,59.92
71.87,71.87,71.65,78.40,61.84
72.58,72.58,73.95,78.44,60.52
75.03,75.03,72.78,77.90,59.40
76.99,76.99,70.36,77.31,60.20
76.38,76.38,71.51,76.07,60.04
78.16,78.16,70.46,75.51,59.01
78.14,78.14,70.07,76.25,60.55
77.99,77.99,69.96,76.75,58.63
77.40,77.40,69.42,77.12,61.03
77.34,77.34,67.79,77.38,61.46
78.17,78.17,69.02,76.65,62.75
77.95,77.95,68.45,76.59,64.16
79.09,79.09,69.50,76.26,66.38
79.12,79.12,66.24,76.65,65.89
79.26,79.26,66.21,77.05,67.01
80.68,80.68,67.10,76.65,67.90
80.02,80.02,62.94,76.20,68.90
80.15,80.15,61.73,75.82,68.99
79.98,79.98,65.38,76.13,67.91
79.95,79.95,62.80,76.63,66.44
79.89,79.89,54.48,76.64,65.13
78.03,78.03,46.11,75.90,62.91
75.41,75.41,50.20,75.46,61.88
75.07,75.07,55.43,75.20,63.62
72.14,72.14,63.52,74.74,65.73
71.72,71.72,60.48,74.78,66.78
72.81,72.81,56.66,75.29,69.19
70.59,70.59,53.78,74.10,68.78
71.06,71.06,51.14,73.88,63.68
70.83,70.83,46.15,70.90,65.43
70.96,70.96,41.95,71.29,67.28
71.32,71.32,39.93,66.39,66.10
70.60,70.60,40.07,58.05,67.66
70.35,70.35,40.07,51.05,64.54
70.15,70.15,43.23,56.27,63.61
71.83,71.83,47.87,58.45,67.49
72.32,72.32,54.06,68.58,65.21
70.22,70.22,69.05,71.33,65.70
70.50,70.50,70.69,73.00,67.19
70.17,70.17,67.77,75.08,64.71
70.04,70.04,62.51,74.20,63.32
71.54,71.54,61.10,74.62,63.54
71.30,71.30,59.60,74.82,62.78
70.95,70.95,56.65,73.53,64.15
71.45,71.45,55.70,74.20,61.57
71.12,71.12,54.53,73.35,62.46
68.22,68.22,52.66,73.40,63.14
69.53,69.53,53.77,72.76,59.95
70.02,70.02,63.32,69.74,59.07
67.77,67.77,70.46,68.66,51.11
70.40,70.40,87.26,68.99,60.56
69.11,69.11,90.77,68.39,60.91
74.11,74.11,89.41,66.96,62.99
79.05,79.05,87.94,68.99,66.53
79.58,79.58,80.26,71.40,69.45
77.74,77.74,90.81,74.49,71.56
77.94,77.94,87.07,75.53,71.70
76.46,76.46,90.01,76.33,72.71
76.78,76.78,84.50,74.91,71.10
77.53,77.53,85.69,73.75,72.91
74.03,74.03,82.04,75.68,70.91
75.87,75.87,81.29,75.43,72.02
76.45,76.45,81.90,74.44,71.13
76.99,76.99,77.98,74.38,70.93
78.06,78.06,79.52,75.93,70.75
77.82,77.82,80.02,76.18,70.65
76.14,76.14,76.22,73.86,71.40
75.80,75.80,77.86,75.53,70.58
76.97,76.97,78.30,74.98,69.14
78.29,78.29,74.79,74.20,68.82
76.18,76.18,76.50,73.61,67.16
77.90,77.90,77.05,75.18,68.30
75.70,75.70,73.61,73.61,68.19
75.73,75.73,74.98,72.27,65.76
76.60,76.60,75.26,73.12,66.81
72.37,72.37,72.80,71.17,63.84
70.46,70.46,74.91,63.70,62.84
66.80,66.80,91.02,69.29,62.28
77.93,77.93,89.90,58.94,61.86
75.85,75.85,87.55,59.71,61.49
78.74,78.74,88.52,62.44,63.45
75.37,75.37,92.99,67.93,63.11
74.20,74.20,88.66,71.05,64.80
76.40,76.40,91.07,70.58,64.52
74.90,74.90,84.83,72.25,64.13
69.69,69.69,82.61,73.42,65.72
71.82,71.82,81.93,72.23,63.74
69.59,69.59,79.59,67.47,62.52
72.56,72.56,78.15,68.24,63.36
74.17,74.17,79.04,61.24,63.88
73.16,73.16,78.31,56.75,63.92
73.15,73.15,76.48,57.44,64.13
76.29,76.29,79.51,63.81,64.63
75.49,75.49,77.29,75.85,65.74
76.01,76.01,75.51,72.92,65.08
76.66,76.66,78.61,73.82,66.04
76.45,76.45,76.69,73.54,66.74
74.14,74.14,74.72,73.42,65.88
71.49,71.49,77.08,72.01,66.32
71.10,71.10,75.29,73.24,62.63
70.24,70.24,73.44,74.28,64.96
71.90,71.90,75.82,74.16,64.70
71.27,71.27,73.79,74.69,64.04
65.90,65.90,72.93,73.75,63.49
68.98,68.98,82.98,71.46,61.64
65.24,65.24,79.87,74.06,62.06
71.47,71.47,75.99,78.03,61.03
72.22,72.22,71.88,74.21,58.92
76.98,76.98,72.39,75.19,60.36
75.88,75.88,70.47,76.12,60.72
77.10,77.10,70.49,76.52,59.58
76.60,76.60,71.19,75.95,60.41
75.03,75.03,66.99,75.62,58.37
72.19,72.19,68.46,75.80,66.21
73.39,73.39,70.81,75.05,67.91
73.93,73.93,65.04,75.51,61.74
72.27,72.27,66.68,75.95,65.74
73.42,73.42,68.61,75.73,64.83
72.69,72.69,63.60,74.17,67.75
71.14,71.14,64.07,72.83,65.93
67.83,67.83,68.01,73.02,61.87
70.66,70.66,63.57,73.69,64.11
73.38,73.38,61.10,72.73,62.04
74.12,74.12,65.78,72.59,62.82
73.14,73.14,53.33,72.96,64.54
71.86,71.86,48.04,72.13,61.04
69.11,69.11,45.26,70.46,64.34
64.75,64.75,43.55,67.74,61.16
66.28,66.28,44.08,63.08,62.28
68.32,68.32,50.93,56.12,62.41
69.15,69.15,54.16,58.64,66.42
68.81,68.81,62.61,55.93,66.26
64.17,64.17,65.25,72.84,62.50
67.94,67.94,61.58,76.36,65.25
59.98,59.98,56.43,73.04,60.16
65.34,65.34,52.68,76.55,62.89
64.66,64.66,48.35,72.60,63.56
65.53,65.53,44.16,76.43,61.72
63.88,63.88,41.41,74.26,64.19
59.64,59.64,38.57,74.58,61.91
63.65,63.65,40.98,73.93,59.85
67.09,67.09,58.30,74.16,60.17
71.67,71.67,67.61,71.73,59.88
72.85,72.85,78.87,72.47,60.03
70.79,70.79,89.57,68.80,60.60
72.27,72.27,80.07,63.13,59.72
75.23,75.23,87.70,60.82,55.83
74.02,74.02,83.42,63.99,60.20
74.65,74.65,86.31,72.75,64.48
76.09,76.09,85.66,71.56,59.00
78.78,78.78,83.92,72.30,62.02
76.31,76.31,79.57,70.92,62.26
77.91,77.91,74.42,74.06,62.08
74.70,74.70,73.10,73.16,61.79
81.24,81.24,67.83,70.62,61.69
78.27,78.27,66.23,71.91,62.94
72.23,72.23,57.97,73.56,58.00
75.46,75.46,57.40,72.70,59.24
76.03,76.03,55.41,69.65,57.50
74.43,74.43,55.67,72.73,59.66
74.25,74.25,50.86,73.03,60.40
74.29,74.29,43.56,69.87,61.57
74.25,74.25,38.05,72.36,60.32
72.34,72.34,34.72,72.97,59.16
71.46,71.46,34.32,70.43,58.69
69.36,69.36,35.05,69.69,55.34
72.35,72.35,36.28,72.00,58.07
71.96,71.96,38.06,71.19,55.87
70.38,70.38,42.28,69.14,54.22
72.38,72.38,50.30,72.20,56.97
70.70,70.70,52.81,72.68,55.24
69.45,69.45,62.89,70.23,56.61
70.16,70.16,63.32,67.56,58.70
68.20,68.20,60.94,70.56,55.93
66.60,66.60,57.94,67.53,56.02
67.88,67.88,53.59,64.38,58.55
68.87,68.87,48.15,64.81,60.12
69.01,69.01,47.23,64.18,59.67
67.13,67.13,47.23,61.48,58.90
66.38,66.38,45.29,57.93,56.39
68.38,68.38,45.12,49.29,54.46
65.87,65.87,57.65,39.94,53.17
62.46,62.46,69.90,48.80,49.04
66.95,66.95,81.81,58.25,52.63
74.91,74.91,92.00,57.35,62.51
75.96,75.96,89.17,66.57,64.96
73.47,73.47,89.50,69.26,63.77
75.68,75.68,88.63,67.74,63.32
73.00,73.00,92.19,68.73,63.54
72.84,72.84,88.77,68.53,63.09
67.60,67.60,87.27,70.22,63.58
68.20,68.20,84.04,71.14,60.68
68.91,68.91,78.08,72.64,62.84
69.15,69.15,79.76,72.18,58.73
69.16,69.16,79.50,70.92,57.24
66.43,66.43,77.51,69.76,58.18
69.52,69.52,77.40,70.11,60.11
66.16,66.16,79.50,77.00,60.79
63.66,63.66,77.12,76.63,58.20
69.46,69.46,77.01,75.09,59.71
68.48,68.48,78.69,73.94,58.73
69.83,69.83,76.19,74.98,59.50
70.28,70.28,76.28,75.22,60.47
70.70,70.70,77.96,75.62,56.54
68.18,68.18,74.98,76.19,58.87
68.35,68.35,74.79,74.39,54.37
68.22,68.22,76.62,75.04,54.77
69.82,69.82,74.02,74.46,52.09
72.79,72.79,73.25,61.17,55.37
71.19,71.19,74.72,55.44,51.26
72.77,72.77,84.10,65.65,56.89
73.18,73.18,80.60,76.52,61.11
77.73,77.73,76.02,78.25,56.20
80.43,80.43,73.61,78.49,60.01
79.22,79.22,71.21,78.91,58.13
75.81,75.81,71.43,78.97,58.03
71.81,71.81,71.19,77.39,56.54
72.50,72.50,67.34,76.06,54.13
78.49,78.49,69.48,75.99,56.80
73.14,73.14,71.03,76.54,53.94
75.53,75.53,66.60,77.34,55.47
77.49,77.49,67.25,76.54,59.30
73.99,73.99,69.01,76.32,57.28
76.79,76.79,66.32,76.24,55.22
73.88,73.88,67.54,76.79,55.05
75.01,75.01,68.79,77.34,60.61
76.62,76.62,64.30,77.43,58.61
74.22,74.22,64.44,76.57,60.14
77.01,77.01,65.74,76.01,59.37
76.80,76.80,58.26,75.66,57.31
75.46,75.46,51.01,75.34,57.62
70.58,70.58,44.49,75.63,55.86
72.67,72.67,44.51,75.85,56.08
70.72,70.72,44.43,75.87,57.85
72.08,72.08,42.78,75.59,58.03
70.60,70.60,48.39,75.69,57.89
70.53,70.53,56.14,75.79,58.33
71.35,71.35,63.70,74.82,63.62
73.47,73.47,59.76,74.81,65.81
77.04,77.04,57.62,74.58,67.28
76.03,76.03,53.82,74.89,66.51
70.81,70.81,51.96,72.54,64.01
70.54,70.54,46.54,70.19,65.56
71.34,71.34,43.02,71.11,67.78
70.17,70.17,41.49,65.23,65.78
69.77,69.77,41.31,57.45,65.61
66.38,66.38,42.77,49.02,65.39
67.28,67.28,43.05,53.35,62.20
64.70,64.70,47.54,60.35,64.00
69.81,69.81,52.93,68.84,63.37
76.59,76.59,68.87,72.46,65.09
76.48,76.48,67.68,74.38,65.16
76.10,76.10,63.95,75.50,63.94
70.97,70.97,61.44,74.17,63.73
70.28,70.28,60.09,74.38,62.94
68.92,68.92,58.34,73.69,62.61
71.36,71.36,56.79,72.76,63.18
69.18,69.18,55.77,74.26,62.34
73.80,73.80,52.31,73.70,63.72
66.39,66.39,48.58,74.22,62.61
64.45,64.45,49.00,73.52,60.55
66.69,66.69,62.59,70.05,59.96
64.89,64.89,71.31,67.31,53.77
64.84,64.84,88.26,68.74,54.55
65.97,65.97,90.75,66.92,57.44
69.07,69.07,89.92,63.65,58.93
71.58,71.58,85.89,70.86,63.11
73.34,73.34,85.28,72.33,66.03
73.54,73.54,85.85,75.35,65.94
73.57,73.57,79.60,75.59,67.12
73.58,73.58,80.04,75.93,67.71
73.49,73.49,82.94,73.84,66.66
72.77,72.77,78.39,73.71,68.10
73.02,73.02,80.40,75.86,66.52
75.00,75.00,79.18,76.40,65.81
71.51,71.51,80.00,73.74,64.73
67.98,67.98,80.85,75.98,66.58
72.70,72.70,77.12,75.17,65.14
72.44,72.44,79.33,74.79,65.37
72.66,72.66,79.52,73.49,63.87
77.72,77.72,76.02,75.86,65.72
76.21,76.21,78.37,74.86,64.51
73.02,73.02,78.05,73.03,63.27
70.95,70.95,74.51,74.27,64.24
70.57,70.57,77.04,74.98,63.96
72.05,72.05,77.04,72.91,64.00
75.98,75.98,72.91,72.77,62.12
70.72,70.72,76.40,73.45,60.63
67.64,67.64,74.65,69.55,58.71
68.93,68.93,71.22,65.38,60.00
68.67,68.67,92.10,67.55,59.36
71.29,71.29,89.79,58.31,62.21
72.43,72.43,90.30,59.57,62.42
73.85,73.85,83.02,65.21,61.74
70.77,70.77,92.00,67.25,62.19
72.43,72.43,90.95,66.55,61.25
73.64,73.64,90.95,70.49,59.53
73.85,73.85,86.75,71.62,61.92
75.44,75.44,86.33,73.87,62.26
76.50,76.50,82.05,71.66,63.46
71.07,71.07,82.90,69.66,62.32
73.81,73.81,82.37,67.29,59.36
74.58,74.58,78.28,58.98,59.91
76.56,76.56,80.24,57.39,60.86
75.61,75.61,80.51,59.10,61.75
74.03,74.03,77.07,66.08,60.40
78.17,78.17,79.02,75.39,64.11
77.20,77.20,78.47,73.02,61.29
72.96,72.96,75.49,74.05,61.32
73.13,73.13,77.95,72.69,61.07
72.38,72.38,77.85,72.46,60.65
72.02,72.02,74.24,70.98,59.65
71.99,71.99,76.35,74.75,62.66
69.17,69.17,76.67,74.80,61.83
70.54,70.54,73.32,73.99,63.64
68.05,68.05,75.11,74.15,63.20
68.59,68.59,74.41,73.34,61.77
69.63,69.63,85.16,71.25,61.80
66.30,66.30,79.89,75.57,61.85
65.55,65.55,75.97,77.33,57.46
64.40,64.40,72.52,74.74,60.98
66.22,66.22,71.03,75.85,58.57
63.84,63.84,73.79,75.69,61.76
60.96,60.96,70.00,76.31,61.11
63.08,63.08,69.19,76.04,60.25
61.84,61.84,73.02,76.62,61.79
57.63,57.63,69.26,76.17,63.29
53.29,53.29,66.28,74.69,64.65
57.13,57.13,70.19,75.27,64.23
57.59,57.59,67.44,75.77,63.97
57.44,57.44,64.55,75.84,66.36
59.40,59.40,65.63,73.27,67.97
56.57,56.57,63.90,73.56,63.40
57.13,57.13,63.90,74.65,63.74
60.44,60.44,65.81,71.99,66.57
56.48,56.48,63.28,72.64,64.30
52.48,52.48,62.66,72.30,63.64
50.87,50.87,64.13,72.32,66.58
49.89,49.89,54.73,69.91,64.36
49.63,49.63,49.40,71.67,67.30
52.33,52.33,45.24,68.79,65.57
55.72,55.72,43.54,62.81,63.28
57.86,57.86,48.78,56.44,62.99
56.42,56.42,49.57,57.17,66.25
57.32,57.32,56.57,56.23,61.59
55.61,55.61,65.29,73.96,63.26
57.94,57.94,61.06,74.80,65.25
58.33,58.33,56.22,76.11,60.88
52.71,52.71,51.21,74.76,64.07
53.69,53.69,46.37,74.08,62.19
49.28,49.28,43.66,75.99,63.57
49.61,49.61,40.45,72.56,63.64
53.21,53.21,41.87,75.69,69.09
49.29,49.29,43.76,72.60,63.91
53.14,53.14,58.92,75.09,61.14
58.77,58.77,66.47,71.05,56.51
61.68,61.68,81.95,71.13,55.23
66.03,66.03,87.71,66.19,55.99
82.00,82.00,81.74,58.16,56.16
83.58,83.58,86.79,62.65,57.87
75.51,75.51,82.58,67.23,57.51
73.64,73.64,87.82,73.97,60.42
77.35,77.35,84.41,71.09,59.89
78.85,78.85,84.84,71.34,60.21
74.46,74.46,78.94,70.91,61.60
72.69,72.69,75.08,73.14,61.12
78.72,78.72,72.86,72.05,58.78
76.22,76.22,67.94,69.23,61.70
77.34,77.34,64.85,73.69,60.71
75.98,75.98,57.76,72.06,61.05
76.19,76.19,58.12,69.50,64.54
78.78,78.78,56.86,71.80,63.44
72.68,72.68,56.53,73.05,63.17
72.69,72.69,51.38,71.44,61.57
69.48,69.48,45.71,69.95,62.47
69.11,69.11,38.89,72.67,62.38
71.48,71.48,35.38,72.94,59.33
70.71,70.71,35.82,68.98,61.65
71.56,71.56,33.65,72.20,61.25
72.87,72.87,33.67,71.97,59.38
75.53,75.53,35.42,70.37,60.24
76.72,76.72,41.81,70.36,60.83
76.90,76.90,49.96,71.60,57.94
74.25,74.25,57.93,70.83,55.54
69.62,69.62,66.95,71.74,55.39
63.88,63.88,62.81,62.80,57.59
63.89,63.89,61.77,70.89,55.68
58.02,58.02,58.66,66.70,51.47
56.72,56.72,56.02,64.31,53.86
55.26,55.26,50.06,65.48,58.75
52.58,52.58,49.86,63.27,62.32
52.03,52.03,47.86,60.44,60.47
52.05,52.05,46.27,57.04,63.49
48.07,48.07,48.19,48.82,60.68
52.52,52.52,57.35,42.92,57.18
54.36,54.36,72.59,44.71,51.57
61.89,61.89,83.38,52.91,50.46
67.85,67.85,92.06,58.12,48.14
74.32,74.32,89.30,60.71,48.81
78.18,78.18,87.84,68.32,51.84
80.11,80.11,86.69,65.08,50.61
75.47,75.47,92.89,68.22,54.68
72.38,72.38,88.43,69.63,56.68
70.57,70.57,90.58,69.69,58.99
73.87,73.87,83.91,71.06,57.90
69.83,69.83,83.93,70.95,55.90
65.23,65.23,84.06,70.58,54.35
59.76,59.76,79.26,70.80,56.02
50.42,50.42,80.60,70.73,54.41
55.46,55.46,80.96,72.42,59.15
67.49,67.49,77.41,77.43,68.47
66.95,66.95,80.02,76.02,68.06
70.26,70.26,79.48,76.15,70.14
71.22,71.22,75.87,76.31,58.96
70.94,70.94,78.54,76.53,61.67
72.71,72.71,78.42,77.20,64.17
71.05,71.05,75.07,76.64,61.57
70.39,70.39,77.45,76.56,64.95
70.23,70.23,77.11,75.80,59.60
68.00,68.00,73.66,75.68,61.22
67.63,67.63,75.99,74.54,59.56
68.32,68.32,75.64,58.16,49.04
67.99,67.99,74.24,55.54,53.18
73.35,73.35,82.99,65.22,52.84
76.18,76.18,80.13,75.56,62.27
73.19,73.19,74.69,72.26,57.27
71.05,71.05,72.72,76.77,62.94
70.87,70.87,73.74,74.92,62.02
72.42,72.42,69.42,75.21,61.72
72.35,72.35,71.52,76.39,62.84
71.09,71.09,71.81,75.36,61.82
70.01,70.01,67.79,74.64,60.18
72.10,72.10,67.49,75.69,63.97
71.82,71.82,70.77,76.22,60.07
78.49,78.49,68.49,76.19,61.66
78.88,78.88,67.42,75.35,64.65
78.47,78.47,69.20,74.39,63.51
81.42,81.42,66.73,73.57,67.18
81.01,81.01,65.74,74.71,66.03
78.79,78.79,67.88,75.50,65.02
78.09,78.09,65.29,76.24,65.88
77.48,77.48,62.74,75.50,66.27
77.36,77.36,64.39,75.44,63.97
77.73,77.73,60.44,75.69,64.86
77.51,77.51,57.76,75.84,65.57
78.66,78.66,54.00,76.05,64.48
79.60,79.60,49.25,75.34,65.56
75.05,75.05,46.03,75.21,64.13
78.85,78.85,48.36,75.51,63.45
80.04,80.04,56.11,74.58,67.39
76.16,76.16,64.39,75.24,55.04
71.89,71.89,60.09,78.32,65.09
70.42,70.42,55.67,73.55,65.90
80.88,80.88,51.86,72.94,66.41
76.20,76.20,47.98,75.51,65.03
79.46,79.46,43.73,76.05,66.18
74.50,74.50,41.47,74.83,60.91
78.94,78.94,40.69,74.47,61.36
76.56,76.56,41.90,74.85,57.87
76.75,76.75,39.92,76.13,64.55
76.55,76.55,45.12,75.16,60.09
80.77,80.77,53.96,75.67,59.72
79.04,79.04,61.30,68.45,64.36
73.50,73.50,68.42,69.22,60.75
71.62,71.62,64.98,66.29,59.59
69.47,69.47,60.68,74.60,63.59
72.93,72.93,59.61,75.40,61.54
73.86,73.86,55.30,74.96,63.06
69.57,69.57,52.01,74.36,62.77
66.64,66.64,50.84,75.98,60.70
67.76,67.76,47.27,72.77,61.63
66.34,66.34,44.95,75.74,61.39
67.36,67.36,43.00,74.68,60.67
68.08,68.08,49.28,74.57,62.37
67.39,67.39,61.15,72.42,62.51
67.23,67.23,67.97,66.62,62.10
66.79,66.79,87.49,66.47,62.45
67.20,67.20,92.45,61.15,63.50
69.49,69.49,90.59,61.63,67.46
74.47,74.47,86.50,67.13,69.39
74.37,74.37,85.86,70.83,69.26
75.32,75.32,83.76,72.08,71.12
73.38,73.38,81.46,72.70,69.79
77.18,77.18,80.10,72.58,69.04
73.44,73.44,83.13,69.56,68.22
72.91,72.91,79.03,69.86,67.48
77.94,77.94,81.17,72.52,69.28
80.25,80.25,78.44,70.30,66.95
82.47,82.47,81.22,69.95,68.19
74.08,74.08,80.40,71.94,66.53
70.89,70.89,77.02,74.02,66.41
80.33,80.33,79.95,67.57,65.53
82.17,82.17,79.07,72.24,66.41
84.00,84.00,76.21,71.17,67.11
82.57,82.57,78.81,70.00,65.15
82.92,82.92,77.69,69.69,65.88
80.93,80.93,74.84,72.88,64.24
80.09,80.09,77.41,70.92,63.49
84.09,84.09,76.30,67.95,64.79
84.75,84.75,73.28,73.37,64.32
82.57,82.57,77.08,74.37,63.86
79.03,79.03,74.26,65.61,60.67
75.49,75.49,70.87,68.78,63.66
79.38,79.38,92.74,64.95,64.30
79.92,79.92,89.93,62.36,62.85
78.61,78.61,93.49,62.21,64.91
78.37,78.37,83.25,62.10,60.62
79.69,79.69,92.86,59.49,58.42
81.32,81.32,87.22,63.63,61.10
79.03,79.03,85.34,62.66,62.40
78.74,78.74,77.90,65.22,63.40
79.17,79.17,75.87,64.33,60.58
81.90,81.90,78.46,60.83,65.46
81.33,81.33,77.91,62.02,67.90
79.70,79.70,76.08,59.75,67.06
81.68,81.68,80.50,52.58,68.75
79.17,79.17,79.07,59.43,63.75
80.15,80.15,76.74,61.53,66.28
80.90,80.90,79.95,64.32,65.78
79.75,79.75,78.31,74.52,66.19
79.99,79.99,76.61,72.35,64.49
81.89,81.89,79.40,73.00,65.51
79.77,79.77,77.35,72.26,66.62
76.78,76.78,75.58,72.06,65.87
79.84,79.84,77.68,71.09,66.82
80.42,80.42,75.94,71.54,65.08
77.75,77.75,74.31,70.95,65.98
78.50,78.50,76.55,71.46,63.04
76.36,76.36,74.63,69.33,64.50
77.90,77.90,72.17,67.54,59.66
73.31,73.31,83.98,64.22,62.28
68.72,68.72,80.63,66.69,60.25
67.56,67.56,76.01,75.98,62.52
66.80,66.80,73.68,74.86,61.69
64.00,64.00,74.00,74.66,61.34
60.38,60.38,70.65,75.78,60.13
62.25,62.25,71.29,76.51,61.67
57.40,57.40,72.40,75.66,62.73
59.96,59.96,66.77,75.61,64.05
64.89,64.89,70.62,75.55,64.71
72.42,72.42,71.21,75.41,64.55
67.52,67.52,65.08,75.35,63.46
64.52,64.52,68.27,75.32,63.05
70.31,70.31,69.92,75.56,63.28
74.93,74.93,65.93,73.64,66.30
72.91,72.91,67.11,74.99,64.62
69.16,69.16,69.00,73.08,61.52
68.71,68.71,63.82,72.81,62.51
65.08,65.08,62.64,73.22,60.48
57.19,57.19,66.14,72.06,60.93
59.37,59.37,62.14,70.26,63.61
52.85,52.85,58.19,70.30,63.63
53.27,53.27,50.73,71.52,65.67
52.77,52.77,42.80,68.18,64.52
52.86,52.86,41.34,61.69,64.02
53.18,53.18,49.43,56.54,62.81
55.70,55.70,50.34,56.90,65.08
53.33,53.33,57.67,56.31,63.00
53.74,53.74,64.84,74.33,64.34
50.66,50.66,60.24,74.75,59.81
51.66,51.66,56.44,75.43,60.88
52.75,52.75,52.19,74.33,61.99
49.44,49.44,47.40,75.40,60.89
46.29,46.29,43.96,74.91,62.72
46.17,46.17,41.20,75.00,62.19
43.48,43.48,37.08,75.01,65.18
45.53,45.53,44.39,72.13,61.16
48.95,48.95,60.18,75.42,57.84
53.77,53.77,69.75,68.25,53.26
65.11,65.11,83.36,72.35,54.64
77.75,77.75,85.98,66.67,54.17
74.92,74.92,82.94,60.67,54.74
79.78,79.78,84.50,58.06,55.27
79.71,79.71,85.27,65.47,59.61
76.83,76.83,88.05,73.49,60.45
74.68,74.68,83.96,72.39,60.58
76.81,76.81,84.84,71.13,61.70
79.06,79.06,78.02,72.61,61.23
75.34,75.34,75.02,73.69,64.45
69.67,69.67,70.44,72.77,61.95
58.72,58.72,69.20,71.83,62.08
56.03,56.03,63.72,73.72,64.28
54.91,54.91,57.03,73.80,62.88
56.88,56.88,58.77,71.41,60.62
58.74,58.74,55.94,73.39,61.79
71.57,71.57,54.93,73.17,63.10
78.88,78.88,50.20,70.48,63.09
72.98,72.98,45.08,71.36,62.14
76.07,76.07,40.59,72.46,59.66
75.12,75.12,35.89,71.72,58.02
74.79,74.79,34.62,69.27,60.10
76.11,76.11,34.73,72.40,57.33
74.34,74.34,31.79,72.38,58.41
73.15,73.15,33.88,68.61,59.46
73.08,73.08,42.42,71.69,61.14
71.17,71.17,50.71,72.03,60.71
73.47,73.47,51.63,70.14,59.46
74.08,74.08,65.05,72.69,61.87
76.34,76.34,62.78,63.62,60.57
73.95,73.95,61.33,72.16,60.49
71.12,71.12,55.31,66.02,59.17
69.80,69.80,54.28,65.18,57.59
65.67,65.67,45.96,63.80,60.47
69.61,69.61,48.77,62.13,61.58
70.58,70.58,47.33,58.67,60.36
70.14,70.14,47.65,55.17,61.36
72.52,72.52,46.78,47.14,60.09
77.74,77.74,58.57,44.44,54.07
82.33,82.33,72.32,51.83,47.92
76.70,76.70,86.40,58.26,49.51
76.61,76.61,90.46,56.81,49.15
73.44,73.44,90.06,63.34,50.55
70.74,70.74,85.84,68.35,52.22
73.78,73.78,89.08,66.77,60.93
73.46,73.46,92.07,66.32,63.23
73.38,73.38,89.33,68.48,60.91
71.81,71.81,90.27,68.19,61.18
71.10,71.10,83.13,69.69,59.53
71.27,71.27,84.76,69.87,59.50
75.55,75.55,83.35,70.12,58.73
74.43,74.43,79.35,71.05,60.95
72.93,72.93,80.94,70.99,57.91
70.74,70.74,80.09,71.67,58.30
66.08,66.08,77.48,76.79,59.16
73.41,73.41,80.32,76.03,62.27
72.02,72.02,78.52,76.48,61.29
69.75,69.75,76.28,76.60,63.12
70.80,70.80,78.91,76.42,60.75
73.45,73.45,77.46,76.54,57.50
71.29,71.29,75.42,76.19,57.93
67.58,67.58,77.65,75.98,56.71
65.57,65.57,75.97,75.64,56.35
73.81,73.81,74.00,75.34,54.28
75.22,75.22,76.50,74.42,56.59
71.46,71.46,74.82,57.35,55.18
68.53,68.53,74.93,55.69,59.71
70.95,70.95,83.34,67.49,58.37
75.40,75.40,79.96,77.70,63.22
75.62,75.62,75.15,77.69,63.87
78.85,78.85,73.67,77.70,59.74
71.47,71.47,73.33,78.26,62.00
72.63,72.63,69.29,78.52,61.07
72.88,72.88,71.17,77.32,60.52
78.60,78.60,71.23,76.24,63.18
79.11,79.11,66.83,76.16,62.31
74.80,74.80,70.91,76.86,62.39
75.28,75.28,69.82,77.88,62.93
80.74,80.74,64.74,77.22,61.57
80.50,80.50,68.80,76.75,61.70
76.53,76.53,69.44,76.65,60.78
73.40,73.40,65.47,76.73,59.03
72.57,72.57,66.58,77.34,62.59
74.09,74.09,68.16,77.08,60.69
75.85,75.85,64.24,76.39,61.08
74.64,74.64,63.54,76.38,62.89
74.00,74.00,64.36,76.21,61.04
74.18,74.18,59.48,76.55,60.69
72.30,72.30,54.60,76.39,60.17
73.44,73.44,50.49,76.31,59.97
74.71,74.71,50.30,75.93,60.92
72.64,72.64,42.97,75.68,60.08
78.32,78.32,50.63,75.52,60.19
75.51,75.51,58.72,75.71,62.50
69.68,69.68,63.11,75.07,66.90
69.18,69.18,58.94,75.50,65.25
74.39,74.39,56.66,74.96,64.48
74.73,74.73,52.48,74.38,66.49
71.10,71.10,49.34,72.71,65.16
69.84,69.84,45.85,69.67,65.02
72.83,72.83,42.14,70.45,67.07
69.93,69.93,42.52,63.34,66.33
73.55,73.55,41.34,55.42,66.16
73.60,73.60,41.35,47.55,63.03
72.94,72.94,48.43,51.96,63.44
72.76,72.76,50.96,61.20,64.69
74.93,74.93,56.12,70.15,61.06
75.57,75.57,68.52,71.82,62.69
74.54,74.54,65.79,74.59,66.00
73.77,73.77,62.40,74.07,61.65
72.91,72.91,60.06,73.42,58.60
74.01,74.01,57.69,74.08,62.54
71.15,71.15,56.86,73.76,61.49
73.34,73.34,54.92,73.66,64.81
72.43,72.43,54.23,74.35,63.33
72.36,72.36,53.03,73.29,57.97
69.07,69.07,50.59,72.99,57.91
67.85,67.85,53.28,71.97,60.38
66.56,66.56,65.77,69.17,56.54
64.81,64.81,71.70,68.14,51.57
65.40,65.40,90.26,66.94,54.80
65.28,65.28,91.65,59.99,53.20
68.12,68.12,89.13,60.49,57.30
71.08,71.08,85.29,70.91,58.98
74.60,74.60,91.34,72.81,63.76
76.04,76.04,89.95,74.03,63.22
73.91,73.91,90.66,75.77,63.31
73.17,73.17,87.76,75.61,65.74
74.71,74.71,85.62,73.18,63.00
75.35,75.35,84.66,75.06,64.58
75.37,75.37,80.95,75.69,62.70
74.28,74.28,81.89,74.67,62.55
73.24,73.24,81.08,75.03,61.57
74.47,74.47,77.52,76.28,63.31
71.61,71.61,80.02,75.16,63.21
72.43,72.43,80.00,73.75,64.40
73.42,73.42,76.04,75.19,61.72
74.98,74.98,78.66,76.13,63.10
75.94,75.94,78.76,72.78,61.39
76.31,76.31,75.10,74.70,61.57
75.24,75.24,77.64,74.15,59.19
75.03,75.03,77.49,73.74,62.06
76.18,76.18,73.70,72.08,59.63
73.02,73.02,76.32,74.24,59.78
71.33,71.33,76.74,72.58,57.85
69.71,69.71,71.67,65.76,54.76
69.93,69.93,77.21,68.02,54.53
71.08,71.08,93.69,65.66,55.23
75.66,75.66,88.68,62.05,59.02
72.42,72.42,91.02,62.24,59.35
74.59,74.59,84.23,65.78,57.97
72.32,72.32,90.93,66.49,61.00
72.87,72.87,92.14,70.45,61.60
76.10,76.10,88.16,72.52,61.79
73.08,73.08,87.91,71.66,60.41
71.85,71.85,84.29,72.25,58.62
74.08,74.08,80.76,70.67,64.61
75.78,75.78,83.19,70.29,64.76
72.35,72.35,81.49,64.27,63.02
73.50,73.50,77.99,55.29,62.40
69.38,69.38,81.00,56.55,61.77
69.83,69.83,80.11,59.52,59.29
71.59,71.59,77.16,66.57,60.66
74.30,74.30,79.71,73.68,60.63
73.68,73.68,78.69,73.10,61.41
75.03,75.03,76.17,73.82,62.91
77.30,77.30,79.06,73.69,59.08
77.18,77.18,77.78,72.89,59.81
73.48,73.48,75.00,73.69,59.39
71.69,71.69,77.49,74.77,61.68
69.99,69.99,76.62,74.75,62.15
70.58,70.58,73.52,74.01,60.79
67.65,67.65,76.35,73.62,58.47
66.00,66.00,76.35,72.75,59.96
64.60,64.60,83.93,71.18,59.35
65.21,65.21,78.81,75.32,59.79
70.94,70.94,76.90,76.67,60.17
66.57,66.57,72.42,75.64,63.17
60.97,60.97,72.89,74.99,59.44
63.14,63.14,73.97,75.86,57.53
59.54,59.54,68.14,76.11,59.23
56.19,56.19,72.18,75.73,61.00
60.96,60.96,73.07,75.86,63.54
64.46,64.46,67.99,75.67,62.68
58.13,58.13,69.19,74.47,63.55
60.36,60.36,70.47,75.12,64.11
61.23,61.23,66.82,75.52,64.94
62.81,62.81,66.06,75.51,62.74
62.23,62.23,65.81,75.08,64.20
58.15,58.15,65.21,75.47,63.66
60.16,60.16,64.55,75.08,64.13
67.05,67.05,67.57,72.50,68.00
66.70,66.70,63.93,73.09,68.81
66.12,66.12,62.97,72.78,68.14
59.97,59.97,65.33,72.94,68.46
55.27,55.27,61.66,71.01,65.51
55.05,55.05,54.81,70.76,64.41
52.92,52.92,50.03,67.71,64.01
51.02,51.02,43.74,60.52,60.56
50.15,50.15,48.53,56.15,64.27
48.64,48.64,50.17,56.44,66.29
48.48,48.48,58.47,56.29,60.70
48.12,48.12,64.95,75.94,64.95
44.33,44.33,60.85,73.78,58.08
43.29,43.29,55.68,75.83,59.37
43.33,43.33,51.05,74.43,63.60
41.10,41.10,46.57,74.72,58.07
38.37,38.37,43.32,74.34,62.14
38.08,38.08,40.84,75.18,63.24
42.95,42.95,36.90,73.22,64.52
44.88,44.88,47.63,74.71,61.36
46.53,46.53,61.91,72.90,59.94
52.54,52.54,69.18,70.94,58.32
64.18,64.18,85.29,71.52,55.75
65.00,65.00,84.93,66.80,56.09
68.91,68.91,85.07,58.51,58.16
65.94,65.94,83.37,56.89,59.06
73.82,73.82,86.81,66.84,61.52
76.16,76.16,87.17,73.65,60.91
74.59,74.59,84.56,72.47,58.78
72.47,72.47,84.18,72.02,63.12
71.84,71.84,78.13,73.44,61.61
73.42,73.42,74.67,74.94,63.96
73.80,73.80,68.97,71.67,59.98
70.21,70.21,69.91,72.89,59.38
61.74,61.74,61.65,73.85,63.92
58.21,58.21,57.13,72.41,58.37
70.32,70.32,59.37,69.99,56.91
74.54,74.54,55.77,73.25,58.34
75.94,75.94,55.77,73.51,59.28
72.86,72.86,50.51,69.81,60.05
71.83,71.83,44.71,72.66,61.04
71.15,71.15,36.90,72.64,61.24
72.42,72.42,31.24,70.38,62.78
73.17,73.17,34.16,70.39,59.64
72.32,72.32,33.31,72.55,61.61
70.72,70.72,31.11,71.07,60.78
69.00,69.00,32.82,68.52,61.05
74.21,74.21,37.78,72.83,58.55
76.12,76.12,44.89,72.00,56.59
73.72,73.72,52.55,69.51,55.92
68.89,68.89,66.76,72.20,58.75
71.88,71.88,61.53,63.39,60.59
77.55,77.55,65.80,70.06,60.29
78.02,78.02,55.71,62.39,58.09
75.35,75.35,57.84,61.95,58.53
71.88,71.88,43.32,55.32,59.22
72.49,72.49,55.51,61.89,59.40
71.22,71.22,52.41,54.75,57.82
72.99,72.99,51.80,52.09,57.19
71.75,71.75,47.29,42.38,56.58
74.83,74.83,61.31,39.27,53.60
73.36,73.36,72.80,42.85,52.31
71.85,71.85,88.28,54.12,53.34
74.56,74.56,90.91,59.79,54.94
73.91,73.91,89.15,59.20,56.00
71.64,71.64,85.62,64.73,58.63
73.46,73.46,89.01,65.77,59.09
78.35,78.35,90.88,66.94,58.90
80.13,80.13,89.95,68.95,54.87
76.08,76.08,88.59,68.66,56.92
75.25,75.25,82.11,68.69,55.91
69.49,69.49,83.83,57.39,56.73
69.54,69.54,83.05,53.72,55.10
68.64,68.64,69.03,52.81,52.55
69.17,69.17,65.30,42.71,52.25
69.76,69.76,54.95,49.99,47.87
70.99,70.99,59.65,52.64,48.77
75.60,75.60,50.62,51.20,48.18
74.05,74.05,48.21,47.36,47.95
73.40,73.40,39.23,43.41,45.22
69.22,69.22,40.79,39.96,48.15
69.48,69.48,32.13,33.42,45.85
69.48,69.48,33.97,20.52,45.26
70.42,70.42,31.30,20.45,44.85
69.84,69.84,34.33,29.94,45.87
70.14,70.14,36.46,34.17,46.23
71.61,71.61,36.04,36.48,45.53
70.37,70.37,37.95,38.83,43.94
71.12,71.12,42.73,40.31,44.13
70.80,70.80,53.02,39.54,49.29
71.00,71.00,51.25,37.18,48.29
71.64,71.64,44.65,34.51,45.84
75.81,75.81,38.25,32.74,49.98
75.48,75.48,37.36,31.66,47.10
74.61,74.61,37.60,30.84,46.68
72.19,72.19,37.20,30.31,47.18
72.87,72.87,36.86,29.78,44.78
70.61,70.61,35.60,28.82,45.24
67.77,67.77,34.28,27.63,43.57
68.52,68.52,33.06,26.50,44.30
70.05,70.05,31.11,24.73,46.45
68.78,68.78,29.50,22.73,42.78
70.25,70.25,26.79,18.81,40.74
68.66,68.66,28.04,14.64,46.67
68.94,68.94,26.67,15.10,41.50
69.27,69.27,24.11,11.22,44.02
66.82,66.82,23.64,9.35,44.34
69.37,69.37,29.52,13.07,43.77
67.94,67.94,24.82,8.29,43.83
68.85,68.85,34.30,17.12,47.14
67.83,67.83,22.89,11.46,44.79
67.86,67.86,26.10,9.96,45.61
68.59,68.59,23.32,11.06,46.00
67.38,67.38,20.98,11.86,44.84
68.35,68.35,23.32,11.01,43.86
68.85,68.85,27.67,10.07,42.14
68.31,68.31,30.45,11.15,45.35
70.72,70.72,28.74,8.56,43.87
71.37,71.37,29.94,13.07,45.13
70.85,70.85,29.23,14.32,45.31
71.67,71.67,27.41,8.81,45.62
71.43,71.43,28.15,10.92,43.48
70.60,70.60,27.62,11.96,44.38
69.50,69.50,30.19,15.95,43.89
69.59,69.59,31.56,18.01,42.60
69.18,69.18,30.96,20.77,40.96
70.13,70.13,32.65,22.39,41.65
69.56,69.56,32.50,22.58,39.17
69.52,69.52,33.01,20.81,41.37
69.35,69.35,34.85,19.40,43.33
71.07,71.07,32.10,16.25,49.40
68.71,68.71,33.53,19.31,52.68
69.95,69.95,33.42,16.27,49.56
68.57,68.57,33.55,19.48,45.91
68.58,68.58,33.66,17.29,41.99
68.29,68.29,32.68,16.36,41.26
67.85,67.85,33.53,19.84,37.95
67.76,67.76,33.95,22.98,39.36
67.95,67.95,34.82,18.55,48.66
68.83,68.83,34.56,15.93,45.42
72.47,72.47,33.78,15.37,47.57
78.24,78.24,31.20,29.02,43.87
78.20,78.20,32.36,27.72,45.76
77.34,77.34,31.10,19.90,46.13
74.49,74.49,31.51,15.87,46.10
74.79,74.79,32.66,21.95,46.31
75.25,75.25,33.58,21.52,48.68
74.45,74.45,34.02,20.64,49.58
71.42,71.42,32.19,23.69,51.72
74.60,74.60,31.64,22.49,47.07
74.39,74.39,30.61,20.33,44.68
75.09,75.09,30.96,21.91,42.12
76.05,76.05,28.71,19.10,41.09
74.25,74.25,31.22,21.14,40.86
75.98,75.98,31.44,21.58,42.18
75.34,75.34,29.88,20.06,47.11
72.97,72.97,30.25,19.16,50.41
74.25,74.25,31.89,20.01,50.88
74.83,74.83,31.10,17.94,43.41
76.54,76.54,32.38,20.50,48.94
74.19,74.19,31.96,21.14,45.24
73.93,73.93,34.58,18.81,47.12
76.79,76.79,33.41,18.61,51.07
76.35,76.35,33.97,14.08,48.88
74.94,74.94,34.32,19.30,48.67
73.25,73.25,35.72,18.85,50.35
70.17,70.17,36.58,18.21,51.08
71.98,71.98,34.63,19.02,51.58
69.68,69.68,35.08,23.14,50.14
72.91,72.91,35.47,22.70,52.40
72.56,72.56,35.88,19.72,49.17
72.46,72.46,35.86,20.42,50.41
72.70,72.70,38.21,16.68,53.14
76.24,76.24,38.81,20.32,53.69
76.56,76.56,38.76,12.27,52.97
76.56,76.56,38.92,21.75,53.13
76.49,76.49,40.18,15.93,53.71
75.91,75.91,42.85,17.60,49.14
74.91,74.91,46.67,14.76,49.91
74.13,74.13,54.10,21.21,51.78
68.74,68.74,56.30,22.35,52.56
67.60,67.60,56.29,15.62,51.84
67.06,67.06,52.22,20.86,52.96
68.04,68.04,49.62,17.82,52.03
71.35,71.35,48.76,31.04,50.56
76.27,76.27,72.81,38.54,52.72
77.92,77.92,78.58,22.41,49.94
76.43,76.43,75.53,19.87,50.19
72.80,72.80,76.74,28.62,51.12
72.46,72.46,77.26,36.08,49.04
73.22,73.22,74.32,42.98,53.98
70.61,70.61,76.13,70.60,60.08
71.49,71.49,75.99,73.77,63.44
73.76,73.76,73.59,74.31,64.40
74.47,74.47,73.37,73.77,61.92
67.26,67.26,76.48,71.86,60.12
68.71,68.71,83.97,70.90,58.59
70.70,70.70,78.57,74.61,58.51
67.64,67.64,76.29,75.93,58.32
66.29,66.29,72.51,74.30,57.09
63.14,63.14,71.46,74.97,58.74
64.74,64.74,72.65,76.74,57.96
67.41,67.41,69.71,76.35,62.75
64.34,64.34,68.58,76.14,63.36
62.03,62.03,68.72,75.99,61.26
63.29,63.29,69.34,75.50,64.16
60.71,60.71,66.72,74.99,63.93
59.93,59.93,66.57,76.15,64.29
59.10,59.10,68.35,75.54,64.56
60.03,60.03,65.98,74.27,64.21
61.66,61.66,62.99,73.92,64.20
60.84,60.84,68.04,74.18,63.95
58.86,58.86,64.62,73.44,62.36
61.82,61.82,62.13,72.93,64.88
61.85,61.85,64.67,73.39,63.77
64.23,64.23,60.91,72.73,64.34
64.77,64.77,50.94,71.32,62.76
61.85,61.85,48.41,69.99,64.22
62.19,62.19,46.15,70.74,63.34
60.00,60.00,46.15,66.04,63.49
59.57,59.57,45.17,61.76,61.14
61.43,61.43,48.18,57.19,62.39
62.13,62.13,50.47,53.17,62.94
61.50,61.50,60.62,60.09,61.32
64.80,64.80,65.19,75.88,62.73
65.18,65.18,61.07,73.94,60.32
62.37,62.37,56.44,75.98,61.31
62.48,62.48,53.37,73.28,63.17
61.80,61.80,50.89,75.64,61.02
62.89,62.89,48.12,74.01,60.65
64.79,64.79,44.95,75.25,64.34
62.19,62.19,45.11,73.58,60.39
60.31,60.31,50.25,74.76,57.27
60.51,60.51,59.44,72.00,58.24
64.93,64.93,67.67,72.43,52.88
76.12,76.12,85.15,71.27,56.40
72.98,72.98,83.86,63.74,57.20
77.35,77.35,85.64,57.47,56.97
76.93,76.93,82.30,63.98,55.70
70.60,70.60,87.24,70.01,59.11
75.34,75.34,85.41,73.51,60.16
78.61,78.61,85.96,70.13,60.31
78.21,78.21,82.74,70.92,59.74
79.01,79.01,78.77,72.48,61.75
79.23,79.23,74.19,73.38,60.22
78.71,78.71,69.34,71.11,62.77
79.06,79.06,70.06,74.01,61.83
79.02,79.02,60.46,74.47,62.43
78.27,78.27,57.34,71.13,62.41
75.36,75.36,58.83,72.76,62.02
72.50,72.50,55.92,73.58,61.70
72.95,72.95,56.98,72.07,62.10
72.72,72.72,52.32,70.36,61.49
71.29,71.29,45.58,72.78,64.29
69.17,69.17,41.93,72.46,59.09
68.69,68.69,38.90,69.08,62.39
68.87,68.87,38.15,72.72,59.48
72.48,72.48,36.90,72.50,62.41
72.24,72.24,35.98,69.53,57.40
75.14,75.14,37.11,69.49,61.07
74.10,74.10,43.21,73.04,57.44
73.49,73.49,49.57,69.72,55.04
70.33,70.33,55.61,70.06,56.09
74.13,74.13,66.76,71.82,60.09
70.40,70.40,63.02,64.10,59.89
63.59,63.59,64.07,69.99,62.45
59.19,59.19,57.08,64.70,58.66
61.89,61.89,54.15,63.47,59.49
61.58,61.58,46.98,63.06,60.16
59.18,59.18,52.26,64.40,59.64
61.48,61.48,47.46,57.30,59.92
64.44,64.44,48.24,54.63,55.30
64.66,64.66,47.97,42.86,54.98
60.88,60.88,61.47,42.35,51.59
68.32,68.32,73.12,51.32,51.24
75.72,75.72,90.01,55.60,57.11
77.03,77.03,88.78,58.24,52.04
76.91,76.91,91.45,62.03,52.27
75.03,75.03,88.58,66.64,52.56
71.00,71.00,91.10,67.06,57.17
72.17,72.17,89.31,68.81,58.83
73.31,73.31,89.93,68.54,57.23
75.00,75.00,87.23,69.53,59.65
70.90,70.90,80.13,72.68,61.21
72.64,72.64,80.83,72.80,58.74
70.68,70.68,81.10,72.72,57.05
70.55,70.55,75.91,71.29,56.72
67.31,67.31,78.84,70.97,56.00
68.35,68.35,79.67,72.71,56.03
70.80,70.80,76.21,76.79,57.44
70.21,70.21,78.62,75.49,60.16
69.05,69.05,78.49,76.11,59.26
71.62,71.62,75.58,75.81,56.90
71.32,71.32,77.61,76.96,59.82
71.83,71.83,77.77,75.79,56.48
67.30,67.30,73.91,75.64,59.07
70.98,70.98,76.36,75.60,58.94
74.10,74.10,76.54,76.26,58.82
73.72,73.72,72.87,75.06,52.99
71.98,71.98,75.37,71.11,53.48
67.53,67.53,74.86,59.50,53.07
72.72,72.72,78.83,57.58,54.42
72.35,72.35,83.42,67.60,57.69
72.29,72.29,78.65,78.15,57.18
68.92,68.92,72.92,77.80,53.72
73.24,73.24,70.96,78.32,56.38
75.08,75.08,72.31,78.40,54.50
76.68,76.68,70.66,77.97,55.42
76.51,76.51,70.06,76.33,55.75
77.37,77.37,69.95,75.90,54.23
75.53,75.53,70.17,76.00,54.34
74.56,74.56,67.63,76.49,54.54
75.48,75.48,68.89,76.91,54.07
75.31,75.31,67.87,76.17,54.79
71.09,71.09,65.73,76.19,55.14
69.57,69.57,69.22,76.06,54.60
73.59,73.59,68.84,76.50,56.77
75.44,75.44,64.87,76.91,57.52
75.51,75.51,65.52,76.91,60.35
75.90,75.90,65.54,75.69,61.64
73.50,73.50,61.17,75.21,60.68
72.73,72.73,58.57,74.58,58.14
73.28,73.28,51.26,74.72,60.26
74.12,74.12,44.02,75.66,59.73
75.15,75.15,44.04,75.61,59.38
76.04,76.04,45.44,75.67,60.77
72.47,72.47,46.06,75.59,60.29
73.89,73.89,50.61,75.52,56.51
71.94,71.94,59.93,75.02,59.40
72.52,72.52,61.82,74.67,61.14
76.00,76.00,57.65,75.15,64.23
67.87,67.87,54.18,74.25,64.16
71.45,71.45,50.93,74.54,64.33
76.05,76.05,50.31,72.40,62.89
74.70,74.70,46.77,69.79,64.88
73.94,73.94,44.76,69.69,64.26
71.91,71.91,43.83,61.86,60.45
72.83,72.83,42.72,52.72,63.06
74.93,74.93,43.16,51.89,61.37
73.53,73.53,46.95,53.49,63.23
73.85,73.85,52.37,61.12,63.84
72.72,72.72,60.90,73.61,63.32
76.44,76.44,69.07,70.62,60.45
77.08,77.08,65.18,74.23,62.72
75.13,75.13,61.86,74.91,59.34
72.79,72.79,59.62,74.50,59.48
71.51,71.51,57.79,75.11,58.96
71.84,71.84,56.87,74.92,60.18
71.00,71.00,54.22,74.23,59.02
71.00,71.00,53.13,74.87,60.96
70.63,70.63,50.24,73.81,59.09
70.65,70.65,46.61,73.89,58.39
71.85,71.85,52.68,72.37,58.32
71.57,71.57,67.79,68.72,54.42
69.60,69.60,74.58,67.63,55.95
65.59,65.59,92.30,64.87,54.52
66.98,66.98,90.15,61.86,56.38
69.03,69.03,92.02,64.17,57.46
72.78,72.78,83.97,71.83,64.95
75.30,75.30,85.59,73.45,64.25
74.01,74.01,85.03,74.65,63.42
76.47,76.47,76.11,77.10,65.07
72.66,72.66,82.03,74.27,61.20
73.00,73.00,78.99,74.65,62.28
71.57,71.57,81.52,74.89,62.10
73.64,73.64,77.21,75.42,61.14
70.92,70.92,80.93,74.58,61.40
71.76,71.76,80.94,75.88,63.55
71.23,71.23,77.33,76.58,60.49
70.82,70.82,80.29,73.97,61.00
73.30,73.30,78.99,75.56,59.16
73.11,73.11,76.41,74.99,57.26
73.09,73.09,79.40,74.67,56.70
76.10,76.10,77.46,73.97,59.84
76.69,76.69,75.27,75.17,57.09
75.97,75.97,77.84,73.84,60.43
72.05,72.05,76.23,72.31,60.36
70.38,70.38,73.82,74.18,59.78
70.38,70.38,76.08,74.95,59.89
71.61,71.61,75.97,70.06,59.65
70.90,70.90,73.10,66.56,60.46
72.43,72.43,78.08,65.32,58.30
71.65,71.65,92.75,63.21,58.08
71.79,71.79,88.17,59.98,58.77
73.55,73.55,90.92,61.72,59.32
74.78,74.78,85.20,61.50,60.82
75.86,75.86,90.50,66.39,64.33
77.01,77.01,91.71,71.52,61.99
77.24,77.24,88.35,71.50,62.89
77.21,77.21,88.49,71.00,60.25
74.14,74.14,81.75,71.48,61.14
72.71,72.71,84.12,73.23,60.23
73.31,73.31,82.98,69.21,62.44
70.85,70.85,78.47,64.01,59.84
70.98,70.98,80.89,55.61,59.46
73.07,73.07,80.36,60.03,61.39
73.60,73.60,77.15,61.87,59.88
77.19,77.19,80.09,69.69,63.60
75.64,75.64,78.73,74.27,64.43
78.00,78.00,75.29,72.77,65.13
74.76,74.76,78.66,73.76,62.49
72.71,72.71,77.88,72.73,62.55
74.39,74.39,74.49,71.88,62.84
73.05,73.05,77.29,73.72,61.16
73.43,73.43,76.51,74.66,63.00
72.79,72.79,73.25,75.03,62.92
73.30,73.30,75.84,74.52,62.86
70.17,70.17,75.59,74.38,59.56
69.02,69.02,78.32,73.20,53.91
70.42,70.42,82.79,72.83,57.34
70.19,70.19,78.41,74.65,57.13
66.17,66.17,74.26,76.95,60.04
70.06,70.06,72.34,74.42,59.36
73.38,73.38,73.06,74.83,61.21
71.99,71.99,70.52,76.23,61.78
70.22,70.22,69.10,76.20,61.72
69.91,69.91,72.56,76.30,62.91
65.88,65.88,69.44,76.08,63.66
68.84,68.84,68.05,75.15,63.66
68.73,68.73,70.17,74.63,62.50
69.71,69.71,67.25,75.29,62.82
67.61,67.61,65.61,75.30,63.74
68.00,68.00,67.41,76.01,65.37
66.37,66.37,64.65,71.52,66.43
64.83,64.83,62.56,74.44,65.68
64.47,64.47,66.12,73.07,65.19
65.26,65.26,65.55,73.02,66.51
58.49,58.49,60.58,73.49,66.06
63.28,63.28,65.00,71.70,66.90
67.18,67.18,62.60,72.02,67.49
68.53,68.53,51.99,70.55,66.57
65.78,65.78,43.95,70.98,64.21
63.75,63.75,44.41,65.72,64.15
61.53,61.53,46.50,58.18,60.98
61.14,61.14,48.50,57.77,63.53
64.12,64.12,53.48,54.74,61.65
57.60,57.60,63.49,62.06,59.25
59.68,59.68,64.87,75.01,61.76
60.52,60.52,59.63,76.29,59.24
59.99,59.99,53.78,74.31,59.51
61.33,61.33,48.68,74.71,63.83
59.70,59.70,46.53,75.09,58.31
62.43,62.43,42.90,73.90,56.39
64.29,64.29,40.99,76.12,61.77
65.64,65.64,37.82,72.63,60.66
66.59,66.59,48.12,76.51,56.86
67.80,67.80,61.94,71.87,61.13
72.03,72.03,72.23,71.57,59.35
80.63,80.63,88.41,69.82,60.21
77.33,77.33,84.53,64.82,59.87
78.21,78.21,85.71,58.63,58.42
75.48,75.48,82.02,56.90,56.31
72.01,72.01,87.83,71.27,60.94
72.86,72.86,84.40,73.54,59.89
73.66,73.66,86.59,71.23,61.07
72.60,72.60,80.81,72.70,60.78
75.55,75.55,79.45,72.60,61.68
71.98,71.98,72.57,71.89,61.25
71.14,71.14,69.60,70.99,61.82
76.58,76.58,68.81,73.25,60.29
75.59,75.59,60.16,72.84,62.77
78.73,78.73,58.85,69.58,60.04
78.87,78.87,58.44,72.60,61.29
75.18,75.18,56.94,73.69,61.02
74.93,74.93,56.81,70.28,62.03
71.32,71.32,50.41,71.59,62.79
73.72,73.72,45.00,72.51,61.42
73.08,73.08,41.66,71.38,60.67
70.69,70.69,42.70,69.62,62.43
72.14,72.14,43.68,72.44,59.07
70.68,70.68,47.40,72.48,59.52
68.69,68.69,43.95,68.17,60.83
71.99,71.99,42.81,72.01,58.92
71.28,71.28,44.54,72.95,61.32
69.82,69.82,48.59,69.20,57.52
65.76,65.76,58.23,70.76,57.77
66.56,66.56,66.91,71.97,59.90
63.58,63.58,62.24,64.96,58.03
64.60,64.60,64.18,71.04,57.91
59.89,59.89,56.42,63.77,54.92
62.08,62.08,54.53,63.69,59.05
62.37,62.37,49.79,63.42,59.80
66.43,66.43,53.40,64.13,56.54
65.74,65.74,47.47,56.88,58.31
61.70,61.70,48.34,53.09,55.59
65.89,65.89,47.39,44.74,55.54
61.74,61.74,62.05,40.43,54.25
63.13,63.13,72.85,51.90,55.36
67.17,67.17,92.06,60.03,57.35
73.86,73.86,90.33,54.24,57.45
74.56,74.56,89.73,64.34,57.87
74.25,74.25,83.93,70.14,59.52
73.80,73.80,93.40,70.35,57.46
75.88,75.88,89.29,67.50,55.31
73.80,73.80,91.51,68.27,59.34
69.73,69.73,86.33,70.24,59.15
71.19,71.19,84.97,70.75,60.00
69.74,69.74,84.17,70.35,57.48
70.26,70.26,80.18,71.45,60.54
61.63,61.63,81.87,72.05,58.47
61.88,61.88,80.33,71.91,59.75
63.68,63.68,77.69,73.76,63.16
64.08,64.08,80.75,77.31,68.03
64.67,64.67,79.35,76.20,66.43
69.13,69.13,76.07,77.06,65.47
68.39,68.39,78.94,75.69,65.63
66.89,66.89,78.24,76.77,64.39
66.03,66.03,75.55,76.65,62.29
66.03,66.03,78.22,76.84,64.39
66.16,66.16,76.77,77.00,64.60
65.92,65.92,74.16,75.66,63.56
66.33,66.33,76.95,75.61,63.81
66.44,66.44,75.05,71.93,62.51
68.67,68.67,73.62,54.98,59.37
65.98,65.98,78.16,56.11,59.08
73.40,73.40,83.08,69.97,59.39
78.25,78.25,78.79,73.72,61.02
78.24,78.24,74.20,73.29,62.09
79.50,79.50,73.11,76.57,60.59
78.58,78.58,69.31,74.78,64.14
71.94,71.94,72.25,76.45,60.85
73.71,73.71,72.55,76.72,59.80
74.78,74.78,67.48,76.07,64.02
76.06,76.06,68.92,75.43,60.44
73.39,73.39,71.24,76.28,62.07
73.02,73.02,67.23,76.21,62.97
78.26,78.26,68.18,76.35,62.74
80.12,80.12,70.22,76.01,65.16
77.41,77.41,68.15,75.10,64.49
73.45,73.45,64.59,74.47,62.48
78.35,78.35,69.52,75.57,67.97
79.08,79.08,66.23,75.78,63.51
76.32,76.32,62.21,76.35,63.37
78.15,78.15,66.86,75.55,66.85
78.18,78.18,61.68,75.60,61.36
79.21,79.21,57.59,75.71,63.03
77.74,77.74,60.42,75.59,65.38
77.89,77.89,48.29,75.83,62.78
77.28,77.28,48.61,75.23,65.86
79.19,79.19,48.76,75.19,65.94
79.30,79.30,52.16,75.03,62.93
79.18,79.18,61.77,74.61,65.07
79.20,79.20,63.55,76.84,61.57
77.18,77.18,58.81,75.86,64.16
78.86,78.86,54.78,72.56,64.76
72.56,72.56,51.49,75.24,66.17
78.61,78.61,50.10,75.53,63.04
78.29,78.29,47.55,75.52,65.49
77.31,77.31,45.25,74.56,60.95
78.12,78.12,43.51,74.33,63.65
77.69,77.69,42.62,75.91,60.30
76.96,76.96,43.54,75.41,60.96
75.82,75.82,47.81,76.62,60.69
76.93,76.93,56.38,69.24,61.95
72.48,72.48,65.71,72.68,62.88
75.56,75.56,67.11,65.82,64.76
69.48,69.48,62.89,70.51,64.06
75.85,75.85,61.14,76.34,66.10
76.04,76.04,58.31,75.02,63.84
76.70,76.70,55.36,73.97,61.38
70.35,70.35,54.76,76.42,62.39
66.67,66.67,55.07,72.95,61.45
67.93,67.93,52.26,75.47,61.70
67.64,67.64,47.35,74.24,60.53
66.11,66.11,45.37,74.60,62.08
69.20,69.20,53.38,74.32,61.17
70.79,70.79,65.27,70.75,63.43
69.27,69.27,71.04,66.87,62.16
66.14,66.14,92.84,63.09,62.47
70.79,70.79,90.44,63.52,64.59
70.14,70.14,92.78,63.68,64.30
74.96,74.96,83.14,70.41,66.74
71.47,71.47,85.85,69.87,69.85
71.89,71.89,85.05,73.53,67.71
70.82,70.82,78.39,74.38,68.69
73.90,73.90,83.36,69.74,69.78
75.80,75.80,79.96,71.62,67.94
76.39,76.39,82.18,72.24,66.28
78.71,78.71,77.93,67.90,66.81
80.70,80.70,81.88,71.60,66.28
78.36,78.36,80.52,71.84,66.54
76.57,76.57,77.75,71.07,65.64
79.14,79.14,80.63,69.29,65.15
82.39,82.39,78.50,72.81,66.45
85.12,85.12,77.30,72.48,66.11
85.68,85.68,79.36,67.29,65.20
82.42,82.42,76.43,71.79,65.54
82.53,82.53,76.51,71.78,64.67
83.44,83.44,77.90,68.80,63.73
78.71,78.71,75.08,69.92,66.58
81.13,81.13,75.08,71.54,64.79
79.77,79.77,76.43,71.74,64.46
78.73,78.73,75.09,71.06,63.40
78.89,78.89,74.49,67.05,62.64
75.88,75.88,80.52,64.80,63.97
79.53,79.53,90.94,66.48,65.27
82.21,82.21,91.67,62.05,65.31
79.04,79.04,88.25,63.17,61.87
77.44,77.44,88.41,62.41,62.28
80.93,80.93,89.40,64.34,60.45
80.33,80.33,87.77,65.29,62.77
78.31,78.31,79.34,63.54,63.45
80.36,80.36,79.25,66.41,63.50
79.11,79.11,78.13,68.49,61.77
80.38,80.38,75.85,59.52,66.64
80.24,80.24,77.07,59.71,65.30
79.95,79.95,79.80,51.92,66.04
81.52,81.52,78.28,53.98,65.20
80.42,80.42,78.05,57.67,67.64
80.27,80.27,79.97,58.82,63.99
79.23,79.23,76.86,71.35,64.10
80.09,80.09,78.28,74.76,66.97
80.19,80.19,79.55,72.64,66.80
81.45,81.45,76.04,71.59,68.15
78.47,78.47,77.74,71.00,66.97
78.02,78.02,78.13,70.20,66.73
81.78,81.78,74.46,70.45,64.04
77.48,77.48,76.48,71.05,65.93
77.82,77.82,76.74,71.21,64.13
79.38,79.38,73.81,71.60,65.68
78.58,78.58,74.64,69.17,61.48
77.30,77.30,77.90,67.35,63.62
69.32,69.32,83.16,68.59,62.38
71.02,71.02,78.03,73.01,61.26
71.39,71.39,74.87,75.86,60.07
67.34,67.34,73.68,73.79,60.04
65.93,65.93,72.46,75.08,59.49
67.42,67.42,73.01,76.17,60.06
62.47,62.47,70.75,76.32,61.29
65.96,65.96,69.09,75.86,63.63
65.24,65.24,69.40,75.64,63.21
64.41,64.41,71.28,75.31,66.06
62.12,62.12,67.03,75.17,65.43
66.12,66.12,67.78,75.64,67.06
66.47,66.47,69.86,74.96,62.81
70.09,70.09,66.46,74.12,66.20
71.93,71.93,66.42,74.28,63.58
65.55,65.55,69.72,73.44,65.80
62.19,62.19,64.42,71.84,62.14
64.86,64.86,63.61,72.06,64.50
62.98,62.98,66.74,72.16,61.29
64.83,64.83,61.94,71.25,65.03
63.56,63.56,61.45,71.21,62.47
64.34,64.34,60.22,70.69,63.60
64.77,64.77,41.78,70.61,64.19
64.91,64.91,44.70,64.67,62.75
66.86,66.86,46.34,59.05,59.86
65.60,65.60,46.78,57.89,59.58
65.54,65.54,49.94,52.84,63.21
61.26,61.26,62.20,66.81,60.37
58.10,58.10,63.44,74.62,62.08
56.94,56.94,58.57,75.68,57.81
60.02,60.02,54.63,74.39,59.65
63.25,63.25,50.96,76.07,61.49
64.00,64.00,46.76,73.80,58.77
59.77,59.77,44.11,76.23,58.96
57.73,57.73,40.53,74.45,61.26
60.00,60.00,38.31,73.51,60.94
55.99,55.99,50.51,75.56,55.97
62.64,62.64,60.96,70.16,60.17
58.22,58.22,70.56,71.96,53.92
66.96,66.96,90.64,68.39,58.46
69.93,69.93,83.36,63.55,61.17
75.77,75.77,84.59,58.89,55.24
80.52,80.52,81.76,58.60,57.42
79.74,79.74,88.62,71.65,57.93
77.59,77.59,84.38,72.82,57.68
78.44,78.44,86.28,70.59,59.77
73.16,73.16,80.70,72.36,60.60
80.29,80.29,78.95,73.80,60.18
75.29,75.29,71.08,71.58,59.52
72.96,72.96,71.55,72.53,60.67
63.19,63.19,67.53,73.81,62.61
62.42,62.42,60.64,71.76,62.46
61.31,61.31,58.32,71.70,62.60
61.15,61.15,56.00,73.41,61.20
66.71,66.71,55.70,72.90,59.02
79.65,79.65,54.02,70.29,63.34
76.60,76.60,49.56,73.32,60.94
72.78,72.78,45.75,73.38,60.68
71.33,71.33,41.27,69.95,60.76
69.06,69.06,36.18,71.49,59.82
69.14,69.14,34.47,72.54,60.68
71.32,71.32,32.16,71.04,60.67
73.62,73.62,31.87,69.12,60.71
69.73,69.73,33.71,72.14,57.55
68.58,68.58,37.67,72.52,57.28
69.68,69.68,45.23,69.09,57.20
68.78,68.78,55.57,72.48,60.02
69.84,69.84,64.05,72.00,60.75
67.98,67.98,62.18,66.86,64.61
72.59,72.59,58.47,71.68,59.38
76.27,76.27,52.21,65.13,58.42
76.21,76.21,49.78,64.17,58.52
71.85,71.85,44.98,63.95,59.35
66.43,66.43,46.51,64.63,59.16
71.29,71.29,43.82,58.67,56.63
75.64,75.64,44.54,54.59,52.45
74.74,74.74,51.45,46.08,52.97
71.19,71.19,64.72,43.16,49.47
78.84,78.84,72.24,54.20,53.24
75.42,75.42,92.72,59.41,56.87
76.28,76.28,89.95,60.92,55.01
75.44,75.44,91.21,66.91,51.50
74.50,74.50,81.54,68.37,55.26
70.09,70.09,92.90,65.96,58.00
72.76,72.76,89.94,69.68,56.98
74.52,74.52,91.00,70.58,59.91
73.73,73.73,86.55,69.61,60.00
71.13,71.13,85.49,70.39,58.59
70.63,70.63,83.16,69.98,56.94
73.76,73.76,81.36,71.10,59.27
73.98,73.98,82.19,70.33,58.13
72.00,72.00,78.58,71.03,61.46
70.28,70.28,79.50,73.15,59.79
71.61,71.61,80.75,77.27,61.83
69.55,69.55,77.22,76.10,59.13
68.94,68.94,78.37,76.88,59.53
68.46,68.46,78.88,76.08,59.73
69.78,69.78,76.08,76.73,59.61
70.05,70.05,77.61,77.33,58.28
71.22,71.22,78.06,76.58,61.07
69.30,69.30,74.58,76.39,58.53
68.63,68.63,76.12,75.71,57.01
72.86,72.86,76.81,75.43,56.08
73.06,73.06,72.94,69.75,54.43
69.66,69.66,74.79,55.11,52.56
72.17,72.17,78.34,59.27,55.56
75.11,75.11,81.92,72.50,57.11
72.32,72.32,77.79,79.43,59.29
72.84,72.84,73.20,77.86,60.91
77.15,77.15,72.77,77.80,62.40
74.31,74.31,70.19,78.30,59.85
74.30,74.30,72.39,77.28,59.58
76.25,76.25,70.66,76.20,61.19
76.43,76.43,68.41,76.03,59.13
79.12,79.12,69.83,76.55,58.59
71.59,71.59,70.92,77.05,58.79
70.15,70.15,65.70,77.68,57.69
73.90,73.90,67.53,76.56,58.99
77.56,77.56,70.19,76.39,58.99
75.73,75.73,66.36,76.31,60.64
75.50,75.50,65.97,76.80,60.77
72.20,72.20,69.56,77.43,60.92
75.56,75.56,63.37,76.96,59.50
73.81,73.81,64.19,76.45,61.13
75.94,75.94,66.49,75.91,57.29
75.20,75.20,58.96,75.82,62.72
74.71,74.71,60.03,76.28,59.48
72.68,72.68,56.00,76.30,62.70
73.24,73.24,46.73,76.25,60.15
74.92,74.92,49.43,76.03,59.83
72.79,72.79,47.83,75.69,62.40
76.96,76.96,51.39,75.51,60.60
75.44,75.44,61.74,75.39,60.49
73.76,73.76,60.78,75.45,64.63
72.58,72.58,56.68,75.54,63.12
76.60,76.60,53.69,74.66,65.01
76.10,76.10,51.76,73.75,66.79
71.04,71.04,47.35,72.06,66.46
65.36,65.36,45.36,70.52,65.70
70.69,70.69,43.01,68.20,64.74
74.41,74.41,40.93,59.83,66.18
73.41,73.41,40.14,47.79,64.33
70.93,70.93,40.20,52.61,64.11
72.14,72.14,45.42,54.83,65.05
74.49,74.49,50.47,60.77,65.76
73.92,73.92,61.91,74.83,66.41
77.76,77.76,67.02,71.35,66.85
73.43,73.43,64.50,74.94,66.82
70.97,70.97,60.84,74.63,67.13
74.32,74.32,59.38,73.80,67.36
74.66,74.66,58.12,73.74,65.85
73.47,73.47,56.51,73.63,65.75
73.84,73.84,55.57,73.25,63.11
73.60,73.60,54.02,73.72,59.05
71.65,71.65,51.45,73.11,58.67
71.74,71.74,50.04,73.74,60.21
70.57,70.57,56.01,71.36,57.11
69.71,69.71,68.76,68.18,52.54
71.10,71.10,75.59,68.63,56.74
71.77,71.77,91.99,65.24,57.13
71.84,71.84,87.81,59.76,59.10
75.73,75.73,91.19,65.49,61.06
77.70,77.70,84.96,72.89,67.19
74.93,74.93,90.19,74.07,65.85
74.33,74.33,93.00,74.68,62.87
76.60,76.60,87.85,75.58,65.04
73.13,73.13,88.88,73.69,64.93
71.94,71.94,85.39,74.34,63.17
74.45,74.45,81.37,75.32,65.73
75.67,75.67,83.66,74.35,63.37
76.54,76.54,81.31,75.84,63.74
77.71,77.71,77.95,76.41,64.39
76.35,76.35,80.96,74.25,62.76
76.71,76.71,79.56,75.35,62.33
76.72,76.72,76.87,75.27,63.48
75.77,75.77,79.48,74.57,63.04
73.38,73.38,78.09,73.55,64.03
73.21,73.21,75.84,75.59,64.51
75.83,75.83,78.41,75.41,63.11
72.22,72.22,76.97,72.41,63.57
73.45,73.45,74.41,73.98,62.96
75.32,75.32,76.94,73.90,61.96
75.49,75.49,75.93,72.72,62.31
71.53,71.53,70.33,68.99,57.44
70.04,70.04,75.32,67.81,54.13
71.90,71.90,83.60,67.31,54.25
69.65,69.65,92.73,63.97,54.61
75.66,75.66,90.51,62.33,60.67
75.77,75.77,87.60,62.70,59.87
74.87,74.87,86.60,61.30,60.17
73.58,73.58,92.81,69.09,61.76
74.62,74.62,88.96,72.00,60.88
74.24,74.24,89.18,71.29,61.35
76.33,76.33,86.55,69.16,59.10
74.60,74.60,81.09,73.21,59.46
72.84,72.84,84.04,72.26,61.34
73.01,73.01,81.49,66.26,62.24
74.90,74.90,79.23,61.40,58.10
74.80,74.80,81.36,56.24,61.47
70.72,70.72,78.92,56.56,61.73
69.43,69.43,79.11,60.88,59.97
74.14,74.14,80.36,71.24,63.90
72.28,72.28,76.91,75.41,60.13
70.61,70.61,77.75,73.75,60.55
70.35,70.35,79.52,73.58,59.97
70.68,70.68,76.16,72.37,61.14
69.81,69.81,77.03,72.79,61.95
69.91,69.91,77.87,73.69,62.62
68.31,68.31,74.65,74.62,61.53
66.32,66.32,75.76,74.71,60.74
72.99,72.99,76.81,74.37,61.36
77.79,77.79,74.39,74.11,60.19
74.86,74.86,80.43,71.09,56.61
73.18,73.18,83.01,73.16,58.96
68.60,68.60,77.61,75.20,59.09
70.81,70.81,74.16,77.00,57.74
73.88,73.88,73.03,73.47,56.83
69.23,69.23,73.26,75.43,59.26
67.32,67.32,71.07,75.83,59.18
63.60,63.60,71.02,75.82,60.50
69.07,69.07,72.72,76.14,63.09
64.62,64.62,69.75,75.99,60.90
69.50,69.50,69.44,75.27,63.75
66.46,66.46,70.42,74.67,63.10
65.92,65.92,66.77,75.16,62.28
65.99,65.99,67.71,75.78,61.47
66.29,66.29,67.43,75.14,64.25
64.57,64.57,64.15,72.44,62.44
63.71,63.71,64.86,73.09,65.12
61.88,61.88,67.85,73.83,63.19
60.59,60.59,63.39,73.35,61.65
63.42,63.42,63.88,72.95,64.58
62.58,62.58,66.47,72.39,66.19
62.61,62.61,62.10,70.69,63.45
61.86,61.86,60.40,72.48,62.46
61.71,61.71,56.73,70.73,64.91
61.95,61.95,44.51,64.18,62.67
60.41,60.41,48.42,57.94,60.06
58.56,58.56,48.42,57.83,61.66
58.03,58.03,49.94,51.92,62.45
57.91,57.91,64.47,68.02,60.12
60.55,60.55,63.62,73.89,66.44
60.09,60.09,58.98,76.69,60.76
55.43,55.43,54.88,74.17,60.79
59.01,59.01,51.48,75.52,63.09
57.91,57.91,48.31,73.84,57.29
60.11,60.11,43.24,75.36,58.74
60.86,60.86,39.42,72.96,62.46
63.13,63.13,41.14,75.14,59.06
62.22,62.22,52.72,74.00,56.45
62.81,62.81,65.12,71.47,59.80
63.15,63.15,69.95,70.46,59.98
70.12,70.12,91.40,67.90,57.55
74.21,74.21,81.87,64.60,61.36
78.46,78.46,86.29,58.34,59.58
78.73,78.73,80.45,57.14,57.83
71.26,71.26,89.37,71.54,61.22
74.95,74.95,85.00,72.64,58.05
78.98,78.98,85.92,71.83,63.29
76.66,76.66,81.21,72.65,62.92
70.22,70.22,78.42,73.10,65.94
68.63,68.63,70.63,71.51,62.60
71.15,71.15,72.17,73.45,61.17
67.22,67.22,66.43,74.73,63.54
62.90,62.90,61.16,71.32,62.88
63.16,63.16,58.43,73.19,60.52
66.55,66.55,57.14,73.35,61.58
74.05,74.05,57.21,72.93,59.93
76.89,76.89,55.19,70.88,55.24
75.62,75.62,50.09,73.36,60.40
72.76,72.76,44.09,72.69,60.33
70.67,70.67,37.42,69.28,61.09
71.21,71.21,35.60,72.43,61.84
73.90,73.90,34.61,72.61,61.40
69.97,69.97,36.47,70.39,59.89
68.86,68.86,40.41,70.19,60.34
68.31,68.31,40.54,72.09,58.15
71.38,71.38,44.45,71.51,57.71
68.04,68.04,45.78,69.13,54.28
66.52,66.52,54.43,71.95,57.37
74.39,74.39,62.99,72.40,61.56
72.37,72.37,58.81,68.40,67.04
71.39,71.39,54.77,71.90,61.60
74.34,74.34,48.62,63.27,59.63
76.21,76.21,48.08,59.86,58.27
77.76,77.76,36.49,38.89,48.63
75.96,75.96,27.76,41.52,47.07
73.35,73.35,27.43,42.90,48.21
72.81,72.81,28.77,43.29,51.57
73.18,73.18,29.83,42.99,50.65
74.53,74.53,28.85,41.91,49.34
62.44,62.44,28.76,39.12,51.33
63.36,63.36,36.70,35.06,55.85
74.04,74.04,45.54,31.42,57.76
76.07,76.07,50.51,30.40,58.71
80.86,80.86,44.60,29.53,59.45
80.74,80.74,36.55,28.19,53.82
73.86,73.86,32.50,30.08,48.12
70.70,70.70,32.15,30.76,45.92
79.14,79.14,32.09,28.48,45.46
70.16,70.16,32.11,30.97,41.84
68.85,68.85,32.86,30.22,41.86
66.45,66.45,33.92,29.15,42.91
64.08,64.08,34.95,28.88,43.80
65.74,65.74,36.17,25.85,46.37
73.59,73.59,37.23,27.03,49.41
76.18,76.18,42.88,23.41,49.67
75.20,75.20,43.13,23.99,48.33
72.34,72.34,38.71,21.36,45.79
75.21,75.21,34.64,21.34,51.40
69.01,69.01,37.02,22.49,49.46
61.36,61.36,38.69,22.38,49.97
57.02,57.02,33.67,18.45,53.07
53.45,53.45,32.35,16.22,56.28
60.14,60.14,33.33,19.36,60.35
65.54,65.54,34.44,26.36,62.59
65.43,65.43,32.65,14.23,58.38
50.69,50.69,35.83,19.00,48.58
56.07,56.07,48.12,12.57,46.26
58.93,58.93,56.32,16.14,43.97
65.61,65.61,51.81,19.87,48.24
67.28,67.28,43.53,21.86,45.51
73.79,73.79,37.09,23.13,45.34
75.98,75.98,32.32,15.63,42.76
75.24,75.24,34.28,20.42,45.16
74.92,74.92,34.31,20.43,44.72
72.18,72.18,31.02,16.84,43.26
69.93,69.93,32.01,21.35,44.42
63.81,63.81,29.70,19.29,42.96
60.20,60.20,31.62,17.08,45.39
60.86,60.86,29.60,17.21,49.01
62.47,62.47,29.78,16.31,50.11
67.98,67.98,32.24,18.34,51.24
70.59,70.59,41.48,17.70,54.47
69.96,69.96,36.80,13.65,49.29
69.71,69.71,34.09,12.28,47.54
70.53,70.53,32.19,12.23,47.58
68.91,68.91,33.16,12.94,45.21
68.84,68.84,34.85,15.48,49.15
68.11,68.11,34.98,15.80,48.93
68.43,68.43,36.21,14.78,46.14
68.82,68.82,35.93,14.64,48.09
69.16,69.16,35.18,13.79,44.63
68.25,68.25,33.99,11.99,45.27
68.83,68.83,33.70,12.26,46.71
69.03,69.03,40.96,13.37,45.10
69.30,69.30,44.74,12.91,49.32
69.51,69.51,48.52,12.00,53.61
70.57,70.57,48.47,12.79,50.76
70.32,70.32,46.47,11.31,50.73
70.93,70.93,45.66,12.08,50.59
69.64,69.64,43.73,12.68,51.07
69.98,69.98,42.07,11.45,51.16
69.39,69.39,41.03,13.51,50.55
69.78,69.78,39.75,13.65,53.50
70.42,70.42,39.17,13.92,50.95
70.22,70.22,37.19,13.78,47.44
70.98,70.98,38.23,13.17,45.27
70.16,70.16,42.13,10.16,45.24
69.23,69.23,42.84,7.71,47.12
68.79,68.79,39.37,7.53,50.41
69.95,69.95,34.69,15.02,51.30
69.12,69.12,32.92,26.97,51.37
68.72,68.72,33.52,38.92,46.61
66.94,66.94,37.35,44.05,45.49
68.59,68.59,47.91,53.45,45.55
70.68,70.68,53.78,72.01,56.22
66.22,66.22,51.41,72.63,54.87
71.10,71.10,51.98,72.05,57.91
72.73,72.73,59.47,71.47,58.77
70.36,70.36,71.03,65.91,55.97
69.91,69.91,80.15,66.59,57.93
73.16,73.16,92.55,62.81,64.01
76.93,76.93,88.31,59.04,63.03
77.52,77.52,92.00,64.11,63.10
77.80,77.80,80.16,71.31,68.14
73.42,73.42,87.75,72.52,70.93
73.73,73.73,91.99,76.25,71.64
74.88,74.88,86.49,75.40,71.38
76.29,76.29,89.09,75.21,71.96
73.94,73.94,82.60,74.42,71.04
73.26,73.26,84.03,75.06,72.84
75.71,75.71,83.17,74.07,71.60
77.17,77.17,79.08,75.38,70.04
77.00,77.00,81.12,75.78,71.18
76.33,76.33,79.83,73.69,70.88
76.63,76.63,77.55,75.71,71.06
76.69,76.69,79.62,75.02,71.78
75.82,75.82,78.04,73.94,72.11
77.92,77.92,75.53,73.36,70.64
75.06,75.06,78.16,74.68,70.55
74.96,74.96,76.78,73.80,67.78
72.93,72.93,74.07,72.25,67.76
75.46,75.46,76.90,73.86,67.88
75.85,75.85,75.62,74.42,65.61
76.05,76.05,72.53,71.81,67.61
74.68,74.68,76.56,69.31,67.03
73.05,73.05,71.65,66.29,66.07
74.71,74.71,86.85,68.85,66.13
70.97,70.97,89.72,64.36,64.92
73.01,73.01,87.64,63.31,67.92
74.50,74.50,89.09,61.59,67.10
76.33,76.33,89.86,61.98,66.85
74.03,74.03,92.49,70.09,65.21
73.59,73.59,88.04,72.04,65.35
74.32,74.32,87.63,70.99,66.25
75.00,75.00,84.47,70.01,65.38
74.73,74.73,78.42,73.53,65.44
74.62,74.62,81.30,70.83,64.84
73.91,73.91,80.13,66.87,65.61
71.83,71.83,75.97,64.13,65.76
73.16,73.16,79.28,59.04,63.11
73.49,73.49,79.08,55.90,65.40
75.32,75.32,75.83,61.47,66.09
74.20,74.20,78.71,71.64,67.18
76.72,76.72,78.13,74.85,67.67
75.82,75.82,75.01,73.37,67.65
76.12,76.12,78.07,73.54,67.63
76.16,76.16,77.40,72.96,67.45
72.17,72.17,73.69,72.57,66.11
72.43,72.43,76.31,73.71,67.62
71.00,71.00,76.35,74.02,65.70
74.97,74.97,72.72,74.26,65.82
69.01,69.01,74.95,74.58,65.11
63.41,63.41,74.49,73.91,65.62
66.25,66.25,77.94,71.72,64.27
67.35,67.35,82.26,72.45,65.04
68.53,68.53,77.12,76.97,63.02
66.79,66.79,72.71,76.12,62.52
65.42,65.42,71.18,73.03,62.47
64.34,64.34,74.25,76.09,61.57
64.09,64.09,69.72,76.02,60.91
59.50,59.50,69.49,76.03,61.31
58.83,58.83,71.34,75.64,62.37
62.29,62.29,67.79,75.60,62.49
61.24,61.24,67.31,75.40,64.45
59.01,59.01,69.27,75.74,63.60
61.87,61.87,66.35,75.10,64.96
62.09,62.09,66.16,75.22,64.07
62.62,62.62,65.63,75.58,65.74
62.91,62.91,65.30,72.42,66.75
59.19,59.19,65.11,72.57,64.40
62.31,62.31,66.27,73.33,63.75
64.39,64.39,62.69,73.24,65.30
65.42,65.42,62.47,72.09,63.13
67.47,67.47,61.85,71.63,64.63
66.25,66.25,45.38,71.06,64.49
64.83,64.83,48.07,70.16,63.28
63.06,63.06,42.87,70.89,65.75
67.15,67.15,44.74,65.40,64.12
65.32,65.32,46.45,58.03,62.42
60.50,60.50,48.73,57.88,64.12
61.71,61.71,52.12,52.75,63.91
63.81,63.81,65.72,68.85,62.31
64.34,64.34,62.70,75.52,63.99
64.18,64.18,56.94,75.94,60.56
62.67,62.67,53.67,73.08,61.64
60.63,60.63,48.61,76.33,62.55
58.15,58.15,46.04,73.17,62.12
58.50,58.50,43.68,76.04,63.53
58.84,58.84,41.05,73.56,62.73
60.60,60.60,42.33,74.82,65.27
59.22,59.22,52.76,74.30,59.56
59.95,59.95,65.81,72.98,61.68
64.46,64.46,70.07,70.84,59.47
74.13,74.13,90.83,68.65,59.57
75.90,75.90,81.75,64.64,59.83
74.78,74.78,88.25,58.98,60.61
76.31,76.31,79.92,60.54,62.06
77.69,77.69,88.05,71.47,62.05
78.26,78.26,86.73,72.29,62.17
72.53,72.53,83.79,72.23,63.02
73.08,73.08,82.56,72.79,60.07
76.42,76.42,76.87,72.17,61.66
70.08,70.08,70.63,71.42,61.69
67.05,67.05,71.57,73.22,61.61
69.23,69.23,65.26,73.67,61.47
75.26,75.26,61.39,71.15,61.52
75.44,75.44,57.62,73.66,60.00
72.76,72.76,57.11,73.85,62.81
73.51,73.51,57.72,70.73,60.82
77.22,77.22,54.55,72.02,63.05
74.73,74.73,48.74,72.96,63.90
72.80,72.80,43.07,71.40,62.90
73.11,73.11,39.70,70.01,61.12
70.33,70.33,42.13,72.37,60.66
68.10,68.10,46.06,72.25,59.79
71.14,71.14,46.15,68.22,60.74
70.76,70.76,42.22,72.21,63.35
69.09,69.09,41.15,72.04,62.65
72.82,72.82,43.43,70.34,61.34
72.85,72.85,49.83,70.02,60.97
72.80,72.80,57.99,72.29,61.49
68.94,68.94,63.61,69.19,65.27
72.29,72.29,60.37,68.19,63.80
68.55,68.55,57.15,70.53,59.64
61.86,61.86,52.11,65.26,58.23
69.48,69.48,51.22,65.24,57.79
67.05,67.05,48.95,61.79,61.26
65.56,65.56,48.62,64.21,60.58
62.56,62.56,43.87,56.64,61.52
61.86,61.86,45.18,50.93,60.60
62.42,62.42,50.50,44.43,60.13
69.09,69.09,66.68,45.39,54.42
69.48,69.48,77.35,53.23,55.02
71.13,71.13,93.10,59.32,56.95
75.15,75.15,88.59,58.23,60.07
74.02,74.02,90.88,63.99,59.40
74.64,74.64,87.46,68.20,61.19
72.73,72.73,91.61,67.89,57.66
72.74,72.74,91.07,68.43,58.59
74.69,74.69,88.12,68.96,59.64
74.27,74.27,84.24,71.74,57.92
70.44,70.44,81.17,72.96,58.80
71.37,71.37,79.85,72.42,56.26
72.27,72.27,76.92,72.12,57.60
71.75,71.75,78.72,70.37,57.71
67.91,67.91,79.54,71.20,56.50
68.62,68.62,76.01,74.72,57.18
71.55,71.55,79.32,76.80,60.85
70.24,70.24,78.57,76.44,62.13
71.35,71.35,75.36,76.04,60.90
72.20,72.20,78.51,75.92,60.19
71.68,71.68,77.68,76.83,57.02
71.82,71.82,74.69,76.59,59.58
69.56,69.56,77.15,77.16,58.30
71.37,71.37,76.45,75.94,60.95
71.82,71.82,73.26,75.32,58.18
69.13,69.13,75.90,75.21,58.04
70.76,70.76,75.07,67.86,59.01
69.74,69.74,71.50,54.52,54.97
71.67,71.67,81.94,59.48,59.10
69.88,69.88,82.03,73.28,59.68
69.04,69.04,75.11,78.10,61.74
73.57,73.57,72.95,77.66,63.67
77.96,77.96,72.76,77.86,61.21
79.34,79.34,69.51,78.91,62.97
78.37,78.37,70.76,77.37,61.46
76.98,76.98,71.55,76.58,61.53
76.51,76.51,67.86,76.17,60.56
74.25,74.25,68.47,76.73,61.20
73.12,73.12,70.26,77.37,61.65
76.84,76.84,67.77,77.42,62.57
72.85,72.85,66.08,77.11,61.45
74.85,74.85,68.77,76.64,61.53
74.83,74.83,67.99,77.02,63.83
77.41,77.41,66.62,77.56,65.98
79.14,79.14,67.43,77.68,67.19
77.48,77.48,65.18,76.93,62.74
80.15,80.15,63.31,76.49,63.70
75.52,75.52,63.23,75.90,61.30
74.53,74.53,56.50,76.10,61.73
75.75,75.75,45.87,75.96,61.20
75.28,75.28,47.11,76.11,61.36
76.81,76.81,43.75,76.09,62.51
74.33,74.33,46.30,75.95,62.52
75.48,75.48,46.41,75.58,61.72
73.12,73.12,52.34,75.89,64.22
71.47,71.47,64.24,75.35,64.68
75.13,75.13,61.10,75.42,65.74
76.43,76.43,56.94,75.45,64.37
71.43,71.43,53.24,74.77,65.73
72.55,72.55,51.84,73.45,66.72
75.89,75.89,50.02,71.09,65.94
75.39,75.39,49.70,71.01,67.20
74.27,74.27,46.25,68.54,64.43
73.46,73.46,45.15,58.55,66.75
74.94,74.94,43.81,48.68,65.78
74.54,74.54,45.13,54.65,66.54
71.77,71.77,48.51,53.81,64.20
71.94,71.94,52.05,64.57,67.41
71.29,71.29,65.14,73.59,66.75
75.21,75.21,67.32,72.16,68.38
74.69,74.69,64.70,74.63,68.58
75.28,75.28,61.89,74.07,68.93
72.28,72.28,60.22,73.60,64.39
72.47,72.47,59.02,73.51,61.84
72.69,72.69,56.56,73.29,62.47
70.55,70.55,55.87,73.64,62.58
72.66,72.66,54.68,73.39,63.40
72.32,72.32,51.80,71.95,64.06
72.97,72.97,50.86,72.34,62.38
72.77,72.77,58.27,70.21,59.42
69.73,69.73,70.02,68.47,53.61
70.19,70.19,79.64,65.62,56.82
65.98,65.98,92.77,61.95,54.60
65.47,65.47,89.03,63.01,54.67
73.14,73.14,90.27,65.66,58.30
73.04,73.04,83.38,71.99,64.88
78.09,78.09,85.13,73.55,65.82
77.98,77.98,82.52,76.07,66.76
74.95,74.95,81.11,75.39,67.71
70.90,70.90,80.37,74.58,69.26
74.76,74.76,82.20,74.89,66.18
72.64,72.64,77.77,74.55,67.40
72.46,72.46,80.75,75.62,67.27
71.17,71.17,81.20,75.30,64.74
69.72,69.72,78.06,75.25,66.29
72.82,72.82,80.70,73.94,63.84
76.22,76.22,78.96,76.20,62.97
76.90,76.90,77.50,75.88,63.17
73.41,73.41,79.58,73.48,62.47
70.84,70.84,77.09,75.08,63.39
72.24,72.24,76.74,74.88,60.91
72.63,72.63,78.16,73.54,62.98
70.82,70.82,75.46,72.63,62.98
68.17,68.17,75.41,74.75,63.09
69.04,69.04,76.78,74.34,63.78
69.35,69.35,74.17,70.50,60.43
70.47,70.47,73.25,71.52,60.14
69.64,69.64,73.98,63.29,59.96
72.17,72.17,86.79,68.27,59.04
72.74,72.74,91.72,59.84,56.52
74.33,74.33,88.98,63.85,61.48
74.39,74.39,86.34,63.25,58.52
76.85,76.85,89.13,66.29,62.83
75.97,75.97,91.57,69.41,63.01
77.19,77.19,89.46,71.59,61.20
76.56,76.56,89.95,71.01,63.07
75.87,75.87,84.36,71.37,60.24
74.35,74.35,84.70,74.04,60.11
74.68,74.68,83.71,70.47,62.95
73.79,73.79,79.96,66.59,61.11
75.13,75.13,81.66,61.18,60.80
72.63,72.63,79.90,57.02,62.99
74.19,74.19,78.05,56.38,64.12
78.21,78.21,80.34,61.21,62.05
76.77,76.77,78.40,72.92,63.79
79.26,79.26,76.66,73.28,65.81
78.28,78.28,78.81,74.25,63.67
75.94,75.94,77.43,73.72,63.04
74.18,74.18,75.72,73.29,60.61
74.27,74.27,77.84,73.74,56.87
72.49,72.49,75.89,74.94,61.15
74.86,74.86,74.06,74.31,63.48
72.68,72.68,76.43,74.30,61.98
74.43,74.43,75.31,74.00,59.21
69.59,69.59,74.52,73.62,61.05
70.98,70.98,81.17,72.08,61.11
71.42,71.42,80.95,73.34,60.46
71.52,71.52,75.24,77.61,61.65
70.83,70.83,73.94,75.25,58.92
69.42,69.42,72.42,73.93,62.68
72.76,72.76,70.75,75.61,62.41
69.43,69.43,72.94,75.85,55.04
71.06,71.06,70.28,76.23,57.05
69.98,69.98,69.79,76.20,55.68
70.19,70.19,70.69,75.87,58.15
67.79,67.79,69.24,75.45,60.06
67.12,67.12,66.86,75.21,60.07
66.10,66.10,67.95,75.20,61.15
66.40,66.40,66.90,75.50,64.86
70.70,70.70,65.26,75.02,65.93
65.89,65.89,63.05,72.22,66.08
67.65,67.65,66.45,72.86,60.61
67.85,67.85,65.11,74.00,62.31
69.96,69.96,62.46,72.23,61.60
65.22,65.22,64.74,71.24,61.84
64.50,64.50,64.50,71.88,65.54
64.25,64.25,58.31,72.01,67.93
63.19,63.19,50.06,71.44,62.97
67.18,67.18,45.11,69.82,62.11
64.65,64.65,44.08,61.94,60.64
65.63,65.63,47.63,54.20,59.97
59.19,59.19,48.79,58.47,62.60
63.36,63.36,53.01,54.20,64.98
60.34,60.34,66.20,69.92,59.41
55.32,55.32,63.29,76.37,60.19
57.41,57.41,57.55,73.99,58.07
58.82,58.82,53.95,75.35,59.37
61.70,61.70,49.69,75.04,61.77
65.34,65.34,48.28,73.68,58.70
64.86,64.86,45.65,75.88,61.80
63.33,63.33,40.70,71.84,61.21
63.48,63.48,43.58,76.46,60.25
66.90,66.90,54.49,73.70,59.45
66.89,66.89,67.06,72.49,58.45
69.67,69.67,73.78,69.87,53.89
77.15,77.15,90.89,68.06,59.69
81.23,81.23,79.12,62.41,61.55
77.02,77.02,89.74,58.66,53.61
71.69,71.69,80.61,63.45,56.79
73.83,73.83,86.42,72.11,60.48
77.87,77.87,88.17,71.09,59.98
76.42,76.42,82.74,71.86,62.51
71.64,71.64,83.39,73.45,59.76
68.18,68.18,74.73,71.55,61.99
69.69,69.69,71.90,74.56,60.47
73.26,73.26,70.96,73.81,58.10
75.14,75.14,65.25,72.89,61.52
81.57,81.57,60.53,71.91,60.61
81.23,81.23,58.34,73.43,59.27
76.33,76.33,56.55,72.54,59.69
70.59,70.59,57.59,70.47,58.24
73.38,73.38,54.26,73.02,61.25
71.51,71.51,47.45,73.97,62.17
72.81,72.81,43.24,69.68,58.74
71.64,71.64,37.15,72.00,59.27
69.83,69.83,36.06,71.78,60.93
70.41,70.41,37.37,69.66,61.87
71.83,71.83,38.58,68.40,59.71
72.76,72.76,40.03,72.09,57.67
73.15,73.15,37.24,71.62,58.14
71.03,71.03,42.63,69.44,58.34
65.84,65.84,46.80,71.48,56.78
66.25,66.25,57.62,72.96,55.67
69.62,69.62,63.93,67.18,59.86
61.92,61.92,59.71,70.90,61.41
60.24,60.24,57.10,69.73,55.43
59.20,59.20,52.34,65.26,56.48
59.47,59.47,47.88,63.43,59.06
60.47,60.47,43.85,62.81,58.35
58.88,58.88,45.85,64.16,60.03
61.61,61.61,44.59,56.24,62.44
61.17,61.17,45.48,50.88,58.92
59.69,59.69,52.58,42.58,59.19
57.94,57.94,68.78,45.39,54.50
59.11,59.11,77.05,49.95,53.38
65.88,65.88,93.07,57.46,54.34
69.43,69.43,88.02,55.53,53.07
72.36,72.36,91.83,65.26,53.82
71.61,71.61,84.95,65.66,53.29
72.32,72.32,90.24,66.19,57.65
74.27,74.27,92.64,69.11,62.82
70.96,70.96,88.18,68.69,59.57
73.80,73.80,88.62,69.75,61.81
70.60,70.60,83.19,71.32,60.10
68.46,68.46,81.43,70.19,61.23
66.02,66.02,83.33,70.32,58.79
56.99,56.99,79.91,70.03,58.27
58.09,58.09,78.64,70.84,58.65
57.30,57.30,80.89,77.36,66.37
56.87,56.87,78.39,76.21,64.73
61.95,61.95,78.10,75.96,65.96
62.89,62.89,79.56,76.56,62.26
65.05,65.05,77.00,76.02,65.64
65.46,65.46,77.02,76.96,62.02
58.87,58.87,78.70,76.35,63.11
59.10,59.10,75.71,76.52,60.93
63.62,63.62,75.83,76.30,62.55
72.73,72.73,77.29,75.48,62.91
71.09,71.09,74.82,75.85,61.40
73.44,73.44,73.66,65.07,57.95
71.15,71.15,76.24,52.96,54.69
72.78,72.78,80.25,59.93,57.75
77.30,77.30,81.16,71.95,62.60
77.96,77.96,76.49,71.54,57.63
76.58,76.58,72.86,76.94,58.18
75.44,75.44,71.68,75.07,59.10
72.04,72.04,72.51,75.27,57.89
71.98,71.98,72.23,76.43,60.08
78.59,78.59,69.46,76.77,62.15
72.36,72.36,69.76,75.63,65.24
80.33,80.33,69.85,75.62,64.84
73.52,73.52,67.42,76.50,62.27
77.61,77.61,69.29,76.53,61.64
76.63,76.63,69.35,75.79,61.27
79.31,79.31,67.22,75.00,64.41
78.59,78.59,67.07,73.75,65.15
74.00,74.00,68.54,74.85,63.45
74.97,74.97,66.01,74.95,64.61
80.17,80.17,64.37,75.97,66.83
76.79,76.79,66.19,75.54,64.81
81.24,81.24,63.40,75.32,65.77
76.34,76.34,58.92,75.62,69.12
79.31,79.31,63.17,75.73,67.25
77.53,77.53,56.38,75.56,67.09
77.80,77.80,47.36,75.67,65.10
78.88,78.88,49.17,74.83,64.85
75.54,75.54,48.80,75.21,67.28
78.41,78.41,52.76,74.61,67.01
77.72,77.72,64.16,75.78,62.81
76.61,76.61,61.37,75.60,64.57
75.10,75.10,56.02,76.36,65.33
78.08,78.08,51.56,71.85,66.65
78.72,78.72,48.88,75.15,66.34
79.08,79.08,46.39,75.66,65.06
76.87,76.87,44.09,75.51,65.32
79.34,79.34,42.80,74.25,63.33
79.34,79.34,40.63,75.28,62.26
73.80,73.80,40.80,75.04,63.06
76.80,76.80,39.59,76.59,60.80
76.97,76.97,45.09,75.71,62.82
75.32,75.32,49.86,70.77,66.52
76.50,76.50,64.95,72.93,63.90
72.98,72.98,66.12,64.69,68.53
70.40,70.40,62.73,72.54,67.87
72.45,72.45,60.51,76.22,67.82
74.78,74.78,58.21,73.97,66.28
73.46,73.46,56.48,75.80,65.26
71.82,71.82,53.59,73.97,64.72
69.45,69.45,51.47,75.41,62.18
70.91,70.91,49.94,73.75,62.36
73.70,73.70,48.53,74.92,63.32
73.64,73.64,49.17,74.73,61.13
71.12,71.12,59.14,73.37,64.00
70.10,70.10,66.15,69.69,64.45
67.53,67.53,79.55,67.18,59.67
68.70,68.70,92.67,62.70,62.87
72.33,72.33,90.69,61.42,63.47
73.21,73.21,89.05,62.57,65.80
73.17,73.17,85.32,70.67,68.43
79.50,79.50,84.18,71.14,69.42
72.42,72.42,81.82,73.20,67.55
76.93,76.93,83.14,72.73,68.45
78.96,78.96,80.97,72.30,69.54
80.01,80.01,82.62,70.40,67.56
74.73,74.73,78.39,67.80,63.62
78.29,78.29,81.91,71.43,68.42
77.85,77.85,80.34,73.58,65.71
69.62,69.62,79.20,68.57,66.32
78.19,78.19,80.77,71.75,66.06
79.59,79.59,77.70,71.02,66.11
82.46,82.46,78.93,69.58,68.31
81.91,81.91,79.46,69.21,66.98
84.89,84.89,75.85,72.76,66.67
81.34,81.34,77.85,71.71,64.81
80.89,80.89,78.03,67.42,62.92
82.14,82.14,74.31,71.77,63.47
80.59,80.59,76.44,72.08,63.20
82.79,82.79,76.82,68.19,65.35
81.23,81.23,74.17,72.38,61.67
73.33,73.33,75.56,71.13,63.52
78.80,78.80,72.91,63.60,62.62
79.79,79.79,86.80,66.67,64.48
77.91,77.91,91.71,63.77,66.75
79.37,79.37,92.10,59.74,64.57
80.87,80.87,83.50,61.72,64.29
79.22,79.22,91.60,61.84,61.95
79.59,79.59,89.61,64.04,63.79
80.55,80.55,83.25,62.57,64.56
78.63,78.63,80.90,61.09,62.58
79.32,79.32,73.98,65.01,63.74
79.11,79.11,76.92,60.77,66.43
80.52,80.52,77.49,59.00,66.25
79.81,79.81,78.89,59.95,67.06
80.77,80.77,77.60,51.73,64.77
80.42,80.42,79.28,55.21,67.58
80.73,80.73,79.67,59.05,66.41
79.61,79.61,76.89,60.83,68.02
80.49,80.49,78.87,74.17,68.96
79.88,79.88,79.55,72.23,68.66
81.41,81.41,76.04,72.00,68.93
79.81,79.81,78.52,71.16,69.04
78.82,78.82,78.42,71.03,67.56
79.80,79.80,74.51,71.41,67.00
79.84,79.84,77.00,71.82,69.12
76.38,76.38,77.18,72.16,63.83
78.32,78.32,73.69,72.94,66.20
79.12,79.12,75.39,70.74,61.58
76.08,76.08,75.31,69.04,61.90
77.78,77.78,79.55,67.17,62.96
69.31,69.31,81.14,69.31,64.57
72.37,72.37,78.58,75.02,65.88
69.68,69.68,72.83,74.59,62.29
67.70,67.70,73.47,73.57,60.89
69.21,69.21,74.12,75.77,61.36
70.93,70.93,70.55,76.04,62.77
69.57,69.57,70.19,76.05,63.03
66.31,66.31,71.15,75.61,63.63
66.77,66.77,69.15,75.77,64.93
63.89,63.89,68.69,75.64,62.33
69.78,69.78,69.45,75.26,65.26
65.48,65.48,67.58,75.24,62.71
71.73,71.73,67.69,75.69,64.23
71.25,71.25,67.35,75.33,64.17
73.78,73.78,68.69,70.92,63.29
74.33,74.33,66.28,72.15,59.39
73.91,73.91,66.31,74.17,64.20
69.50,69.50,64.17,70.93,63.56
70.53,70.53,63.32,70.82,62.97
69.71,69.71,63.73,71.01,64.32
62.06,62.06,62.31,71.32,63.52
63.40,63.40,54.51,72.00,62.85
68.04,68.04,41.25,69.17,64.68
64.89,64.89,42.96,60.50,63.11
63.95,63.95,48.58,52.59,63.19
63.06,63.06,48.61,58.36,64.71
65.55,65.55,52.80,50.09,61.34
66.30,66.30,66.35,70.52,60.69
65.09,65.09,63.02,76.43,62.09
60.70,60.70,57.55,73.98,61.71
64.53,64.53,53.10,75.95,65.01
65.04,65.04,49.16,73.24,64.27
68.31,68.31,48.99,75.82,59.93
61.61,61.61,47.01,75.32,62.95
65.20,65.20,45.73,73.17,62.57
61.26,61.26,45.63,75.54,61.79
61.64,61.64,53.25,72.59,58.66
63.98,63.98,67.49,73.91,59.36
76.61,76.61,74.75,69.07,60.62
79.39,79.39,92.21,69.06,58.17
79.93,79.93,78.44,61.47,58.04
78.52,78.52,88.79,60.73,54.76
78.02,78.02,82.27,59.48,57.80
77.90,77.90,85.87,71.40,62.27
78.56,78.56,87.99,72.97,61.02
76.55,76.55,82.73,73.11,59.92
78.39,78.39,83.02,72.57,59.75
74.07,74.07,73.10,70.38,60.89
70.14,70.14,72.65,73.45,61.49
58.10,58.10,68.66,73.36,62.86
57.45,57.45,65.83,70.39,64.87
61.91,61.91,59.29,72.86,61.79
63.35,63.35,55.72,73.11,62.55
64.50,64.50,57.00,71.83,59.87
73.60,73.60,57.48,71.13,60.13
75.07,75.07,55.16,72.86,62.33
73.93,73.93,50.07,72.59,64.20
74.00,74.00,43.24,68.94,60.53
74.07,74.07,36.37,72.57,61.92
75.06,75.06,34.69,72.66,60.61
73.90,73.90,32.46,69.25,59.98
69.51,69.51,29.60,70.67,57.99
66.66,66.66,30.42,71.77,60.01
67.25,67.25,34.10,70.35,60.98
68.49,68.49,41.78,69.19,60.65
72.34,72.34,47.29,72.36,60.04
73.42,73.42,58.50,72.65,59.94
71.95,71.95,63.15,68.17,63.40
70.92,70.92,60.80,69.80,62.64
65.82,65.82,56.88,68.77,59.29
68.49,68.49,52.78,64.73,59.29
70.02,70.02,48.19,61.94,60.02
71.26,71.26,42.57,62.61,59.31
73.20,73.20,43.46,63.33,61.92
73.81,73.81,40.87,54.81,61.77
72.33,72.33,47.84,48.89,60.16
74.81,74.81,51.81,39.38,58.41
76.32,76.32,69.34,46.32,55.99
71.95,71.95,80.55,57.09,59.11
74.69,74.69,93.20,57.94,56.95
74.74,74.74,87.78,56.66,55.08
73.66,73.66,91.84,64.72,54.92
70.85,70.85,84.24,67.19,60.45
70.13,70.13,90.49,67.67,61.37
74.47,74.47,92.15,68.48,60.09
72.74,72.74,88.40,67.87,61.52
72.27,72.27,88.62,68.55,62.08
72.08,72.08,81.35,69.25,59.82
72.60,72.60,83.60,69.45,60.17
72.53,72.53,83.25,69.43,59.92
71.87,71.87,78.17,70.67,59.73
68.82,68.82,80.75,70.02,60.62
68.72,68.72,80.77,77.08,61.70
72.58,72.58,76.98,76.75,62.55
71.25,71.25,79.61,75.73,62.59
70.48,70.48,78.98,77.09,61.88
68.31,68.31,75.59,76.19,63.46
71.46,71.46,78.42,76.85,57.48
70.19,70.19,78.26,76.71,60.02
69.64,69.64,74.41,76.75,57.99
72.04,72.04,77.15,76.25,56.68
66.92,66.92,76.93,75.06,56.26
65.75,65.75,73.16,74.50,58.03
69.85,69.85,75.76,63.98,58.52
70.16,70.16,75.76,50.64,52.92
69.09,69.09,79.66,62.04,62.30
70.09,70.09,80.79,75.16,64.68
68.89,68.89,76.01,78.36,64.39
72.25,72.25,71.49,76.85,65.31
80.04,80.04,72.90,78.54,64.43
76.34,76.34,72.51,77.61,62.17
74.54,74.54,70.05,76.66,57.56
72.26,72.26,70.48,75.57,58.64
72.84,72.84,69.58,76.13,59.91
72.62,72.62,70.00,76.94,55.21
72.82,72.82,68.00,77.34,57.50
72.72,72.72,68.56,77.10,56.48
73.39,73.39,68.05,76.48,58.51
75.03,75.03,67.18,75.87,61.00
74.96,74.96,67.43,76.35,62.13
73.49,73.49,68.29,76.45,62.73
73.23,73.23,65.84,76.54,61.43
73.59,73.59,65.48,76.20,61.96
73.66,73.66,66.04,76.05,63.33
73.05,73.05,62.21,76.13,61.57
70.88,70.88,60.62,76.24,61.10
71.33,71.33,61.35,76.18,63.12
70.65,70.65,51.78,76.08,62.20
68.86,68.86,49.37,75.94,61.51
68.76,68.76,45.52,75.71,60.06
68.55,68.55,46.62,75.58,58.66
69.15,69.15,53.27,75.61,60.24
71.74,71.74,63.82,74.72,64.23
69.86,69.86,59.95,75.11,68.29
72.73,72.73,55.28,75.37,64.75
73.33,73.33,51.46,74.88,66.91
73.32,73.32,50.44,73.15,66.53
73.91,73.91,46.63,70.52,64.95
75.89,75.89,43.72,71.22,67.36
74.53,74.53,42.74,66.47,65.18
73.62,73.62,41.56,57.35,66.01
71.50,71.50,41.96,46.87,63.65
71.28,71.28,43.88,54.87,63.58
72.68,72.68,47.01,57.13,64.86
71.68,71.68,52.97,67.12,66.07
73.27,73.27,67.92,71.92,65.28
70.96,70.96,66.62,71.95,64.81
72.11,72.11,63.35,75.42,66.98
70.24,70.24,60.89,74.03,64.22
71.85,71.85,59.82,74.90,62.09
72.29,72.29,58.60,74.71,63.13
72.00,72.00,56.47,73.75,63.24
70.67,70.67,57.14,73.78,61.80
71.90,71.90,55.03,73.01,62.92
72.57,72.57,52.09,71.95,60.73
71.54,71.54,52.57,71.57,60.95
70.14,70.14,61.13,68.97,57.30
68.27,68.27,70.84,67.36,60.59
70.06,70.06,82.25,67.28,61.56
63.73,63.73,91.08,62.84,57.96
64.80,64.80,89.34,57.56,57.34
72.90,72.90,90.23,68.13,61.50
77.01,77.01,84.97,72.05,63.75
76.06,76.06,92.45,75.46,66.58
76.37,76.37,89.30,75.33,67.53
77.34,77.34,90.02,75.57,69.05
76.86,76.86,87.45,73.74,68.83
72.53,72.53,82.36,74.47,66.90
73.18,73.18,84.37,74.35,70.27
76.35,76.35,81.59,76.22,68.65
76.63,76.63,79.19,75.32,67.44
76.16,76.16,81.17,74.83,65.17
78.00,78.00,78.58,75.93,62.59
78.14,78.14,78.50,76.12,62.81
76.50,76.50,79.89,74.07,64.50
74.26,74.26,77.15,74.40,64.40
75.43,75.43,77.23,75.25,65.52
74.73,74.73,78.85,74.51,65.63
74.69,74.69,76.06,72.27,63.81
73.60,73.60,75.98,75.07,62.34
73.94,73.94,77.41,75.02,61.47
74.56,74.56,75.31,72.35,58.30
71.75,71.75,74.28,72.81,59.42
69.36,69.36,74.33,71.33,61.25
71.33,71.33,75.14,66.37,59.90
69.25,69.25,89.54,69.51,58.24
68.82,68.82,92.73,64.19,58.64
70.03,70.03,90.51,59.71,58.60
69.69,69.69,84.07,64.79,57.12
70.84,70.84,91.26,66.25,57.10
70.62,70.62,89.58,70.04,55.60
72.64,72.64,91.35,69.34,58.11
72.47,72.47,87.77,69.53,59.05
70.51,70.51,84.09,73.27,57.83
71.98,71.98,84.00,73.02,58.96
73.22,73.22,81.41,68.65,60.60
71.38,71.38,81.53,67.17,57.38
69.52,69.52,81.53,56.72,60.20
70.16,70.16,78.54,53.73,61.52
70.38,70.38,80.28,56.32,60.45
74.03,74.03,80.71,61.66,65.97
75.14,75.14,76.93,74.47,65.54
76.51,76.51,78.86,72.77,63.88
76.19,76.19,79.40,73.04,59.81
76.16,76.16,75.91,72.42,61.36
73.58,73.58,78.29,72.19,61.75
72.52,72.52,78.20,72.79,62.84
72.01,72.01,74.40,74.51,63.20
71.82,71.82,77.03,75.05,62.56
73.17,73.17,77.00,74.62,59.62
72.46,72.46,73.44,74.39,60.40
68.20,68.20,75.34,74.11,59.63
69.37,69.37,81.93,71.46,61.03
67.54,67.54,80.71,73.32,60.82
65.17,65.17,75.95,78.55,56.71
69.87,69.87,74.60,73.55,57.92
73.24,73.24,71.65,75.09,55.83
71.56,71.56,72.24,75.56,57.17
72.68,72.68,73.32,76.08,59.94
70.19,70.19,69.14,76.27,61.52
71.12,71.12,71.84,76.05,57.17
71.86,71.86,70.99,75.99,62.13
64.89,64.89,69.71,74.95,61.88
62.39,62.39,68.13,75.14,59.97
64.37,64.37,68.58,75.46,61.58
66.27,66.27,67.12,75.31,62.64
71.11,71.11,65.17,73.73,65.94
67.78,67.78,64.84,71.66,65.45
62.61,62.61,67.24,73.97,63.66
60.16,60.16,64.33,74.02,63.29
57.94,57.94,64.53,72.56,62.74
58.00,58.00,66.20,71.93,63.44
59.36,59.36,62.72,71.89,65.88
53.31,53.31,62.55,71.31,64.43
59.11,59.11,61.96,68.39,62.67
60.39,60.39,52.11,68.99,63.93
58.14,58.14,45.73,63.83,60.57
61.09,61.09,50.57,56.94,64.05
61.45,61.45,50.63,58.49,65.31
60.80,60.80,56.17,54.89,61.29
58.50,58.50,66.11,71.38,60.23
61.69,61.69,62.13,77.55,60.79
56.78,56.78,57.29,73.24,60.21
56.77,56.77,51.07,76.05,59.40
54.52,54.52,46.72,73.75,61.47
56.70,56.70,44.03,75.42,55.60
59.81,59.81,41.06,73.38,62.15
61.66,61.66,37.00,75.40,64.10
59.08,59.08,41.19,73.37,59.62
59.37,59.37,52.20,74.16,59.44
56.55,56.55,64.11,72.74,60.71
62.27,62.27,77.10,72.10,56.85
72.27,72.27,91.32,69.96,58.27
73.43,73.43,78.15,61.58,61.30
75.77,75.77,89.04,60.33,57.98
74.23,74.23,82.49,65.65,57.81
74.87,74.87,85.67,72.21,60.73
75.49,75.49,87.80,72.21,61.37
71.80,71.80,82.72,72.06,57.05
72.15,72.15,82.35,71.49,62.05
66.93,66.93,73.39,72.24,61.82
64.72,64.72,73.29,73.21,58.96
63.68,63.68,68.47,70.61,61.66
64.32,64.32,66.08,69.21,61.54
64.94,64.94,58.79,73.28,59.51
68.47,68.47,57.03,73.97,56.55
75.65,75.65,58.30,70.85,59.47
75.67,75.67,57.79,73.05,60.14
71.34,71.34,53.08,72.85,62.33
70.31,70.31,49.55,71.52,62.86
70.49,70.49,45.81,70.27,61.12
68.06,68.06,42.47,72.96,61.48
70.64,70.64,38.50,71.64,61.86
67.12,67.12,37.02,69.23,60.84
69.18,69.18,35.54,72.02,59.85
70.05,70.05,35.43,72.96,57.67
70.63,70.63,36.56,70.08,57.80
66.67,66.67,39.90,70.64,59.61
61.33,61.33,45.63,72.28,55.39
66.97,66.97,58.87,71.35,62.19
70.83,70.83,63.23,71.42,65.69
70.44,70.44,59.73,69.44,65.14
74.88,74.88,54.98,68.89,62.41
76.31,76.31,52.49,61.07,63.28
76.41,76.41,48.57,57.24,63.74
76.19,76.19,47.88,60.92,63.47
75.72,75.72,51.56,61.49,61.43
76.22,76.22,45.90,55.10,60.21
76.90,76.90,41.69,51.00,59.34
77.89,77.89,31.83,39.10,57.80
79.31,79.31,28.14,34.81,56.29
70.43,70.43,24.99,33.80,42.38
63.73,63.73,27.66,32.40,42.57
78.88,78.88,36.06,31.21,45.68
74.86,74.86,38.78,30.20,43.20
74.24,74.24,38.11,29.10,40.18
75.75,75.75,37.27,31.12,42.56
75.97,75.97,35.84,31.97,42.32
74.95,74.95,37.05,27.35,42.51
73.15,73.15,33.79,26.87,42.56
69.78,69.78,34.54,27.00,42.22
67.75,67.75,36.85,30.15,41.15
69.99,69.99,37.55,33.22,39.65
71.07,71.07,36.86,30.52,40.30
73.90,73.90,37.58,27.43,40.58
74.97,74.97,39.26,26.74,40.01
75.52,75.52,39.67,25.26,40.71
74.61,74.61,39.43,28.51,41.40
72.86,72.86,36.51,30.60,41.30
69.52,69.52,36.27,30.71,40.91
56.26,56.26,38.99,24.02,38.68
49.79,49.79,39.33,28.30,38.44
48.99,48.99,39.67,29.87,39.84
53.59,53.59,43.41,35.98,41.72
56.24,56.24,44.01,36.93,40.15
62.58,62.58,43.39,36.78,37.38
55.71,55.71,39.76,33.49,30.92
44.47,44.47,27.90,29.79,23.65
47.10,47.10,24.85,22.87,22.82
63.61,63.61,31.74,23.63,27.15
63.47,63.47,30.77,21.59,25.21
67.09,67.09,23.30,25.13,26.18
70.00,70.00,24.35,21.02,24.45
68.91,68.91,26.09,16.55,24.64
66.03,66.03,26.75,21.75,24.73
60.19,60.19,26.72,19.35,25.92
59.22,59.22,33.39,18.33,27.26
62.95,62.95,41.74,26.80,28.86
62.32,62.32,37.99,22.50,30.28
63.56,63.56,38.33,26.41,31.01
65.86,65.86,35.54,26.17,31.47
67.34,67.34,33.98,26.56,34.22
67.51,67.51,35.11,30.43,35.85
67.67,67.67,35.28,30.92,36.65
66.64,66.64,32.75,18.83,37.32
66.20,66.20,31.96,15.55,37.80
65.59,65.59,32.44,16.49,37.87
52.79,52.79,34.32,15.52,36.92
45.74,45.74,37.53,14.34,36.68
53.82,53.82,42.22,16.30,39.41
53.77,53.77,45.37,15.77,43.25
55.34,55.34,48.12,17.80,44.04
55.04,55.04,45.96,29.42,41.34
45.67,45.67,41.31,21.96,40.62
30.12,30.12,36.60,18.44,39.86
41.41,41.41,36.92,20.39,38.84
51.68,51.68,43.21,25.13,38.99
53.30,53.30,39.52,24.53,38.84
58.02,58.02,37.05,23.49,39.98
59.60,59.60,38.38,22.17,40.24
57.99,57.99,39.11,22.95,38.80
51.50,51.50,37.95,21.49,38.35
48.91,48.91,39.46,17.28,37.08
47.52,47.52,43.13,16.48,37.02
49.14,49.14,49.17,16.25,37.19
51.90,51.90,41.86,14.67,37.97
54.71,54.71,37.71,15.26,37.94
56.68,56.68,37.23,15.28,37.50
57.41,57.41,37.09,17.70,37.24
57.56,57.56,36.30,18.45,35.75
57.01,57.01,36.30,14.04,32.72
55.76,55.76,34.45,7.13,35.51
55.46,55.46,31.80,3.09,37.33
50.45,50.45,30.69,6.80,35.53
38.83,38.83,13.54,15.16,35.62
